model_id,target,date,SE,AE,CRPS,PB,RMSE,MAE,MAPE%,SMAPE%,WMAPE%,Bias_y_minus_pred,Coverage80,Coverage95
LagDrop_LGBM,P_Power,2022-01-01,25680.431175911468,129.74635965371917,82.00191958469145,42.98158561682342,160.25115031072778,129.74635965371917,7.050067371746809,7.4713697583772705,6.783768673727867,128.90544172572416,0.6666666666666666,0.9166666666666666
LagDrop_LGBM,P_Power,2022-01-02,9186.065292809208,84.09119611798978,49.94618177078497,26.022344841301376,95.84396325700021,84.09119611798978,4.511480014533612,4.659396385561881,4.2445112682115305,77.17363969856028,1.0,1.0
LagDrop_LGBM,P_Power,2022-01-03,10879.602930554596,82.16713599964363,70.93846995159868,37.167038614211016,104.30533510110878,82.16713599964363,4.334558301227559,4.21764350696438,4.0587387191406865,-27.28370549886202,0.7916666666666666,0.9583333333333334
LagDrop_LGBM,P_Power,2022-01-04,18673.393242734513,111.29297339615391,63.873446740331836,33.349672368049404,136.65062474330117,111.29297339615391,4.93595999343569,5.061672548393595,5.212358396672587,78.61643206101732,0.875,1.0
LagDrop_LGBM,P_Power,2022-01-05,5727.6243754965835,61.433880451512834,51.02811960267323,26.498421525237756,75.6810701265289,61.433880451512834,2.9659674761425228,3.0091980475759157,2.8795050569320346,26.35701110800045,1.0,1.0
LagDrop_LGBM,P_Power,2022-01-06,25905.161456102553,129.69418522093346,107.98398449952869,56.72013272269825,160.9508044593209,129.69418522093346,6.097765960606472,5.905383206738478,6.215872764003521,-59.498827445768285,0.7083333333333334,0.8333333333333334
LagDrop_LGBM,P_Power,2022-01-07,79557.94797809282,209.20387756324706,188.74429813528832,98.27642634461789,282.0601850281121,209.20387756324706,10.772110717770905,9.858626973290558,11.192161222086833,-209.20387756324706,0.5416666666666666,0.7083333333333334
LagDrop_LGBM,P_Power,2022-01-08,3983.7321727137546,49.484095573416994,50.27659441422403,26.138026223843337,63.11681370850207,49.484095573416994,2.5148402287253613,2.492759770046032,2.5190277283114924,-12.470189615996352,1.0,1.0
LagDrop_LGBM,P_Power,2022-01-09,51912.1594217323,187.41032385287443,104.25887255438211,54.88645312157583,227.84240040372708,187.41032385287443,8.075502352799617,8.55569284517378,8.829593236964202,183.23519383473376,0.625,1.0
LagDrop_LGBM,P_Power,2022-01-10,25624.3521618872,139.3828013015044,75.80011236180367,39.80881973144511,160.07608241672833,139.3828013015044,6.615491187975363,6.934111252368637,6.252592916808918,139.3828013015044,0.8333333333333334,1.0
LagDrop_LGBM,P_Power,2022-01-11,6626.039777200363,73.66609659200455,43.11234692646363,22.370043851617922,81.40049003046826,73.66609659200455,3.19861673094065,3.2606559126285766,3.0850064007539992,62.182932579292896,1.0,1.0
LagDrop_LGBM,P_Power,2022-01-12,5320.325515512984,51.21021530305799,46.35917309618876,24.00926777290412,72.94056152452477,51.21021530305799,2.208232087441646,2.261295387630151,2.024429247683509,49.20182153190013,0.9583333333333334,1.0
LagDrop_LGBM,P_Power,2022-01-13,49666.70102809146,205.93863056587307,104.37401373999076,54.97628334721244,222.86027243116138,205.93863056587307,7.667070858663211,8.006365460401986,7.907980149888327,205.93863056587307,0.7083333333333334,0.9583333333333334
LagDrop_LGBM,P_Power,2022-01-14,46362.032211738966,173.1971466295879,122.26744158260283,64.04976957164867,215.31844373332018,173.1971466295879,7.563431163592367,8.039561533528367,7.343591573717787,139.17137796126593,0.5833333333333334,0.7916666666666666
LagDrop_LGBM,P_Power,2022-01-15,39821.76962852924,153.46575266213696,102.97256263243224,53.56414904239034,199.55392661766703,153.46575266213696,7.613987065110868,7.350461529877444,7.314399395741894,-1.609736118131508,0.875,0.875
LagDrop_LGBM,P_Power,2022-01-16,8214.86171909629,79.7441223783892,59.512071298702175,31.081233865192996,90.63587434948863,79.7441223783892,3.8090103345533346,3.791591450772146,3.7705413846065086,-9.307748482132325,1.0,1.0
LagDrop_LGBM,P_Power,2022-01-17,16655.31191898864,95.26792135083564,54.73156846324424,28.56685889372749,129.05546063219734,95.26792135083564,3.7652546409847907,3.886442460763436,4.103722651339032,83.23756840026294,0.9583333333333334,1.0
LagDrop_LGBM,P_Power,2022-01-18,18629.855926222768,114.78145208134872,96.99737807050649,50.970659368972065,136.49123021726624,114.78145208134872,4.993301243522849,4.909083913747182,4.908835174893696,-52.91296789289432,0.75,0.9583333333333334
LagDrop_LGBM,P_Power,2022-01-19,19233.19999528472,121.11796238061423,97.98531766741037,51.43086903221473,138.68381302547434,121.11796238061423,5.301782644043942,5.200925062796463,5.263309499738795,-63.12686073100351,0.5833333333333334,0.9583333333333334
LagDrop_LGBM,P_Power,2022-01-20,27359.421438294885,153.17076020020812,133.18042948835702,70.12225136501444,165.40683612926912,153.17076020020812,6.8905557275701845,6.633510913513392,6.909192861703297,-147.0036251348327,0.4583333333333333,0.875
LagDrop_LGBM,P_Power,2022-01-21,23159.433416269934,138.4205292742581,118.81472810817452,62.552010529019185,152.18223751893626,138.4205292742581,6.184649752612025,5.973783677070647,6.223385004687441,-126.86460208561743,0.4583333333333333,0.9583333333333334
LagDrop_LGBM,P_Power,2022-01-22,9606.939772732432,76.45052166243488,72.71515316370646,38.11047936287133,98.01499769286552,76.45052166243488,3.4799802391291657,3.4015418749188315,3.6026093015690854,-58.19077529908261,0.9166666666666666,1.0
LagDrop_LGBM,P_Power,2022-01-23,6718.950222721585,70.26619960549577,62.90318129213282,32.87742789356554,81.96920289182752,70.26619960549577,3.275363542829779,3.2343357693938217,3.275813501421714,-38.86723735447966,0.9583333333333334,1.0
LagDrop_LGBM,P_Power,2022-01-24,6348.984816150859,57.98802884171886,49.87675421021667,25.947428451648964,79.680517167943,57.98802884171886,2.3756975591019023,2.3855045206089813,2.457093837638112,12.049562564237041,1.0,1.0
LagDrop_LGBM,P_Power,2022-01-25,35840.54659789049,177.77172230088465,93.52294972864478,49.26088009434883,189.31599667722347,177.77172230088465,7.1639886115973255,7.477040261720785,6.983284288091945,177.77172230088465,0.625,1.0
LagDrop_LGBM,P_Power,2022-01-26,50804.975625427185,192.57405493141655,119.75151491880193,62.55487862662502,225.39959100545676,192.57405493141655,8.064517830185208,8.575136921089289,7.761092782195305,183.81490560408133,0.6666666666666666,0.7916666666666666
LagDrop_LGBM,P_Power,2022-01-27,8607.25734098677,74.72885893973452,49.42943547093148,25.69014678131964,92.7753056636666,74.72885893973452,3.2693531157864575,3.354138140179347,3.144095377807747,61.45659327118506,1.0,1.0
LagDrop_LGBM,P_Power,2022-01-28,14100.239969299766,93.68428626721631,63.74839718788854,33.36722758871641,118.74443131911393,93.68428626721631,4.430741467238334,4.597970317969929,4.075998858668827,73.19180345158237,0.8333333333333334,1.0
LagDrop_LGBM,P_Power,2022-01-29,10294.76717783352,83.33651105196867,69.98346968159991,36.67425728960645,101.46313211129213,83.33651105196867,3.9526069179586094,3.9252417102883173,3.8958224064497715,-27.96377789766247,1.0,1.0
LagDrop_LGBM,P_Power,2022-01-30,10349.123245636423,72.73257603888442,56.996544036217394,29.688523402978465,101.730640643006,72.73257603888442,3.612025967371219,3.7544483045271027,3.386303379419352,70.40326328459781,0.875,1.0
LagDrop_LGBM,P_Power,2022-01-31,5561.562720954207,60.2791237462524,48.38965263398134,25.12889143903421,74.57588565316678,60.2791237462524,2.882549501365765,2.941199691423865,2.711230371180498,38.96444336270906,1.0,1.0
LagDrop_LGBM,P_Power,2022-02-01,25727.934062400975,145.87537606105153,77.55654082593178,40.74088419030986,160.39929570419247,145.87537606105153,6.526839242038407,6.821238232471923,6.163205748552481,144.60037267273225,0.75,1.0
LagDrop_LGBM,P_Power,2022-02-02,13998.132073698791,104.91590761353639,54.937201046429976,28.623550830817553,118.31370196937796,104.91590761353639,4.61641958401231,4.763074055672476,4.457015128339021,104.91590761353639,0.9583333333333334,1.0
LagDrop_LGBM,P_Power,2022-02-03,15087.266172098834,98.06152235438833,69.49935219137883,36.41119887047551,122.83023313540862,98.06152235438833,4.419189557004843,4.559426671112027,4.171122353265453,42.5170161770383,0.8333333333333334,1.0
LagDrop_LGBM,P_Power,2022-02-04,12994.483902410722,97.71873197585084,75.55009134864484,39.664110834944864,113.99335025522639,97.71873197585084,4.328490575760927,4.366914574405756,4.153670457564313,-8.928995462107537,0.9583333333333334,1.0
LagDrop_LGBM,P_Power,2022-02-05,19272.033951335732,126.32690453363095,65.5588661735837,34.31238682459022,138.8237513948378,126.32690453363095,5.882625411204464,6.101620619959335,5.706241064831134,113.35935926867562,0.8333333333333334,1.0
LagDrop_LGBM,P_Power,2022-02-06,11867.442111068764,84.32148759411865,59.15941243542582,30.879252009641558,108.9377900963149,84.32148759411865,4.154722020410005,4.311865830840986,3.9315069894274375,78.45852696848421,0.875,1.0
LagDrop_LGBM,P_Power,2022-02-07,12495.746972233954,97.72542539795468,80.55592859988171,42.264988185057646,111.78437713846222,97.72542539795468,4.619863093130533,4.5863233774493,4.520767238652666,-16.730042209414183,0.7916666666666666,1.0
LagDrop_LGBM,P_Power,2022-02-08,42279.90982657066,161.68847993923998,150.61695086212268,78.92500033957776,205.6207913285295,161.68847993923998,7.556867152352729,7.120356820870834,7.715893627574951,-161.68847993923998,0.5833333333333334,0.7083333333333334
LagDrop_LGBM,P_Power,2022-02-09,89685.5752606748,250.79545861694123,222.74949272557055,116.27274108948457,299.47550026784296,250.79545861694123,12.085759966441021,11.15847609347836,12.359707443036326,-250.79545861694123,0.25,0.5416666666666666
LagDrop_LGBM,P_Power,2022-02-10,33361.25272688925,145.86921514640463,132.20832724617284,69.48676956621775,182.6506302395074,145.86921514640463,6.901398299410001,6.554494898367672,6.936285410465095,-145.73154327444408,0.625,0.875
LagDrop_LGBM,P_Power,2022-02-11,17483.184773377758,122.99470573384353,107.5870596571729,56.61570703456807,132.22399469603752,122.99470573384353,6.068163594653533,5.8745544742943165,5.964211046817121,-105.50109723636452,0.6666666666666666,1.0
LagDrop_LGBM,P_Power,2022-02-12,65776.31282200693,234.82732831170256,204.51123746532303,107.53118372457341,256.4689314946489,234.82732831170256,11.872089971282822,11.107524254650688,11.924633120861364,-234.82732831170256,0.08333333333333333,0.5416666666666666
LagDrop_LGBM,P_Power,2022-02-13,9583.496747494444,78.23333274565435,76.52002743630995,40.09800507166136,97.89533567792924,78.23333274565435,3.7544779507014425,3.64950190192418,3.8029729175820752,-74.238885404724,0.9166666666666666,1.0
LagDrop_LGBM,P_Power,2022-02-14,4823.931526536996,50.14815657834574,54.17847369366703,28.214406497088948,69.45452848113646,50.14815657834574,2.259053717589435,2.253141124475445,2.229021605562569,-3.769917477007141,0.9166666666666666,1.0
LagDrop_LGBM,P_Power,2022-02-15,7065.581363532913,61.87699592792962,56.36634542017665,29.395530452494,84.05701257796945,61.87699592792962,2.6599103287724817,2.6290637877577026,2.699679688829342,-11.540977759566195,0.9583333333333334,0.9583333333333334
LagDrop_LGBM,P_Power,2022-02-16,13948.692229639832,87.4631417534592,54.218149978580975,28.28695738556114,118.1045817470255,87.4631417534592,3.6922478890548107,3.791159259383136,3.8415997344208197,67.10862725163821,1.0,1.0
LagDrop_LGBM,P_Power,2022-02-17,8769.777823674698,68.9054434364236,57.87948167653769,30.225341499223088,93.64709191253458,68.9054434364236,3.011794650181488,3.0244989594024863,3.1364316661909406,-2.8705174542494376,1.0,1.0
LagDrop_LGBM,P_Power,2022-02-18,12037.103526574152,80.76662466702132,53.368826362283215,27.792134989371593,109.71373444821825,80.76662466702132,3.537414696134642,3.615391916811624,3.589428350292598,52.71106753865366,0.9583333333333334,1.0
LagDrop_LGBM,P_Power,2022-02-19,17734.090479277707,113.56340700590941,90.3523679279998,47.41068520278978,133.16940519232526,113.56340700590941,5.289843075292236,5.2189519227374515,5.380059037344924,-25.897650810593955,0.7916666666666666,1.0
LagDrop_LGBM,P_Power,2022-02-20,30044.52173672568,164.5990214887894,138.892944619065,73.16435647925044,173.3335562916935,164.5990214887894,8.500620297792956,8.121212920845473,8.481753120195267,-164.5990214887894,0.25,0.9166666666666666
LagDrop_LGBM,P_Power,2022-02-21,7401.874748900639,68.77949014627842,53.64380959285452,27.877640705517496,86.03414873700233,68.77949014627842,3.3922857908360213,3.398077582904915,3.2833635939816532,5.810956423086395,0.9583333333333334,1.0
LagDrop_LGBM,P_Power,2022-02-22,5968.398329686018,63.53455005533812,49.14119213078004,25.573642182638874,77.25540971146305,63.53455005533812,3.121966417293474,3.1723519772212003,3.0274911127288298,25.995957382329465,1.0,1.0
LagDrop_LGBM,P_Power,2022-02-23,17837.65909577149,108.42521688708545,93.00697587056517,48.921044680528006,133.55769950014673,108.42521688708545,5.264832124340319,5.071525438333143,5.314049887866566,-97.01592554044089,0.75,1.0
LagDrop_LGBM,P_Power,2022-02-24,47613.99085543441,146.4030278026503,141.2760059769008,73.33222003650725,218.206303427363,146.4030278026503,7.531178034276163,6.9399107787917895,7.064632464675773,-119.55681932113441,0.75,0.75
LagDrop_LGBM,P_Power,2022-02-25,127350.52973893918,298.3047671497956,278.337517619867,143.97478766116194,356.86205981995226,298.3047671497956,18.102679651597985,16.013921724070435,16.853733745759907,-289.4663304868601,0.25,0.4166666666666667
LagDrop_LGBM,P_Power,2022-02-26,138325.40036632644,353.18024288368724,321.3496119049262,166.63877514280588,371.92122871157335,353.18024288368724,22.279939708931394,19.831168751804736,21.786960273505013,-353.18024288368724,0.041666666666666664,0.2916666666666667
LagDrop_LGBM,P_Power,2022-02-27,68842.53841646458,242.15518440836016,222.25961571425364,116.05126148067158,262.37861653813286,242.15518440836016,15.440439409805439,14.140816380610524,14.615506011202678,-242.15518440836016,0.20833333333333334,0.4166666666666667
LagDrop_LGBM,P_Power,2022-02-28,128403.7550776541,314.40275982929785,294.67828342100466,152.53570325653587,358.3346970049846,314.40275982929785,19.20360572526901,17.102090059542068,18.0654902651362,-310.98763358239063,0.16666666666666666,0.3333333333333333
SFS_LGBM,P_Power,2022-01-01,14551.043766987512,108.38903282216684,83.5311350461347,43.91805553945616,120.62770729391947,108.38903282216684,5.714982831153054,5.723009753789582,5.667104089834093,-17.164547435494285,0.875,1.0
SFS_LGBM,P_Power,2022-01-02,7698.866098857849,70.42464110062467,78.427911932171,41.13441871168396,87.74318263465173,70.42464110062467,3.4998887842065454,3.454604465711069,3.5546905801165813,-40.50128340240943,0.875,1.0
SFS_LGBM,P_Power,2022-01-03,8477.762051132466,74.55492572503363,66.25721643744085,34.60925343633309,92.07476337809653,74.55492572503363,3.7907522802396953,3.745912702818124,3.68272497345124,-17.581307067487483,1.0,1.0
SFS_LGBM,P_Power,2022-01-04,13069.482476191451,95.07843562296644,53.60036261791881,27.904623550116494,114.32183726738934,95.07843562296644,4.2658070402404915,4.3833279358498265,4.452957515096722,84.2054201979439,1.0,1.0
SFS_LGBM,P_Power,2022-01-05,31830.035861852957,158.62831460204924,69.31974788659757,36.33235212518645,178.40974149931657,158.62831460204924,7.597832592170228,7.984065253638035,7.435164940129682,158.62831460204924,0.9583333333333334,1.0
SFS_LGBM,P_Power,2022-01-06,16154.793727535385,111.66055890560341,86.6123517932668,45.572823704967355,127.10150954074221,111.66055890560341,5.434043980808276,5.4637919284699406,5.351572437364171,8.70565334908205,0.75,0.9583333333333334
SFS_LGBM,P_Power,2022-01-07,163420.61606054346,352.3139444764251,349.7852624152465,180.79102237060158,404.25315838041814,352.3139444764251,18.275500999352868,16.40162420071023,18.84838136509871,-352.3139444764251,0.0,0.375
SFS_LGBM,P_Power,2022-01-08,8778.474438914413,77.57592942873019,91.72695425168347,48.167138470578145,93.69351332357226,77.57592942873019,3.9120540961660573,3.849309995811562,3.9490651494393467,-45.23122224164667,0.7083333333333334,1.0
SFS_LGBM,P_Power,2022-01-09,19978.900836358447,121.99032874266238,58.38163018103918,30.437651696621085,141.3467397443551,121.99032874266238,5.395804480300869,5.568060378931867,5.74741540112189,107.89986275464237,1.0,1.0
SFS_LGBM,P_Power,2022-01-10,11953.532847637083,87.1872543947016,86.41814753690944,45.38323721890492,109.33221322024485,87.1872543947016,3.9377675620656665,3.8838181143602886,3.9111454510452894,-42.76205940474885,0.7083333333333334,1.0
SFS_LGBM,P_Power,2022-01-11,5029.074486313842,54.49841324378236,57.07035840697589,29.804090104727724,70.91596778098598,54.49841324378236,2.3298680853977345,2.3235768293875236,2.282297576036533,1.2711711655044553,0.9583333333333334,1.0
SFS_LGBM,P_Power,2022-01-12,2187.0600650712554,38.89956674753924,71.64665574795522,37.525065537277236,46.76601399596993,38.89956674753924,1.5589470317269283,1.5461014763668992,1.5377678101898706,-27.15780782535443,0.9166666666666666,1.0
SFS_LGBM,P_Power,2022-01-13,36571.17968846688,158.6819907233843,74.2908487933499,38.87431755788829,191.2359267723167,158.6819907233843,5.796126286218017,6.045810769562308,6.093339697060381,156.145957347031,0.9583333333333334,1.0
SFS_LGBM,P_Power,2022-01-14,89316.70757094985,272.6743956139589,149.56886917402696,78.6372766802426,298.85900951945524,272.6743956139589,11.708860611042573,12.625436284384891,11.561445629827597,272.6743956139589,0.375,0.7916666666666666
SFS_LGBM,P_Power,2022-01-15,63125.72851941662,216.42917052702964,117.0731003276032,61.28063933177373,251.2483403316659,216.42917052702964,10.146736646496029,10.485566219824168,10.315326818283639,125.04190197127879,0.625,0.7916666666666666
SFS_LGBM,P_Power,2022-01-16,53469.68449632676,184.67845716278214,109.2255340139451,57.47372535905638,231.23512816249774,184.67845716278214,9.217307744338886,9.991964581323103,8.732151596996685,178.47997519887588,0.5833333333333334,0.875
SFS_LGBM,P_Power,2022-01-17,49882.52753147704,208.7748420663673,91.48242220871539,48.08264377786448,223.3439668571261,208.7748420663673,8.959568863260452,9.42202490374799,8.993101101286552,208.7748420663673,0.7083333333333334,0.9583333333333334
SFS_LGBM,P_Power,2022-01-18,19118.26240752007,113.3995541110495,65.77449524745793,34.454020447468665,138.26880489654948,113.3995541110495,5.274664632417009,5.494284487162481,4.8497358235463075,90.69745543213544,0.875,1.0
SFS_LGBM,P_Power,2022-01-19,10702.266499511332,74.6981781355392,79.92678145143496,41.92296000986775,103.45175928669039,74.6981781355392,3.1656723878423434,3.1542318790295134,3.2460885476132493,-17.088978558037297,0.8333333333333334,1.0
SFS_LGBM,P_Power,2022-01-20,6964.466226331696,69.87261297926169,90.2540795995895,47.42269736681286,83.45337756095732,69.87261297926169,3.324466492187888,3.2805740465010254,3.1517984123984,-28.547615378161158,0.6666666666666666,1.0
SFS_LGBM,P_Power,2022-01-21,5345.621225806404,57.60850101328507,78.80066802210493,41.33313850637173,73.11375538027303,57.60850101328507,2.4988434489807645,2.4653275341828556,2.5900773767325362,-30.251339074155663,0.875,1.0
SFS_LGBM,P_Power,2022-01-22,9530.636499179045,78.79802774218065,67.07292906860847,35.126808059881995,97.62497886903252,78.79802774218065,3.8640959951176397,3.9698575050726097,3.713231793796469,50.7106480850343,0.9166666666666666,1.0
SFS_LGBM,P_Power,2022-01-23,3969.3437032371967,54.68819706136778,49.491991216588474,25.700382292809664,63.00272774441752,54.68819706136778,2.585664178149492,2.61672230845332,2.5495662965672623,30.96071644629499,1.0,1.0
SFS_LGBM,P_Power,2022-01-24,7440.428185265201,71.05052666808434,80.68061194476924,42.32948341117969,86.25791665270616,71.05052666808434,2.9629879666912484,2.922223397078201,3.0105836450073347,-43.82839487523569,0.75,0.9166666666666666
SFS_LGBM,P_Power,2022-01-25,13398.532242550646,97.5709566871235,67.586849236045,35.334288606904,115.75202910770354,97.5709566871235,3.9181715543459577,4.024799026367176,3.8328127780303256,86.71024410685008,0.9166666666666666,1.0
SFS_LGBM,P_Power,2022-01-26,33997.8129087447,145.97447967179968,89.42076933411018,47.00095393387926,184.3849584666404,145.97447967179968,6.156185564214544,6.4989295542242465,5.883043180292376,143.63403881376018,0.8333333333333334,0.9166666666666666
SFS_LGBM,P_Power,2022-01-27,14350.221432624856,99.29481281435181,54.611978688843486,28.42068975310671,119.79240974546282,99.29481281435181,4.233941784958914,4.355484629323617,4.177667991179393,77.24741272396169,0.9583333333333334,1.0
SFS_LGBM,P_Power,2022-01-28,30632.89847268102,157.15838873240367,74.7581227240713,39.19276387864026,175.0225656099265,157.15838873240367,7.2073176673193196,7.5765435764282,6.837618544441764,157.15838873240367,0.8333333333333334,0.9583333333333334
SFS_LGBM,P_Power,2022-01-29,16338.429371873965,102.55997833122262,62.25827517780232,32.52114047022403,127.82186578153976,102.55997833122262,5.0258965053055125,5.2364908430948365,4.794482712848601,92.72297096418895,0.9166666666666666,1.0
SFS_LGBM,P_Power,2022-01-30,29830.062570279868,156.89743838795857,72.47081855548123,38.047413551108015,172.7138169640167,156.89743838795857,7.515339289060208,7.897047730903727,7.304874304896585,156.89743838795857,0.8333333333333334,1.0
SFS_LGBM,P_Power,2022-01-31,27832.84244507713,145.23035892816716,88.81176665385597,46.658850812245056,166.83177888243333,145.23035892816716,7.018093910959202,7.332322990325073,6.532161310124742,91.62796639935208,0.8333333333333334,0.9166666666666666
SFS_LGBM,P_Power,2022-02-01,21425.383330078228,128.1229270506092,56.938762974909,29.66051741203962,146.37412110779087,128.1229270506092,5.7826428049242,6.031136268409395,5.413168293661863,128.1229270506092,1.0,1.0
SFS_LGBM,P_Power,2022-02-02,13805.056079838896,98.1370666750593,44.82386084754868,23.19061281736565,117.49491937883482,98.1370666750593,4.278449529648291,4.417189991724749,4.169037858708099,91.35776018415247,1.0,1.0
SFS_LGBM,P_Power,2022-02-03,9346.42878106706,73.41258933685424,48.679128525698616,25.306809466002125,96.67692993194943,73.41258933685424,3.2364502512254743,3.3315464684922773,3.1226610095590313,66.20121763945532,1.0,1.0
SFS_LGBM,P_Power,2022-02-04,15274.828719733612,100.23848943141417,119.64667851393877,63.04911890446831,123.5913780153519,100.23848943141417,4.176294093274055,4.053992358524762,4.260776248764994,-92.01650613055642,0.4166666666666667,0.9583333333333334
SFS_LGBM,P_Power,2022-02-05,16334.816343668552,96.60045825941411,63.06236339254142,32.96135115907533,127.80773194008472,96.60045825941411,4.3552758994617555,4.509776926214695,4.3634845944841985,60.32938167140778,0.7916666666666666,1.0
SFS_LGBM,P_Power,2022-02-06,36612.270821453734,179.505532547475,85.71491325527181,44.92410790287668,191.34333231511815,179.505532547475,8.634615416675787,9.102773096437208,8.369482986926291,179.505532547475,0.875,0.9583333333333334
SFS_LGBM,P_Power,2022-02-07,15322.914502660778,100.6037551219344,77.84603087109019,40.84921469031124,123.7857605003935,100.6037551219344,5.04393221342865,5.2386386028366205,4.653918449458037,63.97559717497084,0.875,0.9583333333333334
SFS_LGBM,P_Power,2022-02-08,21863.011557649195,117.62362028622641,119.88959146529392,62.46845774574948,147.8614606909089,117.62362028622641,5.7070608663513775,5.539870183607026,5.613085994499059,-64.70276909987183,0.6666666666666666,0.8333333333333334
SFS_LGBM,P_Power,2022-02-09,34811.40119912671,139.68270161581128,148.62847819442294,77.76697445960508,186.57813698053346,139.68270161581128,6.713493890417377,6.362486583824673,6.883846048669018,-120.16500622705543,0.5416666666666666,0.75
SFS_LGBM,P_Power,2022-02-10,10567.326206527689,82.13540575786004,73.28741777316249,38.41616171169178,102.79750097413695,82.13540575786004,3.87429749164337,3.8307983166443016,3.905653540872689,-22.005158003644038,0.8333333333333334,1.0
SFS_LGBM,P_Power,2022-02-11,8352.35178020067,76.72801742764078,81.96774931622105,43.01082424641235,91.39120187523889,76.72801742764078,3.5873041433052615,3.5623196534329598,3.720664937664803,-23.055910029421984,0.8333333333333334,1.0
SFS_LGBM,P_Power,2022-02-12,9829.481002291734,82.99017623822365,86.05950046967466,44.910008296204275,99.14373909779545,82.99017623822365,4.155136570144476,4.1142435776590665,4.21427698126703,-29.639915564201573,0.9166666666666666,0.9166666666666666
SFS_LGBM,P_Power,2022-02-13,9643.42513149688,85.0415354936328,62.07811171806862,32.41634544327102,98.20094262020544,85.0415354936328,4.179028533839605,4.278205541484023,4.1339240577072935,58.41589757059683,0.9166666666666666,1.0
SFS_LGBM,P_Power,2022-02-14,19218.74731587816,123.14671773984321,65.57485733619488,34.26591468659394,138.63169664935273,123.14671773984321,5.561217835145857,5.760724513489107,5.473714553542632,117.73149036741336,0.9583333333333334,1.0
SFS_LGBM,P_Power,2022-02-15,15939.244849236626,99.3627985826222,54.48805816829829,28.310880222243256,126.25072217312908,99.3627985826222,4.14133135389034,4.277226583135829,4.335176993259077,96.39066719255106,0.9583333333333334,1.0
SFS_LGBM,P_Power,2022-02-16,30015.934982731527,156.49589499519618,65.79966162962846,34.40671107089665,173.25107498290313,156.49589499519618,6.817313176281295,7.1038204961380735,6.873690752455924,156.49589499519618,0.9583333333333334,1.0
SFS_LGBM,P_Power,2022-02-17,23776.37899115995,132.21393950890152,59.92261368987516,31.281611667575532,154.1959110714676,132.21393950890152,5.946221054883908,6.183128104125895,6.018101994658542,131.9646745571275,0.9583333333333334,0.9583333333333334
SFS_LGBM,P_Power,2022-02-18,45629.581399671304,196.8565992850457,89.8514243636962,47.19518189081259,213.61081760920092,196.8565992850457,8.752901520014317,9.226017260327527,8.748696151771375,196.8565992850457,0.75,0.9583333333333334
SFS_LGBM,P_Power,2022-02-19,68111.42009822458,226.30387234399745,132.0591706174164,69.37799017099562,260.9816470524787,226.30387234399745,10.647800322143764,11.479675846703822,10.721131266580613,222.0579717215547,0.4583333333333333,0.75
SFS_LGBM,P_Power,2022-02-20,24737.71082353718,118.84785423523287,85.2268778700385,44.697990700710626,157.28226480928222,118.84785423523287,6.549002949025773,6.958923889852519,6.124205049158537,87.85588305542414,0.7083333333333334,1.0
SFS_LGBM,P_Power,2022-02-21,38075.32105449713,178.2601240690727,73.68536318686334,38.62550614108322,195.128985685103,178.2601240690727,8.528233706710518,8.98553734984328,8.509699626767523,173.66886424335175,0.875,1.0
SFS_LGBM,P_Power,2022-02-22,43091.307590689124,181.1543538467406,86.25096373734199,45.19627263727938,207.5844589334402,181.1543538467406,9.027416503068336,9.659600179127507,8.632203987050367,180.5546218548353,0.7916666666666666,0.875
SFS_LGBM,P_Power,2022-02-23,20362.44256674851,114.60472442249274,95.98960576422002,50.35104783411774,142.69703068651606,114.60472442249274,5.762409856563278,5.717996634954114,5.61691496177091,-21.30375271970318,0.7083333333333334,0.9166666666666666
SFS_LGBM,P_Power,2022-02-24,34207.5770537394,136.51906312911532,141.51192061579482,73.81159321515536,184.95290496161286,136.51906312911532,6.994042359249049,6.69753620148827,6.587684830734151,-53.39879378874368,0.625,0.75
SFS_LGBM,P_Power,2022-02-25,118958.22296187117,288.42506740833807,297.2984380801912,153.5777304236794,344.9032081060876,288.42506740833807,17.23961550176976,15.349994631917202,16.295546793129123,-280.67091593646023,0.20833333333333334,0.5
SFS_LGBM,P_Power,2022-02-26,78829.76131935559,258.8140046499896,261.7809987388977,136.222077640692,280.7663821032632,258.8140046499896,16.163245759000603,14.77346744661511,15.965701794347202,-258.8140046499896,0.16666666666666666,0.4166666666666667
SFS_LGBM,P_Power,2022-02-27,114982.95621251862,312.4779881638603,314.89608183654553,163.03068380656345,339.0913685314308,312.4779881638603,19.69524980828751,17.645702711197426,18.859905583007404,-312.4779881638603,0.20833333333333334,0.25
SFS_LGBM,P_Power,2022-02-28,191274.67107794355,391.84523342924973,393.4850484190497,202.57219416800797,437.3495982368608,391.84523342924973,23.445674662116147,20.499445056619802,22.515312059600063,-391.84523342924973,0.16666666666666666,0.25
SFS_LGBM_1,P_Power,2022-01-01,32170.53319590511,162.06462412969017,126.4225428292577,66.62689952363193,179.36145961690073,162.06462412969017,8.460229503703454,8.360479007816963,8.473524214665387,-56.82992493100533,0.5416666666666666,0.9166666666666666
SFS_LGBM_1,P_Power,2022-01-02,13682.261292321464,91.8380311306715,90.80842432417973,47.78904124558779,116.97119855896777,91.8380311306715,4.403564271117096,4.2759285286725595,4.635533515750578,-71.84178221446608,0.7916666666666666,1.0
SFS_LGBM_1,P_Power,2022-01-03,15699.051087669568,100.85409202588498,86.4611168509691,45.32083502529033,125.29585423177244,100.85409202588498,5.3192127901279225,5.133780184613675,4.98180207097656,-59.93199525766581,0.7083333333333334,0.9583333333333334
SFS_LGBM_1,P_Power,2022-01-04,9980.890847695744,76.22162633643563,61.64883375584535,32.133668279249804,99.90440854985201,76.22162633643563,3.4676757734147974,3.5321306480900065,3.5698069870823534,51.63357867480041,0.9166666666666666,1.0
SFS_LGBM_1,P_Power,2022-01-05,24504.259238433206,126.93565584580818,72.09775916908544,37.78292934007341,156.53836347181226,126.93565584580818,6.417787722612224,6.770883847514282,5.9496789105072425,121.3270512625512,0.875,1.0
SFS_LGBM_1,P_Power,2022-01-06,15319.942910876469,112.4579945434308,86.14556927807352,45.218128380346,123.77375695548903,112.4579945434308,5.581075211519724,5.648493685805774,5.389791255376506,8.576936736429596,0.8333333333333334,1.0
SFS_LGBM_1,P_Power,2022-01-07,132574.099484465,313.2599240750394,299.24653729514733,155.21374510469914,364.1072637073655,313.2599240750394,16.267796581054213,14.726741618548022,16.759037239195344,-313.2599240750394,0.16666666666666666,0.375
SFS_LGBM_1,P_Power,2022-01-08,2082.179017340115,37.60303122002727,50.91025952211157,26.499128557951085,45.63089980857396,37.60303122002727,1.8446695948697227,1.8429611949620661,1.914212581116607,0.11100900712135815,1.0,1.0
SFS_LGBM_1,P_Power,2022-01-09,10237.661251936022,79.49122601199586,56.1062806763188,29.214749513763035,101.1813285736851,79.49122601199586,3.5201976672259114,3.6072518089462333,3.7451255467895956,67.21908855096876,0.9583333333333334,1.0
SFS_LGBM_1,P_Power,2022-01-10,13395.833191832571,83.62584102018116,90.50842390838856,47.56255221568298,115.74036975849252,83.62584102018116,3.7109778182773954,3.5926280691260826,3.7513835017127737,-79.12235320392949,0.8333333333333334,1.0
SFS_LGBM_1,P_Power,2022-01-11,2718.6638371023746,40.904755588698144,58.438634017312275,30.490467967662443,52.14080779104189,40.904755588698144,1.7253539642754656,1.709628673806977,1.7130191316001944,-21.829693782418236,1.0,1.0
SFS_LGBM_1,P_Power,2022-01-12,1894.0787746032363,33.14610124716322,61.664566138193436,32.18006415151526,43.52101532137361,33.14610124716322,1.3112220595018242,1.312938122695026,1.3103232707445598,-2.561016001217278,0.9583333333333334,1.0
SFS_LGBM_1,P_Power,2022-01-13,46494.57018657387,174.15376132751354,94.1607351616308,49.488900675494925,215.62599608250827,174.15376132751354,6.304920836929057,6.621907276526323,6.6874509353690375,171.34575739880788,0.7083333333333334,0.9583333333333334
SFS_LGBM_1,P_Power,2022-01-14,85171.52985212787,271.33269888227375,150.41534864110326,78.9081654495334,291.84161775204007,271.33269888227375,11.81659941569225,12.736602247485981,11.50455743619956,271.33269888227375,0.4583333333333333,0.7916666666666666
SFS_LGBM_1,P_Power,2022-01-15,72349.20743523346,239.05456425409122,125.21361153103851,65.68525392377244,268.9780798415244,239.05456425409122,11.147860487171712,11.725899095271252,11.393685757231921,173.7206181613706,0.5833333333333334,0.8333333333333334
SFS_LGBM_1,P_Power,2022-01-16,48526.62613923912,188.79140454150968,95.1115804796611,50.019682953939515,220.28759869597542,188.79140454150968,9.342512612156193,10.039122099655895,8.926624090287346,186.20425640381802,0.6666666666666666,1.0
SFS_LGBM_1,P_Power,2022-01-17,33094.91821119847,154.8323938607656,79.45246405886273,41.68662949853103,181.92008743181296,154.8323938607656,6.313070012866687,6.585954631983459,6.669497904835907,153.96496286821974,0.8333333333333334,1.0
SFS_LGBM_1,P_Power,2022-01-18,16169.284992360132,105.20733010428962,65.93850942320906,34.58898485402913,127.15850342136042,105.20733010428962,4.843922299905422,5.0129070035923124,4.49938063430815,72.86904832796054,0.9583333333333334,1.0
SFS_LGBM_1,P_Power,2022-01-19,11436.158707356777,79.30955205816855,86.0410624827976,45.12656514191266,106.93997712435129,79.30955205816855,3.324441431813934,3.274321973796361,3.4464806917408954,-34.010555653566335,0.8333333333333334,0.9583333333333334
SFS_LGBM_1,P_Power,2022-01-20,5702.080536647307,59.24724090471884,73.88200568631186,38.70419870507363,75.51212178615634,59.24724090471884,2.7330769900013085,2.752752964672242,2.6725114728126997,11.087380352088132,0.8333333333333334,0.9583333333333334
SFS_LGBM_1,P_Power,2022-01-21,6346.547553058544,69.2953533051103,68.45451043911261,35.829828642143106,79.66522172854691,69.2953533051103,3.214276308972964,3.2532650260935805,3.1155180876319704,16.92446385380323,0.9166666666666666,1.0
SFS_LGBM_1,P_Power,2022-01-22,14705.413362946092,95.32070749380291,71.04822086983626,37.16350455734251,121.26587880746213,95.32070749380291,4.740006948378394,4.931409022245183,4.49183681133803,75.22001003908254,0.875,1.0
SFS_LGBM_1,P_Power,2022-01-23,3583.017435836247,46.780214159326114,55.69146358227484,29.019238100244213,59.858311334652996,46.780214159326114,2.1997204731973725,2.2045536910072663,2.1808957650035485,6.708496011922061,0.9583333333333334,1.0
SFS_LGBM_1,P_Power,2022-01-24,7696.411590007904,65.4448108136557,78.82281774148753,41.301843928646655,87.72919462760332,65.4448108136557,2.831197223232565,2.770856614695065,2.77305582837706,-52.31842561477615,0.75,1.0
SFS_LGBM_1,P_Power,2022-01-25,12094.693226886671,90.22740949157526,65.26450920851732,34.15037287748775,109.9758756586492,90.22740949157526,3.5771441780881883,3.672010937457056,3.5443412647559196,83.11159552997405,0.875,1.0
SFS_LGBM_1,P_Power,2022-01-26,35805.05422288333,144.70634397513766,96.5399989045547,50.54462576609433,189.22223501185934,144.70634397513766,6.164258820806997,6.5322286669531895,5.831934951794446,135.2900002509898,0.7916666666666666,0.9166666666666666
SFS_LGBM_1,P_Power,2022-01-27,10008.675677937748,85.42587798131592,53.41659138110423,27.770495319376398,100.04336898534429,85.42587798131592,3.761705068301003,3.8582345280553243,3.594155081677715,72.94127421000151,0.9583333333333334,1.0
SFS_LGBM_1,P_Power,2022-01-28,31663.988123265834,153.6929107816962,78.45305550299811,41.06955224895034,177.94377798413137,153.6929107816962,7.109137557871471,7.497450330557977,6.686843161134302,149.35171636784912,0.875,0.9583333333333334
SFS_LGBM_1,P_Power,2022-01-29,28259.699249286554,127.25216012632309,82.03864121551867,43.01553781572462,168.10621418997738,127.25216012632309,6.341537973060696,6.741105808200766,5.948794957112048,118.28759035545147,0.8333333333333334,0.9583333333333334
SFS_LGBM_1,P_Power,2022-01-30,21239.776207621853,124.19817269180459,68.15070544558262,35.642286882351925,145.73872583367077,124.19817269180459,6.005246317776228,6.280106038105672,5.782452854125761,124.19817269180459,0.875,1.0
SFS_LGBM_1,P_Power,2022-01-31,16786.264896625413,116.82475003924115,73.47357413922514,38.596051586153756,129.56181882262,116.82475003924115,5.482940892262602,5.589548957299159,5.254535745165879,48.08108641971518,0.8333333333333334,1.0
SFS_LGBM_1,P_Power,2022-02-01,24528.896635970174,132.4763458246318,70.5717071952933,36.96070373153635,156.61703814071498,132.4763458246318,6.085870868456497,6.382823081389437,5.5970993746873745,129.7903877524092,0.875,1.0
SFS_LGBM_1,P_Power,2022-02-02,15425.302839142654,104.34838773118967,51.88141105511257,27.00427299001009,124.1986426622395,104.34838773118967,4.60728635469681,4.764705350937834,4.43290587018372,95.73099660193854,0.9583333333333334,1.0
SFS_LGBM_1,P_Power,2022-02-03,17398.687738055807,101.04214827414694,63.22128085546556,33.03071449094674,131.90408537287922,101.04214827414694,4.637454632393494,4.837220513383856,4.297905571617878,87.16250777433144,0.9166666666666666,0.9583333333333334
SFS_LGBM_1,P_Power,2022-02-04,11244.060109694838,82.53663743894208,98.04210348376255,51.54790944637832,106.03801256952545,82.53663743894208,3.401930954902746,3.316047395085888,3.508334437675201,-70.8964542951514,0.625,0.9583333333333334
SFS_LGBM_1,P_Power,2022-02-05,13580.065299830208,89.81823208513794,57.591872566861646,30.003164552472597,116.53353723212133,89.81823208513794,4.0296870554544695,4.152285229858918,4.057128496790661,56.59497579600196,0.9583333333333334,1.0
SFS_LGBM_1,P_Power,2022-02-06,21176.965161707307,135.46720793476035,69.03460048942287,36.09766108838604,145.52307432743203,135.46720793476035,6.479890210372162,6.741986974597065,6.316186894108804,135.46720793476035,0.9166666666666666,0.9583333333333334
SFS_LGBM_1,P_Power,2022-02-07,11175.215793358962,92.78195335799275,85.00794607125515,44.60708140944188,105.71289322196684,92.78195335799275,4.48821942179749,4.511806840266839,4.292082775500428,2.7373695075630544,0.8333333333333334,0.9583333333333334
SFS_LGBM_1,P_Power,2022-02-08,21560.171972889784,116.37634872624426,118.63124167755056,61.86125874327329,146.8338243487848,116.37634872624426,5.590998142551321,5.403962670981884,5.553565274871178,-78.03319061952712,0.6666666666666666,0.8333333333333334
SFS_LGBM_1,P_Power,2022-02-09,49475.684723814426,160.1885394558653,162.17130421464785,84.81371843372263,222.43130338109881,160.1885394558653,7.690828246482784,7.196305774966789,7.8944152111853105,-138.9215566303682,0.5833333333333334,0.6666666666666666
SFS_LGBM_1,P_Power,2022-02-10,15917.210055390644,106.25715404444095,85.91799215949266,45.03831303659237,126.16342598150482,106.25715404444095,5.148973209283025,5.118022465985722,5.052676444555232,-31.053590504368334,0.75,1.0
SFS_LGBM_1,P_Power,2022-02-11,12145.217339103789,96.31292299422824,85.26352161686303,44.64101525700477,110.20534169950106,96.31292299422824,4.549682677251177,4.510919797576944,4.670368499571613,-21.0393038182047,0.8333333333333334,0.9583333333333334
SFS_LGBM_1,P_Power,2022-02-12,13621.52980004876,86.73605790697324,87.60392873314446,45.64632925279341,116.71130964927418,86.73605790697324,4.325947120908077,4.222317734483896,4.40449446973033,-43.57058163854143,0.875,0.9166666666666666
SFS_LGBM_1,P_Power,2022-02-13,10667.406612053672,89.99047338439942,54.620960714004894,28.47582466274409,103.28313808194284,89.99047338439942,4.379010446699455,4.502150738764845,4.374495130277721,85.70994010630551,0.9583333333333334,1.0
SFS_LGBM_1,P_Power,2022-02-14,16258.390998830639,97.96275352615991,60.34139917708439,31.50923677536173,127.50839579741657,97.96275352615991,4.044866066198359,4.1741983676554355,4.354319461555257,89.20765228519981,0.9583333333333334,1.0
SFS_LGBM_1,P_Power,2022-02-15,26649.248230977304,138.1269828454248,66.79418439747694,34.93822081684345,163.24597462411532,138.1269828454248,5.995184099405136,6.244967634934077,6.02644980537518,137.16622402384198,0.7916666666666666,1.0
SFS_LGBM_1,P_Power,2022-02-16,19443.048823716865,122.89259567170774,59.564144887002634,31.034735411623227,139.438333408417,122.89259567170774,5.457315864961665,5.656814965256213,5.397749879892071,122.89259567170774,0.9166666666666666,1.0
SFS_LGBM_1,P_Power,2022-02-17,20102.32748071595,120.02908627398956,59.701091224605356,31.144607295249184,141.78267694156418,120.02908627398956,5.5086521454562725,5.719427779895131,5.463472960609465,114.55414991590207,0.9583333333333334,0.9583333333333334
SFS_LGBM_1,P_Power,2022-02-18,41070.28566760611,185.90243818551713,88.70796017528137,46.58498490293831,202.6580510801535,185.90243818551713,8.458779193680373,8.927713645232508,8.261871593156698,184.93851039309746,0.7916666666666666,0.9583333333333334
SFS_LGBM_1,P_Power,2022-02-19,72739.55663403252,238.68779173570326,150.66523922195793,79.26212260268326,269.70271899636555,238.68779173570326,11.317785278544862,12.190830692649358,11.307818644123195,224.59828646060717,0.4583333333333333,0.7916666666666666
SFS_LGBM_1,P_Power,2022-02-20,22050.327134538402,113.76394030604642,77.0154050834045,40.452182393377676,148.4935255643774,113.76394030604642,6.209362922546019,6.572090218497426,5.862232028652956,89.61836495303817,0.875,1.0
SFS_LGBM_1,P_Power,2022-02-21,45603.681054656285,186.96142171810857,86.88637303445165,45.59342846151616,213.55018392559694,186.96142171810857,8.818118969282828,9.31913378720457,8.92507816273052,172.1918561315525,0.75,0.9583333333333334
SFS_LGBM_1,P_Power,2022-02-22,29470.7100419325,152.42668318357082,68.35231665557541,35.80653293581049,171.67035283336637,152.42668318357082,7.471755197951674,7.867271305999081,7.263298918132831,150.2187703016923,0.9583333333333334,1.0
SFS_LGBM_1,P_Power,2022-02-23,18571.735478051574,117.46446370015538,84.1338597752693,44.208033032707796,136.2781548086544,117.46446370015538,5.8779779259118206,5.893904624002152,5.7570742127652315,-6.428720281317443,0.8333333333333334,1.0
SFS_LGBM_1,P_Power,2022-02-24,30647.3590089901,132.88390341935806,125.43316885620959,65.35898033112558,175.06387122701847,132.88390341935806,6.913127623023334,6.68758982400096,6.412271332220649,-36.0071211328071,0.625,0.8333333333333334
SFS_LGBM_1,P_Power,2022-02-25,94465.13494433458,257.28708065289453,256.4449310256177,132.8384095097687,307.3518097300463,257.28708065289453,15.352994578173787,13.844769159437867,14.536301229709363,-249.73052721847657,0.3333333333333333,0.5
SFS_LGBM_1,P_Power,2022-02-26,67073.28668901809,226.98304093292492,222.74390590233577,115.81967569501758,258.9851090101863,226.98304093292492,14.35998823399783,13.14937380332781,14.002115336880898,-226.98304093292492,0.2916666666666667,0.5833333333333334
SFS_LGBM_1,P_Power,2022-02-27,105283.06058021348,287.5722555942903,284.603718621493,147.26608029379676,324.4735129100887,287.5722555942903,18.563053483798477,16.585426498539256,17.356696452988924,-284.62337993277606,0.20833333333333334,0.3333333333333333
SFS_LGBM_1,P_Power,2022-02-28,138726.63258827798,324.01225831184405,317.8919957356825,164.14639026326245,372.46024296329665,324.01225831184405,19.969734911088043,17.65002792749569,18.61764922641101,-318.66993701947325,0.20833333333333334,0.3333333333333333
SFS_LGBM_2,P_Power,2022-01-01,30431.44259725795,158.67763423249963,124.84901009296617,65.74070419876777,174.44610227017958,158.67763423249963,8.294449206011564,8.236927802801349,8.296435963217592,-47.54873968034363,0.5416666666666666,0.9166666666666666
SFS_LGBM_2,P_Power,2022-01-02,10093.974994160099,82.82903563300984,90.50426551940751,47.569597623548695,100.46877621510127,82.82903563300984,4.005502566880055,3.9115561542560804,4.180803595493071,-64.66834619023676,0.7083333333333334,0.9583333333333334
SFS_LGBM_2,P_Power,2022-01-03,9878.144442490693,76.62298078638072,51.557417505684754,26.861636738962897,99.38885471968521,76.62298078638072,3.9478688100119097,3.9446932902212732,3.7848788948297423,10.991505316650574,0.9583333333333334,1.0
SFS_LGBM_2,P_Power,2022-01-04,14593.730090658704,96.4219621161346,48.193755676100515,25.1094762631317,120.80451188038758,96.4219621161346,4.261840205545251,4.397795851440801,4.515880998800314,88.90551064203787,1.0,1.0
SFS_LGBM_2,P_Power,2022-01-05,25286.022950314215,137.3089625962286,62.140344791031374,32.44051332415912,159.0157946567391,137.3089625962286,6.697250017172656,7.021341977380943,6.435892527902255,137.3089625962286,0.9583333333333334,1.0
SFS_LGBM_2,P_Power,2022-01-06,15578.232594103747,109.5275651681252,87.3384416417335,45.87656205545505,124.81279018635769,109.5275651681252,5.342741780444476,5.322166942406292,5.249344125000009,-7.925847439475632,0.7083333333333334,0.9583333333333334
SFS_LGBM_2,P_Power,2022-01-07,156050.60219034913,347.66390520544815,342.27796304203434,177.1111476287489,395.0324065065411,347.66390520544815,18.132213091608527,16.309532204628127,18.59960973707726,-347.66390520544815,0.0,0.375
SFS_LGBM_2,P_Power,2022-01-08,11056.718473923465,88.14910196327621,95.91770479673919,50.43170492181222,105.15093187377592,88.14910196327621,4.363478990079036,4.26387753595152,4.487301010519746,-62.51754778420945,0.5,0.9583333333333334
SFS_LGBM_2,P_Power,2022-01-09,19396.90808370416,117.39570594371685,57.64019664540117,30.160999595642455,139.2727829969092,117.39570594371685,5.1860329473946445,5.343268213351041,5.530945734147624,96.28315672111067,0.9166666666666666,1.0
SFS_LGBM_2,P_Power,2022-01-10,9696.817304492652,74.92338702266805,76.8236126300789,40.27905067670175,98.47241900396604,74.92338702266805,3.3462676056425424,3.2874977829051364,3.360998879538312,-42.534438656932245,0.7916666666666666,1.0
SFS_LGBM_2,P_Power,2022-01-11,4210.26585654853,53.76513143989687,55.641840440813176,29.056156507864785,64.88656144802658,53.76513143989687,2.3283715040556947,2.32349337459691,2.2515890253843636,-3.9892789217335576,0.9583333333333334,1.0
SFS_LGBM_2,P_Power,2022-01-12,4244.8652983459315,56.76595307147384,81.24324443493076,42.62606734213532,65.1526307860698,56.76595307147384,2.2257193709345513,2.1953596206605743,2.2440572645602375,-50.44252807529947,0.875,1.0
SFS_LGBM_2,P_Power,2022-01-13,41107.60960936689,173.2461153048918,80.41136488107848,42.185830012128044,202.75011617596397,173.2461153048918,6.382718692184726,6.6649058343765155,6.65259760692699,173.2461153048918,0.8333333333333334,1.0
SFS_LGBM_2,P_Power,2022-01-14,73509.28339352075,237.04987117908786,132.43242691658568,69.3931091881794,271.1259548503624,237.04987117908786,10.32584414750816,11.128478442231149,10.050959097291791,236.26810033198709,0.5416666666666666,0.7916666666666666
SFS_LGBM_2,P_Power,2022-01-15,55030.20059803324,209.03832447297953,106.35320791844026,55.638205431069935,234.58516704607143,209.03832447297953,9.922444683661743,10.130192841638692,9.963068422035581,105.00308690796116,0.6666666666666666,0.9166666666666666
SFS_LGBM_2,P_Power,2022-01-16,44257.99726816148,184.34904000680345,97.98852330114079,51.42144595789881,210.3758476350398,184.34904000680345,9.176401718252102,9.816340790175984,8.71657576541974,184.34904000680345,0.5416666666666666,0.9166666666666666
SFS_LGBM_2,P_Power,2022-01-17,37513.57638333088,180.78744258522661,79.74544097664841,41.88635590150277,193.68421820925647,180.78744258522661,7.66488646288538,8.001037894306833,7.787527141297723,180.78744258522661,0.7916666666666666,0.9583333333333334
SFS_LGBM_2,P_Power,2022-01-18,15444.390895084225,101.05367960096657,67.07682482538794,35.07675206158196,124.27546376933874,101.05367960096657,4.678200257737474,4.825653365353214,4.32174230228499,61.698496954150905,0.875,1.0
SFS_LGBM_2,P_Power,2022-01-19,6942.161476426455,56.83636613448986,62.124241781702246,32.389835297146426,83.31963439926062,56.83636613448986,2.331311593477616,2.3443097384348253,2.4698845648197056,12.743345825510024,0.9166666666666666,1.0
SFS_LGBM_2,P_Power,2022-01-20,6683.132295209096,67.66834475912006,92.5268534632046,48.666319600246965,81.75042688089827,67.66834475912006,3.221017792170016,3.1724090151341104,3.0523687677849285,-39.03869554690049,0.625,0.9583333333333334
SFS_LGBM_2,P_Power,2022-01-21,6182.573806664721,63.62259779417169,75.34864162632874,39.56304866617254,78.62934443745999,63.62259779417169,2.871682729995829,2.8675663244462317,2.860471081475213,-18.69008893604081,0.7916666666666666,1.0
SFS_LGBM_2,P_Power,2022-01-22,8915.72699804851,79.5946523056365,74.32508710853456,38.91545127871316,94.42312745322785,79.5946523056365,3.9449612280783817,4.0117158811803,3.7507714599721496,24.02175365219715,0.8333333333333334,1.0
SFS_LGBM_2,P_Power,2022-01-23,3039.692867372894,45.81915191364564,55.99209334484968,29.198377865560634,55.13340972017688,45.81915191364564,2.1460034507990877,2.1505930247643983,2.1360909983051584,6.420509674978717,1.0,1.0
SFS_LGBM_2,P_Power,2022-01-24,5795.038153957695,63.13827580722505,66.99974365309798,35.07183059611447,76.12514797330574,63.13827580722505,2.6768930114952,2.657833212728225,2.675322329518757,-22.289975289045127,0.8333333333333334,1.0
SFS_LGBM_2,P_Power,2022-01-25,11277.95153364558,93.48711904053766,59.63093811268925,31.13042906940063,106.19770022766774,93.48711904053766,3.7405010019166065,3.8286283185465924,3.6723901927990674,83.6334382711138,1.0,1.0
SFS_LGBM_2,P_Power,2022-01-26,28950.306523037332,144.6292722778152,81.45523595938992,42.656395824969195,170.14789602882936,144.6292722778152,5.999123743326956,6.275594411066586,5.828828818966668,140.04588865763654,0.8333333333333334,0.9583333333333334
SFS_LGBM_2,P_Power,2022-01-27,13538.083484261611,97.45113705477759,52.56051801223365,27.363836130302456,116.35327019152324,97.45113705477759,4.20757124559889,4.331437069579373,4.100098327784315,80.93092514478344,1.0,1.0
SFS_LGBM_2,P_Power,2022-01-28,26467.266365612915,132.45047584042348,69.74863555883809,36.41154593390783,162.68763433528966,132.45047584042348,6.196384976258697,6.530685877688212,5.762631171847113,132.45047584042348,0.875,0.9583333333333334
SFS_LGBM_2,P_Power,2022-01-29,22214.035810181525,115.87756837905299,74.86521995738956,39.167038579155786,149.04373790998912,115.87756837905299,5.753101997378462,6.051919425668977,5.417054561049634,93.1663679523178,0.9166666666666666,1.0
SFS_LGBM_2,P_Power,2022-01-30,31036.991138221885,166.4306702552114,76.57133482508974,40.139831439770404,176.17318507145714,166.4306702552114,7.840830870202041,8.212699868850946,7.748725149277617,166.4306702552114,0.8333333333333334,1.0
SFS_LGBM_2,P_Power,2022-01-31,28880.83006989934,140.84655262935854,90.7574922130289,47.66458730292451,169.9436084997001,140.84655262935854,6.941365151884006,7.303725143257036,6.33498676543934,93.88286790706421,0.7916666666666666,1.0
SFS_LGBM_2,P_Power,2022-02-01,26377.98528391437,135.6225625717999,67.77113944654754,35.42071455404421,162.41300835805725,135.6225625717999,6.212232165498035,6.535930455912857,5.730026409159754,135.6225625717999,0.9166666666666666,1.0
SFS_LGBM_2,P_Power,2022-02-02,16860.11996315838,110.22292300704044,47.976138615027544,24.897085654657257,129.84652464797963,110.22292300704044,4.818736324352705,4.992054565101077,4.682466620235792,105.30376692558593,1.0,1.0
SFS_LGBM_2,P_Power,2022-02-03,11905.891872813945,83.28505698018849,52.51670903366281,27.322451929163705,109.11412315925902,83.28505698018849,3.784838163422789,3.9194854124747156,3.5425940218182337,72.67571919932129,0.9583333333333334,1.0
SFS_LGBM_2,P_Power,2022-02-04,13212.515444271527,94.05981792815582,109.87611253148118,57.80842523151599,114.94570650646995,94.05981792815582,3.873405680838407,3.771369115483019,3.9981432328513096,-86.93093689663122,0.4583333333333333,0.9583333333333334
SFS_LGBM_2,P_Power,2022-02-05,13551.117899928691,85.7779663449417,58.99312504209791,30.81976371791883,116.4092689605458,85.7779663449417,3.864944741602408,3.9912855457155705,3.8746279410725357,53.045446849854365,0.875,1.0
SFS_LGBM_2,P_Power,2022-02-06,46486.69954868552,211.71503593071404,97.91521729089773,51.30499558198309,215.6077446398564,211.71503593071404,10.028202469015357,10.59134881694749,9.871257816691312,211.71503593071404,0.75,0.9583333333333334
SFS_LGBM_2,P_Power,2022-02-07,19807.987316936265,115.78009753838712,91.36184241180733,47.918309216275794,140.7408516278634,115.78009753838712,5.825649665592051,6.05832657739067,5.35597435066786,54.82509728371985,0.8333333333333334,0.9166666666666666
SFS_LGBM_2,P_Power,2022-02-08,20016.273538843012,113.00138122953688,113.14559038010206,59.12094216155517,141.47888018656005,113.00138122953688,5.475609869308395,5.323577929813305,5.392509334392903,-67.64448100599903,0.6666666666666666,0.875
SFS_LGBM_2,P_Power,2022-02-09,35542.49761755046,145.67018014213022,151.39253259430205,79.26543930986902,188.52718004985505,145.67018014213022,6.983461797078322,6.619062478145911,7.178921100326135,-130.45573683288606,0.5,0.7083333333333334
SFS_LGBM_2,P_Power,2022-02-10,13390.765807475873,90.78146249228894,73.45756192311806,38.5031373622862,115.71847651726094,90.78146249228894,4.309053881628242,4.278630758401313,4.316785643865641,-18.77154011901585,0.8333333333333334,1.0
SFS_LGBM_2,P_Power,2022-02-11,9828.909298468114,82.38473605522059,83.90451919248629,44.084410385431056,99.1408558489794,82.38473605522059,3.858478305101466,3.7987085072734903,3.994968319473409,-33.745316141404345,0.75,0.9583333333333334
SFS_LGBM_2,P_Power,2022-02-12,12386.238129185704,94.03166913822889,85.7031194222833,44.94963717421995,111.29347747817795,94.03166913822889,4.634722833283787,4.574246059997703,4.774968758011128,-29.57234506116127,0.7916666666666666,0.9166666666666666
SFS_LGBM_2,P_Power,2022-02-13,11171.56972856255,87.46430396981958,54.574871210564844,28.43577133283618,105.69564668690262,87.46430396981958,4.240654359393876,4.371281083500311,4.251696400737403,84.94677851130797,0.9583333333333334,1.0
SFS_LGBM_2,P_Power,2022-02-14,19876.0857967251,122.39528833784912,60.649026765788676,31.65990203677553,140.98257267025986,122.39528833784912,5.457487749069767,5.6527999245551,5.440314474927917,121.14656324833926,1.0,1.0
SFS_LGBM_2,P_Power,2022-02-15,17879.990963748118,116.53984377534941,52.3990374794598,27.28955381980646,133.71608341462937,116.53984377534941,4.994230663280203,5.1556077683209,5.084607687582394,114.85092605097907,0.9583333333333334,1.0
SFS_LGBM_2,P_Power,2022-02-16,25078.583112890745,141.85749638621007,58.92141081859009,30.738065788229193,158.36218965678248,141.85749638621007,6.2631740755480445,6.5140043853116945,6.230735707836765,141.1856618386781,0.9166666666666666,1.0
SFS_LGBM_2,P_Power,2022-02-17,21644.582797723688,125.29830257145011,57.166804102589005,29.844515817437735,147.12098014125547,125.29830257145011,5.7300208976134295,5.951090059168279,5.703316665651623,119.51653910422283,0.9166666666666666,1.0
SFS_LGBM_2,P_Power,2022-02-18,37457.73872841849,176.48684236446192,80.57725570307325,42.25002930910059,193.54001841587825,176.48684236446192,8.027569897597077,8.453004035793716,7.843423914869704,176.48684236446192,0.7916666666666666,1.0
SFS_LGBM_2,P_Power,2022-02-19,57566.91621190296,216.46528174025016,121.08864941046441,63.63226757951414,239.93106554154875,216.46528174025016,10.259934058888803,10.959999904341668,10.25502867519153,211.76549587982277,0.5416666666666666,0.875
SFS_LGBM_2,P_Power,2022-02-20,24369.444530648976,122.87847316288803,74.16158101971932,38.77838489061442,156.10715720507173,122.87847316288803,6.674433258384747,7.084670856722843,6.33190199873175,117.4161776386348,0.7916666666666666,0.9583333333333334
SFS_LGBM_2,P_Power,2022-02-21,45066.00005161974,195.6105194396686,86.24373374104452,45.26669157040528,212.28754097124903,195.6105194396686,9.39549392398641,9.948982096956776,9.337964802619293,195.6105194396686,0.7083333333333334,1.0
SFS_LGBM_2,P_Power,2022-02-22,35081.11269075643,164.28987262894313,73.64889763214875,38.557722615664694,187.29952666986756,164.28987262894313,8.119101294153939,8.610578565543682,7.828592928764855,164.07816594892947,0.8333333333333334,0.9583333333333334
SFS_LGBM_2,P_Power,2022-02-23,17481.718345221805,104.75666259013461,89.76404573514992,46.98366341646141,132.2184493375331,104.75666259013461,5.226423553981433,5.142925174743155,5.134249642960013,-28.81372786336546,0.7083333333333334,0.8333333333333334
SFS_LGBM_2,P_Power,2022-02-24,33408.83548504477,137.4610220021173,140.95035613595874,73.42478949173436,182.78084003813083,137.4610220021173,7.086397771699938,6.756537796819624,6.633138762490053,-65.33572021704822,0.625,0.75
SFS_LGBM_2,P_Power,2022-02-25,118551.84138396704,290.94359495397117,296.3032991360069,153.0627980044275,344.3135800167734,290.94359495397117,17.3347318140451,15.4624702354018,16.437839499648785,-290.0216460688487,0.20833333333333334,0.4166666666666667
SFS_LGBM_2,P_Power,2022-02-26,84732.71541003346,271.18640642109636,270.5049059432876,140.55254062926682,291.08884453038297,271.18640642109636,17.081655736805516,15.558187785507279,16.72892972486233,-271.18640642109636,0.16666666666666666,0.2916666666666667
SFS_LGBM_2,P_Power,2022-02-27,93349.7571630862,281.5948720900914,284.0495138613994,147.26623774378064,305.53192494907336,281.5948720900914,17.8509101184416,16.146653939621842,16.995925797797998,-281.5948720900914,0.16666666666666666,0.25
SFS_LGBM_2,P_Power,2022-02-28,173477.02385987891,361.9104719239039,363.09689972568617,186.88882432296646,416.50573088479695,361.9104719239039,21.669207287752005,19.001833080441855,20.79526945292061,-361.26902962136745,0.16666666666666666,0.3333333333333333
SFS_shared_LGBM,P_Power,2022-01-01,25532.113537065325,140.68108054156565,111.67063135829473,58.78962442967346,159.78771397408914,140.68108054156565,7.367354796005267,7.34838992684305,7.355488891643087,-32.40774527938881,0.625,1.0
SFS_shared_LGBM,P_Power,2022-01-02,8427.37912509986,77.26630928210068,86.92095779270814,45.63099000716172,91.80075775885436,77.26630928210068,3.7530356414138497,3.678999988074274,3.900024444185934,-56.8445666015725,0.7083333333333334,0.9583333333333334
SFS_shared_LGBM,P_Power,2022-01-03,10397.12242764868,79.47959199835269,55.671124593517646,29.031433900397207,101.96628083660147,79.47959199835269,4.107648690792966,4.094095480628777,3.92598444013696,10.42864013496768,0.9166666666666666,1.0
SFS_shared_LGBM,P_Power,2022-01-04,14141.028848478323,93.35675380582522,50.45436005506024,26.294827284462603,118.91605799251136,93.35675380582522,4.112549425619337,4.23978596325601,4.372323289932919,83.957448936413,1.0,1.0
SFS_shared_LGBM,P_Power,2022-01-05,31472.506215489677,157.11495021484117,67.01733142032901,34.995634154322495,177.40492162138477,157.11495021484117,7.553843412684155,7.93923480461055,7.3642311105568306,157.11495021484117,0.9583333333333334,1.0
SFS_shared_LGBM,P_Power,2022-01-06,14574.96888190339,107.31993507987981,81.0739977948292,42.541647766617196,120.72683579843957,107.31993507987981,5.263071087908088,5.301715915577356,5.143538705002626,13.729879410757585,0.75,1.0
SFS_shared_LGBM,P_Power,2022-01-07,151365.00168875072,337.2910436626445,335.69320774086776,173.5166090209532,389.05655332965506,337.2910436626445,17.48808588725691,15.738240745473759,18.04467385312671,-337.2910436626445,0.08333333333333333,0.375
SFS_shared_LGBM,P_Power,2022-01-08,11984.942866657286,92.81068278727655,101.49759454841023,53.34799625214009,109.47576383226237,92.81068278727655,4.629201529291549,4.533881039572829,4.7246025357340455,-60.82711401479789,0.5833333333333334,0.9583333333333334
SFS_shared_LGBM,P_Power,2022-01-09,18143.63004467443,115.22337017060285,56.711954432249094,29.644318709844395,134.69829265686494,115.22337017060285,5.132267695018511,5.26096276105732,5.428598964469339,89.80293533275191,0.875,1.0
SFS_shared_LGBM,P_Power,2022-01-10,10519.779676888364,79.29784354841095,84.18210804038429,44.21159092553739,102.56597718975023,79.29784354841095,3.5019393388726083,3.432101729973095,3.557233247282027,-50.696389048012605,0.75,1.0
SFS_shared_LGBM,P_Power,2022-01-11,3717.441241888521,47.84712975919604,56.28049681569794,29.389970515219574,60.97082287363785,47.84712975919604,2.048384677967018,2.040584053205471,2.003753536478921,-4.767374765072343,0.9583333333333334,1.0
SFS_shared_LGBM,P_Power,2022-01-12,4533.080625839723,58.442210568890765,83.80568099963298,44.02430972817685,67.32815626348106,58.442210568890765,2.3042858034743205,2.271700517039063,2.3103226509550674,-51.92547742113285,0.875,0.9583333333333334
SFS_shared_LGBM,P_Power,2022-01-13,45310.9438650638,182.63385570270984,84.47443652131899,44.351910108002095,212.86367436710236,182.63385570270984,6.7391510537352355,7.052989753425261,7.013083954312423,182.63385570270984,0.7916666666666666,1.0
SFS_shared_LGBM,P_Power,2022-01-14,84488.5834914838,258.138009340523,143.30156176980805,75.08821651310812,290.66919942003454,258.138009340523,11.171762572486015,12.073855555696962,10.945100119365973,258.138009340523,0.5416666666666666,0.6666666666666666
SFS_shared_LGBM,P_Power,2022-01-15,56140.29830686811,207.6174118780606,106.02344547773559,55.410607748338656,236.93944016745738,207.6174118780606,9.798698216088859,10.048161248332695,9.895345675785101,115.5246877470236,0.6666666666666666,0.9166666666666666
SFS_shared_LGBM,P_Power,2022-01-16,47392.44253525159,189.6271381474611,101.72634888317587,53.41294726505712,217.69805358627255,189.6271381474611,9.447170615809997,10.137029189555152,8.96614008286162,189.6271381474611,0.5416666666666666,0.9166666666666666
SFS_shared_LGBM,P_Power,2022-01-17,37686.39038248227,180.97933630111183,77.12326528907275,40.42277892343123,194.1298286778265,180.97933630111183,7.731731457170174,8.077765291296267,7.795793077799345,180.97933630111183,0.8333333333333334,0.9583333333333334
SFS_shared_LGBM,P_Power,2022-01-18,14173.276665126861,94.9676279797496,65.9800244055965,34.465037555956734,119.05157145173204,94.9676279797496,4.411637685207094,4.549411692915804,4.06146136200489,58.325193264281275,0.9166666666666666,1.0
SFS_shared_LGBM,P_Power,2022-01-19,7820.040214756443,61.699735541825135,69.96094132692882,36.5942255657735,88.43099125734395,61.699735541825135,2.5258799899520916,2.5254905317739067,2.68122743997415,-1.2377534559255234,0.9166666666666666,1.0
SFS_shared_LGBM,P_Power,2022-01-20,5953.18794058837,63.88272246110176,85.37069703113646,44.87330065437144,77.15690468511791,63.88272246110176,3.008394990897345,2.9737125728706006,2.8816077522726653,-25.21382351329662,0.7083333333333334,1.0
SFS_shared_LGBM,P_Power,2022-01-21,5192.096471408345,59.547462211118734,73.15143377556787,38.310665209594205,72.0562035595017,59.547462211118734,2.6838211270199657,2.6830649929841095,2.677253044290924,-13.316399968376848,0.875,1.0
SFS_shared_LGBM,P_Power,2022-01-22,8694.76306982265,78.62493507189261,72.02941757697276,37.71093973641834,93.24571341258884,78.62493507189261,3.8883521597385555,3.961030002353415,3.705075076870892,29.460329292125806,0.9166666666666666,1.0
SFS_shared_LGBM,P_Power,2022-01-23,3173.6339040859384,44.12853645650238,57.62131340049395,30.0637638024041,56.33501490268675,44.12853645650238,2.058679568666797,2.059930703615871,2.0572744268765675,2.4283453310520238,1.0,1.0
SFS_shared_LGBM,P_Power,2022-01-24,6166.576299308013,67.17770118939121,70.35465038230966,36.874051466935676,78.52755121171177,67.17770118939121,2.881811062526793,2.862973991345447,2.846482608844873,-24.006308616857552,0.8333333333333334,1.0
SFS_shared_LGBM,P_Power,2022-01-25,11958.748987635758,98.13904328217843,57.48975521337368,30.049054950109888,109.35606516163499,98.13904328217843,3.95099516925383,4.04970058696568,3.8551285329894207,89.39382641373918,1.0,1.0
SFS_shared_LGBM,P_Power,2022-01-26,31562.23591651103,150.76407733795762,84.417760228434,44.21488068846842,177.65763680886624,150.76407733795762,6.25395685165915,6.555339228458057,6.076072879384897,146.36492525768156,0.8333333333333334,0.9166666666666666
SFS_shared_LGBM,P_Power,2022-01-27,14952.248563986732,100.92156715914678,53.51737136649076,27.926316646194408,122.27938732258488,100.92156715914678,4.357193900151011,4.493323185014578,4.246111038335021,85.14503816161013,1.0,1.0
SFS_shared_LGBM,P_Power,2022-01-28,30085.892764672855,152.45188513892182,71.12892689095465,37.24674062435422,173.45285458784718,152.45188513892182,7.019641764386181,7.386618847706468,6.632848843569678,152.45188513892182,0.875,0.9583333333333334
SFS_shared_LGBM,P_Power,2022-01-29,24367.549662621128,120.17488210829153,77.22845313744672,40.46031590587651,156.1010879610425,120.17488210829153,5.975504953236003,6.309130078004524,5.617945753908329,100.79154141318874,0.8333333333333334,1.0
SFS_shared_LGBM,P_Power,2022-01-30,29410.22484820931,161.9548159720265,72.67506374662806,38.04205130079237,171.49409566573803,161.9548159720265,7.6474458661253575,8.003253550441727,7.540337088378543,161.9548159720265,0.875,1.0
SFS_shared_LGBM,P_Power,2022-01-31,28656.59360827466,143.91679687312512,92.05531045048177,48.3454853849124,169.28258507086505,143.91679687312512,7.038930859800689,7.378649408572785,6.4730800044134655,90.0506405907355,0.7916666666666666,0.9583333333333334
SFS_shared_LGBM,P_Power,2022-02-01,25007.167741740286,133.91698684337098,64.50164608489091,33.76033489786581,158.13654777356274,133.91698684337098,6.118790278503516,6.423678516071386,5.657966172415991,133.91698684337098,1.0,1.0
SFS_shared_LGBM,P_Power,2022-02-02,17254.39163358537,110.08215905252571,47.83346216945273,24.845352248651825,131.35597296501354,110.08215905252571,4.832772491471729,5.013031844948124,4.676486716052835,108.45238622762304,1.0,1.0
SFS_shared_LGBM,P_Power,2022-02-03,12110.928664034038,81.99057910946043,51.77827211174438,26.95065816602269,110.04966453394593,81.99057910946043,3.7278130203573303,3.8662606299564803,3.487532408937209,79.8252646081734,0.9583333333333334,1.0
SFS_shared_LGBM,P_Power,2022-02-04,14633.605663035958,99.2715255902311,115.99362435518269,61.08964254546563,120.96944102969128,99.2715255902311,4.08811500613063,3.97437945841636,4.219674107349082,-91.7575253024961,0.5,0.9583333333333334
SFS_shared_LGBM,P_Power,2022-02-05,15148.51770849368,95.0914277599246,59.40989039334878,31.01237816803797,123.07931470598007,95.0914277599246,4.276845199422075,4.419527088301,4.295321032366856,61.86667808773152,0.9166666666666666,1.0
SFS_shared_LGBM,P_Power,2022-02-06,46887.92923122444,211.72276636883706,96.59661613775097,50.59596203190688,216.53620766796587,211.72276636883706,10.058845285956737,10.633757879706792,9.871618249985117,211.72276636883706,0.7083333333333334,0.9583333333333334
SFS_shared_LGBM,P_Power,2022-02-07,19203.227849204177,114.91323031001207,90.6667664497847,47.58111184872636,138.57571161355867,114.91323031001207,5.789209416933372,6.0156393720711,5.315873169728087,53.37222065337176,0.7916666666666666,0.9583333333333334
SFS_shared_LGBM,P_Power,2022-02-08,20595.84845705825,114.63737057759106,118.1298488007488,61.54887305102542,143.5125376301954,114.63737057759106,5.5197673788476695,5.3526963241495915,5.470579953834531,-73.16787182579235,0.625,0.875
SFS_shared_LGBM,P_Power,2022-02-09,32297.18177425739,135.53548346221172,145.48717170917672,76.12241707962072,179.7141668713332,135.53548346221172,6.495143704548205,6.163549959437187,6.679462750169062,-118.65833390406165,0.5416666666666666,0.7083333333333334
SFS_shared_LGBM,P_Power,2022-02-10,10874.633467139247,81.9041276056923,62.87596486522259,32.847875100342996,104.28151066770776,81.9041276056923,3.960435753146537,3.983322625876385,3.8946559409265293,9.18944461014207,0.9583333333333334,1.0
SFS_shared_LGBM,P_Power,2022-02-11,8909.974761457326,77.97317414750403,79.17654729677601,41.53970956484065,94.39266264629538,77.97317414750403,3.6723087636111504,3.6343112311279118,3.7810445891247397,-20.472518530385457,0.75,0.875
SFS_shared_LGBM,P_Power,2022-02-12,12239.785650672131,94.39281677622517,84.52058014464562,44.27267957361968,110.6335647562354,94.39281677622517,4.653456505214693,4.615299817030634,4.793307990997908,-19.50410115857714,0.7916666666666666,0.9166666666666666
SFS_shared_LGBM,P_Power,2022-02-13,11902.856909976212,88.97902139040472,55.93079099726206,29.120130758659716,109.10021498593031,88.97902139040472,4.368888384770104,4.513636299003897,4.325327794493858,87.05335921713761,0.9583333333333334,1.0
SFS_shared_LGBM,P_Power,2022-02-14,20299.673235376456,123.20083811488787,62.68329581711763,32.72702580929087,142.47692176411047,123.20083811488787,5.5096735249288145,5.71187721545062,5.476120135193221,119.45526633444813,1.0,1.0
SFS_shared_LGBM,P_Power,2022-02-15,16943.15813365826,111.60250850502156,49.3446933148866,25.71692922225397,130.16588698141408,111.60250850502156,4.789127142740669,4.942138036273128,4.869192838390784,110.89772564811159,1.0,1.0
SFS_shared_LGBM,P_Power,2022-02-16,26098.440038114768,143.99838761670946,58.99076889266089,30.74102269378378,161.55011618106244,143.99838761670946,6.304557396114296,6.557498626490214,6.324769000234303,143.99838761670946,0.9166666666666666,1.0
SFS_shared_LGBM,P_Power,2022-02-17,26523.727334085477,138.73713587529122,61.69255730945739,32.203558429977015,162.8610675824197,138.73713587529122,6.345159683753701,6.617911788024122,6.315024249678984,134.01486730562647,0.875,1.0
SFS_shared_LGBM,P_Power,2022-02-18,42435.51364721385,189.83957535354543,85.88215497687766,45.05219808626643,205.99881952869012,189.83957535354543,8.597733357618363,9.067325129614334,8.436845746504991,189.83957535354543,0.7916666666666666,0.9583333333333334
SFS_shared_LGBM,P_Power,2022-02-19,60979.426479604816,221.19197629881577,124.9594597088116,65.69042740641548,246.94012731754395,221.19197629881577,10.50208267647672,11.246993821063,10.478955523170447,214.3602543945843,0.4583333333333333,0.8333333333333334
SFS_shared_LGBM,P_Power,2022-02-20,23022.89049823879,116.27722706557427,75.49544387090411,39.581386321932726,151.73295785108385,116.27722706557427,6.3525194543503405,6.740713781091669,5.991741169240542,108.5282717120751,0.75,1.0
SFS_shared_LGBM,P_Power,2022-02-21,44114.49821468777,190.65513917731576,81.81382883287584,42.860709321273724,210.03451672210394,190.65513917731576,9.12664214216336,9.659995804365378,9.101407144033264,190.65513917731576,0.7916666666666666,1.0
SFS_shared_LGBM,P_Power,2022-02-22,33819.552793208066,158.3490202830344,71.77738762982793,37.57811238881241,183.90093200744815,158.3490202830344,7.806747459603576,8.277821181415458,7.545504787531347,156.06471890267406,0.875,0.9583333333333334
SFS_shared_LGBM,P_Power,2022-02-23,17680.95717378247,106.37981427486419,90.78105106826474,47.545443082273586,132.96976037348668,106.37981427486419,5.27109866617085,5.180532482489681,5.2138022532832204,-30.74163175949273,0.75,0.875
SFS_shared_LGBM,P_Power,2022-02-24,31282.485473001634,139.2836223896228,134.9617466225937,70.39030837666836,176.8685542231904,139.2836223896228,7.145882909590904,6.878904428579248,6.721087775983535,-46.67897837070152,0.625,0.75
SFS_shared_LGBM,P_Power,2022-02-25,116738.26082638388,288.6592639030565,294.39325517854263,151.87955997095506,341.669812576973,288.6592639030565,17.176864020293717,15.327579822696435,16.308778513841762,-284.39435518023555,0.25,0.4583333333333333
SFS_shared_LGBM,P_Power,2022-02-26,81230.57020043246,263.99143239797365,267.1067014564705,138.5516774209573,285.0097721139268,263.99143239797365,16.60169316394013,15.14740150933325,16.28508662670154,-263.99143239797365,0.20833333333333334,0.3333333333333333
SFS_shared_LGBM,P_Power,2022-02-27,91710.95159882779,278.5077392116876,283.60450699950303,146.85177170189198,302.8381607374272,278.5077392116876,17.602192088647158,15.940850514484389,16.809598962583088,-278.5077392116876,0.16666666666666666,0.25
SFS_shared_LGBM,P_Power,2022-02-28,174795.48962949225,365.43261966356687,367.3133227981247,188.8830586106343,418.0855051655011,365.43261966356687,21.801449201814805,19.12192952491273,20.9976510278718,-362.89932080136964,0.16666666666666666,0.2916666666666667
mi_top_k_nolags_LGBM,P_Power,2022-01-01,78782.28616658726,220.47668595516703,164.3344226829394,84.77503758658467,280.68182371964747,220.47668595516703,11.998388048419832,13.378076841365758,11.52758997987907,216.08371317773208,0.6666666666666666,0.7083333333333334
mi_top_k_nolags_LGBM,P_Power,2022-01-02,60448.23852949011,233.01018069463476,148.6697200027377,78.28282148173822,245.86223485824354,233.01018069463476,12.11837260224508,13.03478868990902,11.761211437386136,233.01018069463476,0.4583333333333333,0.7916666666666666
mi_top_k_nolags_LGBM,P_Power,2022-01-03,12285.569229163288,81.45859706605471,71.00281147905098,37.00418636597352,110.84028703122023,81.45859706605471,4.34591722845644,4.262486694078325,4.0237396362495845,-7.281734773213874,0.9166666666666666,0.9583333333333334
mi_top_k_nolags_LGBM,P_Power,2022-01-04,6739.542256178386,65.0936402875975,53.50989951316918,27.831595286086497,82.09471515376849,65.0936402875975,3.142496264913887,3.158370437321893,3.04863256115295,26.360331450766676,1.0,1.0
mi_top_k_nolags_LGBM,P_Power,2022-01-05,4961.0516673106185,58.52792369809231,49.78554875199304,25.788312029339938,70.43473338709119,58.52792369809231,2.8820228761073303,2.928189005174045,2.743298177190741,25.06483450873308,1.0,1.0
mi_top_k_nolags_LGBM,P_Power,2022-01-06,18835.161034745925,109.79497326354958,81.24233069369883,42.5982578130779,137.24125121386035,109.79497326354958,5.114014841916273,5.064710204765599,5.262160233096074,-22.530437887913394,0.7916666666666666,1.0
mi_top_k_nolags_LGBM,P_Power,2022-01-07,52387.53224582383,170.22392203494687,131.83819254200893,69.42670534736125,228.8832284065913,170.22392203494687,8.620944778762173,8.009256303709066,9.106779479721103,-167.09251850942454,0.5833333333333334,0.9583333333333334
mi_top_k_nolags_LGBM,P_Power,2022-01-08,28678.277147017146,138.00119687012375,99.02740958357772,52.034237560551645,169.34661835128904,138.00119687012375,6.725413266937479,6.428635564336982,7.025062041201823,-121.3229844023055,0.875,1.0
mi_top_k_nolags_LGBM,P_Power,2022-01-09,63405.72522166519,236.08568044690378,144.3973344176571,76.13637599347759,251.80493486360666,236.08568044690378,10.964861093644336,11.660046914514554,11.122869245210481,236.08568044690378,0.5,1.0
mi_top_k_nolags_LGBM,P_Power,2022-01-10,91961.26391065068,286.7880742433611,189.77001359465407,99.87035752821355,303.2511564869138,286.7880742433611,12.882068442179692,13.850655801760292,12.865067030475558,286.7880742433611,0.2916666666666667,0.75
mi_top_k_nolags_LGBM,P_Power,2022-01-11,32594.33580390255,173.66761058659782,96.18418684045469,50.536859580480154,180.53901463091725,173.66761058659782,7.286684181350813,7.583036598196516,7.272893706186371,173.66761058659782,0.875,1.0
mi_top_k_nolags_LGBM,P_Power,2022-01-12,21731.995952038837,139.8816577079183,74.66007123922442,39.107571370207374,147.4177599614064,139.8816577079183,5.472426238967257,5.639995955025266,5.529766227353727,139.8816577079183,1.0,1.0
mi_top_k_nolags_LGBM,P_Power,2022-01-13,59121.439460982605,215.68189263983209,131.65176853692506,69.41745786579854,243.14900670367257,215.68189263983209,8.026902418750264,8.43066371929274,8.282118420422188,215.68189263983209,0.7083333333333334,0.9583333333333334
mi_top_k_nolags_LGBM,P_Power,2022-01-14,14531.987162772863,112.1244164626271,73.28109536394616,38.38023986196788,120.54869208238165,112.1244164626271,4.8304085413212405,4.845591152182033,4.754096334531117,7.090021757432377,0.9166666666666666,1.0
mi_top_k_nolags_LGBM,P_Power,2022-01-15,90678.95758360256,217.94689786224558,177.75705051089088,92.59556125588246,301.12946980261256,217.94689786224558,11.141769401349197,10.00306073657098,10.387663894869348,-217.94689786224558,0.7083333333333334,0.7083333333333334
mi_top_k_nolags_LGBM,P_Power,2022-01-16,72969.50418885845,234.68263829362309,173.35235189720808,91.48781131271119,270.12868079650195,234.68263829362309,10.847279739090833,10.145397273510405,11.096499322369496,-234.68263829362309,0.4166666666666667,0.9583333333333334
mi_top_k_nolags_LGBM,P_Power,2022-01-17,20611.90939549689,127.98242124662623,87.2246935436123,45.710769290161956,143.56848329454792,127.98242124662623,5.67699037214669,5.68903372408035,5.512919286953531,45.63615621757911,0.7916666666666666,1.0
mi_top_k_nolags_LGBM,P_Power,2022-01-18,40579.5157360526,163.43731762558505,128.29725473058053,67.29728931651937,201.44357953544363,163.43731762558505,6.76364747205904,6.433277262715999,6.989690747962859,-161.28910626459557,0.7083333333333334,0.8333333333333334
mi_top_k_nolags_LGBM,P_Power,2022-01-19,64267.770294128124,236.35314684026557,187.24913169393247,98.34319458799041,253.51088792027872,236.35314684026557,10.623198527108348,10.003762635613871,10.270976646290071,-236.35314684026557,0.375,0.5416666666666666
mi_top_k_nolags_LGBM,P_Power,2022-01-20,97899.53319381802,307.410100813611,242.75226217737142,127.28460484960208,312.8890109828372,307.410100813611,14.219677737644995,13.22123385610123,13.866587012956579,-307.410100813611,0.20833333333333334,0.4166666666666667
mi_top_k_nolags_LGBM,P_Power,2022-01-21,10214.605783361856,90.54578021768388,68.8673680096288,35.9578157033072,101.06733291900927,90.54578021768388,4.004157420930365,3.923947785198222,4.070936975887235,-70.58256757673159,0.9583333333333334,1.0
mi_top_k_nolags_LGBM,P_Power,2022-01-22,39819.14221588755,177.65649859929485,122.31715690962444,64.45290288835582,199.54734329448627,177.65649859929485,8.243696332467191,7.980087415546463,8.371780079723141,-110.49481758367091,0.7083333333333334,1.0
mi_top_k_nolags_LGBM,P_Power,2022-01-23,19562.415719102417,112.90012283697438,83.4215063123354,43.7092297555208,139.86570601510013,112.90012283697438,5.133415455766999,4.982998840307116,5.2634089900687355,-81.44082299586789,0.9583333333333334,1.0
mi_top_k_nolags_LGBM,P_Power,2022-01-24,7382.398464913939,62.757157469621916,57.22049842795817,29.753293057496943,85.92088491696265,62.757157469621916,2.6737157084024297,2.6448632817137105,2.6591734184859024,-16.553478042696042,1.0,1.0
mi_top_k_nolags_LGBM,P_Power,2022-01-25,62612.38011058321,241.36950188929816,147.13842385402313,77.52590629697545,250.2246592775844,241.36950188929816,9.516926962124032,10.03169894392748,9.481552118369319,241.36950188929816,0.5833333333333334,0.875
mi_top_k_nolags_LGBM,P_Power,2022-01-26,52258.65816509351,191.8704785997968,132.23380621947527,68.66767446421436,228.6015270401611,191.8704785997968,8.099363319439707,8.641831991581716,7.732737346718795,191.8704785997968,0.6666666666666666,0.7083333333333334
mi_top_k_nolags_LGBM,P_Power,2022-01-27,7875.789828817843,78.13631443029963,57.336674737675175,29.76298572476628,88.74564681615568,78.13631443029963,3.314025771610126,3.3611091088933427,3.287458533755455,30.95694569638805,1.0,1.0
mi_top_k_nolags_LGBM,P_Power,2022-01-28,8536.89777960822,67.42809118583146,56.9917947260617,29.613966215941122,92.3953341874373,67.42809118583146,3.152089591171974,3.2541915582288574,2.9336491066575214,56.44930138111324,0.875,1.0
mi_top_k_nolags_LGBM,P_Power,2022-01-29,84153.69977677475,251.692077010539,184.7819165308036,97.55623220793807,290.09257104719995,251.692077010539,11.41344577455862,10.678199471544717,11.766122924585474,-214.78033129516243,0.375,0.875
mi_top_k_nolags_LGBM,P_Power,2022-01-30,23779.321184072483,139.55544519182627,93.19956607969903,48.87329879736803,154.20545121386755,139.55544519182627,6.719644792587655,6.909597900727836,6.497460992125503,52.3267314077845,0.7916666666666666,1.0
mi_top_k_nolags_LGBM,P_Power,2022-01-31,25400.82864712023,142.13416477110687,90.33603026599174,47.380107130826254,159.37637418111956,142.13416477110687,6.73440855027054,7.048853549146777,6.392900897696876,141.15799946283101,0.7083333333333334,1.0
mi_top_k_nolags_LGBM,P_Power,2022-02-01,15798.627480804666,113.50638383105026,68.98590575115516,36.016505495318434,125.69259119297631,113.50638383105026,4.90696193746726,5.060337528584221,4.795622237382636,113.50638383105026,0.9583333333333334,1.0
mi_top_k_nolags_LGBM,P_Power,2022-02-02,18550.026947310365,111.48521812631213,77.16890762792526,40.35882828273109,136.19848364541497,111.48521812631213,4.936290656714946,5.120492602977858,4.73609117127858,88.37462914548007,0.7916666666666666,1.0
mi_top_k_nolags_LGBM,P_Power,2022-02-03,9531.516765570901,72.02344447792703,61.25113271315498,31.871784879301913,97.62948717252847,72.02344447792703,3.253548243951696,3.3525975110247317,3.063572663448568,54.66725194795878,0.875,1.0
mi_top_k_nolags_LGBM,P_Power,2022-02-04,6841.120973068617,69.94665069818542,53.638779872298436,27.84766114931362,82.71106922938802,69.94665069818542,3.077586544034265,3.1308765057001198,2.973179560725602,39.99542517203059,1.0,1.0
mi_top_k_nolags_LGBM,P_Power,2022-02-05,11609.535337841233,83.19813986557514,68.5642814479814,35.807166656253216,107.74755374411632,83.19813986557514,3.9385498084405612,4.019438699763275,3.758096060147827,28.307001478049955,0.8333333333333334,1.0
mi_top_k_nolags_LGBM,P_Power,2022-02-06,4801.95342405298,58.79146392041119,52.878847273833685,27.456955295839872,69.29612849252821,58.79146392041119,2.8043102918040685,2.816580535842817,2.7411642976978188,-4.366676713232977,1.0,1.0
mi_top_k_nolags_LGBM,P_Power,2022-02-07,40108.50331269696,184.6183666553829,137.3421809264576,72.34368164084486,200.27107457817507,184.6183666553829,8.543704292753507,8.14079043594112,8.540424973649577,-184.6183666553829,0.5833333333333334,0.875
mi_top_k_nolags_LGBM,P_Power,2022-02-08,179625.6659848456,408.96148546914037,338.48680201296594,176.42261518440364,423.8226822444094,408.96148546914037,19.552794443977515,17.718123841181633,19.51594399824103,-408.96148546914037,0.0,0.25
mi_top_k_nolags_LGBM,P_Power,2022-02-09,264911.1283403367,495.6033826008855,423.6409284188855,219.49425780265878,514.6951800243876,495.6033826008855,24.209960868282764,21.481696410913255,24.424337069364967,-495.6033826008855,0.0,0.0
mi_top_k_nolags_LGBM,P_Power,2022-02-10,189147.05456925617,423.9088288041874,353.9639291519008,183.8839710437497,434.91039832275357,423.9088288041874,20.50060786724255,18.495718417639694,20.157458320802547,-423.9088288041874,0.08333333333333333,0.3333333333333333
mi_top_k_nolags_LGBM,P_Power,2022-02-11,171696.67096017633,407.4551431175282,338.2036237488588,175.8269232512739,414.3629700638998,407.4551431175282,20.170657641873454,18.249442788110795,19.758155045492558,-407.4551431175282,0.041666666666666664,0.20833333333333334
mi_top_k_nolags_LGBM,P_Power,2022-02-12,249864.29214436968,483.82570398715626,411.86069522127144,213.60541849579408,499.8642737227473,483.82570398715626,24.43343616349837,21.671273316613973,24.568878145354223,-483.82570398715626,0.0,0.0
mi_top_k_nolags_LGBM,P_Power,2022-02-13,115661.21563820321,315.4913983400727,245.6276164613412,129.54623816198549,340.09001108265915,315.4913983400727,15.160187251053344,13.969815546825707,15.336240979508068,-315.4913983400727,0.0,0.6666666666666666
mi_top_k_nolags_LGBM,P_Power,2022-02-14,39703.496959641205,188.65511187429854,141.53794331084006,74.38113998404599,199.2573636271473,188.65511187429854,8.930714150429258,8.47893883885723,8.385479129440549,-183.9066763412279,0.625,0.75
mi_top_k_nolags_LGBM,P_Power,2022-02-15,66275.88865449947,252.5486067340277,190.0487840108337,100.01137727560189,257.441039180818,252.5486067340277,11.153219855078405,10.53963102667617,11.018640026353596,-252.5486067340277,0.2916666666666667,0.7916666666666666
mi_top_k_nolags_LGBM,P_Power,2022-02-16,90323.89380713091,288.3562062570703,227.64462304853654,119.11308057764647,300.5393382023906,288.3562062570703,12.982395171878663,12.114734231325182,12.665325109155988,-288.3562062570703,0.2916666666666667,0.5
mi_top_k_nolags_LGBM,P_Power,2022-02-17,180734.32248924123,409.1406622770994,339.7524284787252,176.7917522604971,425.12859523824227,409.1406622770994,18.81482588206356,17.09963127022668,18.623227209563286,-409.1406622770994,0.08333333333333333,0.20833333333333334
mi_top_k_nolags_LGBM,P_Power,2022-02-18,58405.67197844518,208.90836734747958,157.85244912361736,82.85450230422713,241.67265459386417,208.90836734747958,9.194476237577167,8.676721326899232,9.284300532080643,-208.90836734747958,0.5416666666666666,0.8333333333333334
mi_top_k_nolags_LGBM,P_Power,2022-02-19,67412.52216385781,229.8095644931741,175.8783844746249,92.54518944034903,259.6392153813784,229.8095644931741,10.877846134706765,10.168063902749102,10.887213204650203,-229.8095644931741,0.4583333333333333,0.7083333333333334
mi_top_k_nolags_LGBM,P_Power,2022-02-20,115107.43733194056,312.304795974946,242.80089936834358,127.9459403175071,339.2748698797784,312.304795974946,15.88066245545137,14.558820461711457,16.093000758773385,-312.304795974946,0.041666666666666664,0.5833333333333334
mi_top_k_nolags_LGBM,P_Power,2022-02-21,13471.039275506979,97.10154877455899,62.41710634731317,32.47499694346549,116.06480636052851,97.10154877455899,4.408978250391179,4.529262995246587,4.635388972607437,75.96044405544592,0.9583333333333334,1.0
mi_top_k_nolags_LGBM,P_Power,2022-02-22,9288.087647057904,80.82207588114726,55.07699467019555,28.57149085229126,96.37472514647139,80.82207588114726,3.8150681827089126,3.9064461695301858,3.851260711366443,61.150786369800564,1.0,1.0
mi_top_k_nolags_LGBM,P_Power,2022-02-23,7089.515849520016,67.00382782050453,56.18616782061783,29.18959379761913,84.19926276114307,67.00382782050453,3.2668205286912255,3.2554371107516835,3.2839379430247035,0.7102926706786926,1.0,1.0
mi_top_k_nolags_LGBM,P_Power,2022-02-24,34029.81202100469,126.35312558410271,108.30600074095803,56.308896901808026,184.47171062524652,126.35312558410271,6.47345110721403,6.060928778491452,6.097130683785953,-92.36272577921277,0.75,0.7916666666666666
mi_top_k_nolags_LGBM,P_Power,2022-02-25,136997.1563989284,315.89546232226013,265.1086610667619,137.84845285298272,370.131269145054,315.89546232226013,19.121457778571113,16.89886932273019,17.84757938782659,-309.4143710490393,0.2916666666666667,0.5416666666666666
mi_top_k_nolags_LGBM,P_Power,2022-02-26,212470.57759028688,445.2728492583776,373.89602924544823,194.39602961705532,460.94530867586326,445.2728492583776,27.55582961031675,24.051469811709847,27.467963095708992,-445.2728492583776,0.0,0.16666666666666666
mi_top_k_nolags_LGBM,P_Power,2022-02-27,160079.34462007997,387.7226864112518,320.1400197159887,166.59261190787288,400.09916848211515,387.7226864112518,23.96409247246288,21.24810959336714,23.401370768784016,-387.7226864112518,0.125,0.25
mi_top_k_nolags_LGBM,P_Power,2022-02-28,56491.47615160109,217.41708266246425,165.30054355709828,86.73331205908902,237.67935575392553,217.41708266246425,13.221606965048812,12.288323302440944,12.492721731977143,-181.4411090244569,0.375,0.75
mutual_lags_LGBM_0,P_Power,2022-01-01,143102.93639322728,330.3262789700886,268.7650066469551,139.83087007765138,378.28948755315326,330.3262789700886,16.86777466733108,15.232680922687747,17.271059237168704,-330.3262789700886,0.20833333333333334,0.3333333333333333
mutual_lags_LGBM_0,P_Power,2022-01-02,7689.095779595123,77.98894594101127,58.87611044368841,30.775266049531126,87.6874892991875,77.98894594101127,3.8519780399731363,3.810111147544743,3.9364995995311505,-24.962405326560532,0.9583333333333334,0.9583333333333334
mutual_lags_LGBM_0,P_Power,2022-01-03,33938.62536172839,162.1618341614927,112.79270573124579,59.26636453317326,184.22438861814248,162.1618341614927,8.05774103792565,7.655295554009668,8.01016741146942,-156.7898320209151,0.625,0.9166666666666666
mutual_lags_LGBM_0,P_Power,2022-01-04,11559.097943525803,80.06280536811106,57.973295873923576,30.283626314192418,107.51324543295027,80.06280536811106,3.637663380084988,3.740820140766238,3.7497069499273388,61.69646111922251,0.875,1.0
mutual_lags_LGBM_0,P_Power,2022-01-05,6193.14898736966,67.33949034356654,52.94112009874208,27.60877887333631,78.69656274177201,67.33949034356654,3.1636558903371337,3.1519023394815058,3.156310517102469,-18.988478326184133,0.9166666666666666,1.0
mutual_lags_LGBM_0,P_Power,2022-01-06,22850.38859676047,121.54918848321734,91.96579953953552,48.395521847423595,151.16344993668432,121.54918848321734,5.736003844849158,5.553036044494137,5.8255062776524005,-72.91470075855638,0.6666666666666666,0.9166666666666666
mutual_lags_LGBM_0,P_Power,2022-01-07,75854.91188512433,201.31225744108403,158.4158147103353,82.793026402866,275.4177043785027,201.31225744108403,10.20539373467288,9.334037596205937,10.769968833783652,-199.21926455094845,0.5416666666666666,0.7083333333333334
mutual_lags_LGBM_0,P_Power,2022-01-08,2744.254491959526,39.27246042641448,40.03236930431242,20.72243421486836,52.3856324955567,39.27246042641448,1.976811322020401,1.9605404683150691,1.9991962190433268,-15.957025226601209,1.0,1.0
mutual_lags_LGBM_0,P_Power,2022-01-09,33976.70874403112,150.76303681177617,96.02385301141611,50.62189006563715,184.32772104062678,150.76303681177617,6.459319731880366,6.764080321108103,7.103004054688458,142.82723602015972,0.5416666666666666,1.0
mutual_lags_LGBM_0,P_Power,2022-01-10,12220.05933832513,86.56900297788489,57.338763207816015,29.968687725840606,110.54437723523132,86.56900297788489,3.655205098194298,3.7017198493941055,3.8834112227653366,25.217840248851832,0.875,1.0
mutual_lags_LGBM_0,P_Power,2022-01-11,11657.19263035757,93.23944331120497,59.210201985871315,30.99908646031727,107.96847980016005,93.23944331120497,3.9567679525665462,4.067559914949858,3.9047036930829697,92.79873473062806,0.7916666666666666,0.9583333333333334
mutual_lags_LGBM_0,P_Power,2022-01-12,5273.247010969735,66.64948084584863,51.30729258570495,26.725784864062746,72.6171261547146,66.64948084584863,2.588137479576706,2.554770675889002,2.6347703786982644,-55.49363647302098,1.0,1.0
mutual_lags_LGBM_0,P_Power,2022-01-13,14409.736281536394,89.11557599103661,59.753077088788274,31.194594971162484,120.04056098476212,89.11557599103661,3.129688724986172,3.2105481234273348,3.4220107419698698,79.25693845555048,0.9166666666666666,1.0
mutual_lags_LGBM_0,P_Power,2022-01-14,16221.773908976314,109.55640210611723,82.46413513223858,43.29501082460623,127.36472788404298,109.55640210611723,4.724217723622103,4.649375991431795,4.645212043094237,-42.27968163837335,0.6666666666666666,0.9166666666666666
mutual_lags_LGBM_0,P_Power,2022-01-15,43000.45773955489,132.63534070157226,99.32376663842054,51.623925718075306,207.3655172384138,132.63534070157226,6.997308756215991,6.453412744559567,6.321591879964468,-76.83353330447947,0.7083333333333334,0.875
mutual_lags_LGBM_0,P_Power,2022-01-16,9380.37036645887,85.9176089982066,58.87238282091823,30.74687155373741,96.85231213790856,85.9176089982066,4.130138919707313,4.241351627777277,4.0624423560271214,84.20980539426753,0.75,0.9583333333333334
mutual_lags_LGBM_0,P_Power,2022-01-17,19572.108493639145,119.99547133893411,76.21537745126994,39.95825337401738,139.90035201399297,119.99547133893411,5.193361446582247,5.381290296849522,5.168876646088051,119.99547133893411,0.6666666666666666,0.875
mutual_lags_LGBM_0,P_Power,2022-01-18,36005.42956927686,161.80623995452336,115.26020420461923,60.69005312262063,189.75096724200606,161.80623995452336,6.611716307742488,6.350654206805712,6.919934778688166,-135.77251821860963,0.7083333333333334,0.9166666666666666
mutual_lags_LGBM_0,P_Power,2022-01-19,12919.822776065825,100.7471999278609,67.73099268143558,35.53932747471421,113.66539832361397,100.7471999278609,4.379013469013523,4.3440288608580655,4.378076414347492,-30.87168053207115,0.9583333333333334,1.0
mutual_lags_LGBM_0,P_Power,2022-01-20,14343.987025948185,105.07670072991834,76.92629572782863,40.40296370281438,119.76638520865605,105.07670072991834,4.718884319235391,4.662125793275374,4.739776636647515,-50.94749241301736,0.875,1.0
mutual_lags_LGBM_0,P_Power,2022-01-21,10850.650431787632,92.97805965449054,66.34704126048295,34.70328277022963,104.16645540569974,92.97805965449054,4.090780030185045,4.060594048860521,4.180292224372383,-38.044616247338986,0.9166666666666666,1.0
mutual_lags_LGBM_0,P_Power,2022-01-22,13032.921583105892,92.87742638470654,68.62865834907245,35.93556596930686,114.16182191567324,92.87742638470654,4.299034709127609,4.194199997787127,4.376701073104032,-63.67787478952261,0.875,0.9166666666666666
mutual_lags_LGBM_0,P_Power,2022-01-23,8280.943513753053,71.45801113222879,54.52210023982741,28.412584437245744,90.99968963547651,71.45801113222879,3.231560235673108,3.1693759218116617,3.331375810360316,-50.55693768116766,1.0,1.0
mutual_lags_LGBM_0,P_Power,2022-01-24,7766.912055851113,69.44906483328464,44.89307239331243,23.300226272575497,88.13008598572404,69.44906483328464,2.773576147201939,2.814233431311906,2.9427258115182946,47.694297313840785,1.0,1.0
mutual_lags_LGBM_0,P_Power,2022-01-25,10421.055464972676,94.09127118953633,58.504088684654484,30.556300649023928,102.08357098462356,94.09127118953633,3.6924824218527186,3.7732582096262757,3.6961226861062912,94.09127118953633,0.875,0.9583333333333334
mutual_lags_LGBM_0,P_Power,2022-01-26,15497.684043420018,105.75784947993166,76.2078519122428,40.020261782732,124.48969452697689,105.75784947993166,4.309901969853726,4.224824835383897,4.262238142887493,-65.05411415811945,0.75,0.9583333333333334
mutual_lags_LGBM_0,P_Power,2022-01-27,4762.74254810191,46.75690695321197,40.38747825365089,20.946907069283803,69.01262600497036,46.75690695321197,1.8469128069203762,1.8292189768000562,1.9672209253286759,-13.674456153430944,1.0,1.0
mutual_lags_LGBM_0,P_Power,2022-01-28,8662.296338984808,83.72690719624374,51.640042088130265,26.900162308093215,93.07145824034782,83.72690719624374,3.635651834410958,3.717780781297983,3.642775024173759,83.72690719624374,0.875,1.0
mutual_lags_LGBM_0,P_Power,2022-01-29,9686.134142483874,86.89770923219099,65.09873387141454,34.08874222804606,98.41815961743988,86.89770923219099,4.098946864981198,4.073385557656831,4.062301606132928,-34.03239168711921,0.8333333333333334,1.0
mutual_lags_LGBM_0,P_Power,2022-01-30,11158.839018091048,98.16849639288334,62.35836842413513,32.63652832690064,105.63540608191482,98.16849639288334,4.600054794895899,4.726731037109966,4.570555990069896,98.16849639288334,0.7083333333333334,0.9166666666666666
mutual_lags_LGBM_0,P_Power,2022-01-31,10545.926280726719,85.58403020263403,60.16147304469257,31.40037966424273,102.69336045103753,85.58403020263403,3.826668037421809,3.730285488261525,3.8493927508001695,-80.91600413080886,0.9166666666666666,1.0
mutual_lags_LGBM_0,P_Power,2022-02-01,6903.206584618975,73.73132662688313,52.913173893887894,27.50107642713171,83.08553775849907,73.73132662688313,3.275237239953468,3.3493116180735583,3.1151339477954325,71.99886683922746,0.8333333333333334,0.875
mutual_lags_LGBM_0,P_Power,2022-02-02,2194.555568734016,34.04408536072206,35.290686925971734,18.284921416422236,46.84608381427434,34.04408536072206,1.38792501648178,1.3970620142521115,1.4462535466225732,11.814310124560413,1.0,1.0
mutual_lags_LGBM_0,P_Power,2022-02-03,10135.146903373896,84.03859945756217,58.21681679710366,30.446615091975662,100.67346672968948,84.03859945756217,3.5908897434465015,3.531789142226132,3.574646531263777,-55.76476179698488,0.9166666666666666,1.0
mutual_lags_LGBM_0,P_Power,2022-02-04,2538.793561698208,35.676979799141854,39.71280690591181,20.609722335101498,50.38644224092636,35.676979799141854,1.4848325468649182,1.4749009163846771,1.5164995903081968,-15.549414791009184,0.9583333333333334,1.0
mutual_lags_LGBM_0,P_Power,2022-02-05,7956.403412614879,64.21400069656414,52.46090690594118,27.325915232174737,89.19867382766898,64.21400069656414,2.78942023653536,2.726346774738651,2.900574260602422,-46.83898712687951,0.9166666666666666,1.0
mutual_lags_LGBM_0,P_Power,2022-02-06,1585.066854261875,33.18901591850203,36.032444966062734,18.59181327957003,39.81289808921068,33.18901591850203,1.5370440423735356,1.5459242143132954,1.5474448065229611,19.661514912723295,1.0,1.0
mutual_lags_LGBM_0,P_Power,2022-02-07,14644.942516242207,94.73720517940546,75.07406269372726,39.37793722433121,121.01629029284531,94.73720517940546,4.387512167885607,4.2393259443127596,4.382532505870632,-89.56140564488862,0.75,1.0
mutual_lags_LGBM_0,P_Power,2022-02-08,31523.57945850733,140.0016564303078,106.74038946801979,56.18274731228073,177.5488086654127,140.0016564303078,6.568855030392978,6.240909094415889,6.680982399652011,-132.59292429767947,0.625,0.875
mutual_lags_LGBM_0,P_Power,2022-02-09,43930.81156683948,158.24047555256794,117.03655294247314,61.596834019928984,209.59678329315906,158.24047555256794,7.489781492197506,7.034703320160772,7.798410682004938,-154.19422811721293,0.7083333333333334,0.875
mutual_lags_LGBM_0,P_Power,2022-02-10,5523.097202918248,61.69297785542298,41.37699993555744,21.46885627671168,74.31754303607089,61.69297785542298,2.8328961962985897,2.8453356933410054,2.9335874728415163,12.153692383856585,1.0,1.0
mutual_lags_LGBM_0,P_Power,2022-02-11,18766.946302674067,114.54578465051812,82.03675154431271,43.02634472303748,136.99250454924191,114.54578465051812,5.3938538267102025,5.237397196044377,5.5545092782881555,-86.4801459637946,0.875,1.0
mutual_lags_LGBM_0,P_Power,2022-02-12,21216.99047994211,115.97343692954296,82.05581593716708,43.04457881322901,145.66053164787678,115.97343692954296,5.85630056010181,5.605582732335449,5.889181200045344,-111.20645114856211,0.875,1.0
mutual_lags_LGBM_0,P_Power,2022-02-13,2242.649740631427,40.54648323943244,35.39056008354352,18.216819022128416,47.356622985929086,40.54648323943244,1.9227513533843041,1.9387521020642295,1.9709907816923768,22.34779350629202,1.0,1.0
mutual_lags_LGBM_0,P_Power,2022-02-14,5654.081014309998,50.79187780891746,43.2399301112146,22.46056513089378,75.1936234950145,50.79187780891746,2.10872721448762,2.146639352425228,2.2576341933186517,35.388040390399105,0.9583333333333334,1.0
mutual_lags_LGBM_0,P_Power,2022-02-15,2301.8221745109636,39.869506983257516,41.32404256601537,21.391192546043026,47.97730895445225,39.869506983257516,1.79604156230562,1.800465378814229,1.7394977986925255,2.916862979474947,1.0,1.0
mutual_lags_LGBM_0,P_Power,2022-02-16,9222.641786919014,78.15648610880626,56.01301000380783,29.14975770511067,96.034586409892,78.15648610880626,3.4744041804840817,3.5399829816010873,3.4328281634929922,43.129162809626614,0.7916666666666666,0.875
mutual_lags_LGBM_0,P_Power,2022-02-17,10241.461016951203,65.17579168121793,47.07601332792717,24.490880302499246,101.20010383863844,65.17579168121793,2.767147136701691,2.7774292697915706,2.9666657190392502,-5.452200503528758,1.0,1.0
mutual_lags_LGBM_0,P_Power,2022-02-18,21189.70860027645,116.57592061523503,72.18570765716701,37.954137948009965,145.56685268383202,116.57592061523503,4.974864330943479,5.149622843294318,5.180864201554804,108.0464958480901,0.875,1.0
mutual_lags_LGBM_0,P_Power,2022-02-19,13011.258494744427,100.58732142482113,75.21836503371793,39.36711432057964,114.06690359058769,100.58732142482113,4.722868523517974,4.792839688283749,4.765317825008255,32.14847327386092,0.75,0.875
mutual_lags_LGBM_0,P_Power,2022-02-20,2668.4318852153046,41.129887176354366,41.65760653769268,21.56868984752911,51.65686677698624,41.129887176354366,2.099059776987051,2.080719573989835,2.1194144760762312,-18.641067960499765,1.0,1.0
mutual_lags_LGBM_0,P_Power,2022-02-21,3105.433127540227,40.671794722241636,37.77949804994583,19.58198241472525,55.72641319464431,40.671794722241636,1.8980102800178114,1.9124860393590155,1.9415713871808782,17.557787039643397,1.0,1.0
mutual_lags_LGBM_0,P_Power,2022-02-22,7500.75668460161,76.00409932169266,50.557728427288275,26.411637511030534,86.60690898884228,76.00409932169266,3.5837910912527184,3.5303073654686794,3.621678835011295,-39.71237318893203,0.9583333333333334,1.0
mutual_lags_LGBM_0,P_Power,2022-02-23,19673.605785418524,105.93577749559239,71.78399235135124,37.54643848404033,140.26263146475802,105.93577749559239,5.029520388658406,4.860642805356408,5.19203947830482,-65.85593220018592,0.875,1.0
mutual_lags_LGBM_0,P_Power,2022-02-24,42408.68413292612,164.91654936780847,127.48580539737804,66.63194025469777,205.93368867896802,164.91654936780847,8.355956325081927,7.905387393789969,7.957996676111323,-103.53804100524934,0.5833333333333334,0.7916666666666666
mutual_lags_LGBM_0,P_Power,2022-02-25,59578.2449330703,196.66826547908985,155.9736315341241,81.78169356952955,244.0865521348325,196.66826547908985,11.430119700070705,10.592695357348003,11.111436851294298,-122.28774020345958,0.4583333333333333,0.6666666666666666
mutual_lags_LGBM_0,P_Power,2022-02-26,14127.833156271117,94.67372058424866,69.75409798633882,36.66579897757202,118.86056182044202,94.67372058424866,5.901155620304561,5.708904903980361,5.8402264307667755,-41.784475488175076,0.75,1.0
mutual_lags_LGBM_0,P_Power,2022-02-27,15799.950662787023,98.64249544274344,74.98384303561313,39.30023844643933,125.69785464671632,98.64249544274344,5.616736670548975,5.631862377122348,5.953661444936117,4.275312131601889,0.75,1.0
mutual_lags_LGBM_0,P_Power,2022-02-28,52467.99481588026,176.8539314397561,140.91115603902168,73.59623822313095,229.05893306282613,176.8539314397561,10.315018716852187,9.542093578750862,10.161974972836274,-136.12797463024216,0.625,0.7083333333333334
mutual_lags_LGBM_1,P_Power,2022-01-01,118865.97744733111,300.73943719712344,240.36262352425283,125.53385973764973,344.7694555022691,300.73943719712344,15.390360418195211,14.018083209933243,15.724115716674868,-300.73943719712344,0.20833333333333334,0.375
mutual_lags_LGBM_1,P_Power,2022-01-02,3669.4196108031756,51.630036659126745,43.270416242014996,22.521454041168578,60.575734504859085,51.630036659126745,2.6578310607884013,2.6879256145507275,2.606031100691597,12.678409409247744,0.9583333333333334,1.0
mutual_lags_LGBM_1,P_Power,2022-01-03,37566.280806552975,174.1600626389412,123.5241624684242,64.9512335747081,193.82022806341183,174.1600626389412,8.813170657116133,8.340364944754427,8.602833492501233,-173.19901168757315,0.4166666666666667,0.9166666666666666
mutual_lags_LGBM_1,P_Power,2022-01-04,10349.016181095021,82.5326432804785,52.51233510996743,27.44677819034411,101.73011442584256,82.5326432804785,3.6671384749107974,3.7478414763115606,3.865380743052841,65.78537240359505,0.9583333333333334,1.0
mutual_lags_LGBM_1,P_Power,2022-01-05,9367.1800780807,88.4990475724381,62.45756541696813,32.726762495023216,96.78419332763332,88.4990475724381,4.3422775565443335,4.377313418770715,4.148093090418299,5.267558406351166,0.75,1.0
mutual_lags_LGBM_1,P_Power,2022-01-06,18971.05635636155,110.59075531498972,80.73264644672034,42.386633315927206,137.73545787618215,110.59075531498972,5.169543950375878,5.111536956262946,5.300299799424381,-26.096453863357493,0.7083333333333334,0.9583333333333334
mutual_lags_LGBM_1,P_Power,2022-01-07,53839.5851731124,179.6216211475361,134.29440566531252,70.57276157245498,232.03358630403574,179.6216211475361,9.215354864059753,8.583914121119673,9.60954532139611,-174.6718913599718,0.5833333333333334,0.7916666666666666
mutual_lags_LGBM_1,P_Power,2022-01-08,6217.449478321502,60.0201588681084,51.11359205496442,26.675030994801165,78.85080518499163,60.0201588681084,3.2930278865856915,3.3882251417723617,3.055374513657819,38.58454525708897,0.8333333333333334,1.0
mutual_lags_LGBM_1,P_Power,2022-01-09,40278.07478036517,164.34037805523755,111.06868138193666,58.54660510776708,200.69398292017917,164.34037805523755,7.0639706733061525,7.432248447249866,7.742682797858096,159.4185896192316,0.4583333333333333,0.875
mutual_lags_LGBM_1,P_Power,2022-01-10,7435.4518164301235,70.9276943209946,49.669674569398275,25.924466379244393,86.2290659605572,70.9276943209946,3.0850066157450007,3.126726077960762,3.1817555320740447,39.343439907415814,0.9166666666666666,1.0
mutual_lags_LGBM_1,P_Power,2022-01-11,7987.894883816548,74.41464186430382,54.18831754768346,28.353078623467194,89.37502382554395,74.41464186430382,3.327051869653326,3.413471460125391,3.116354158584676,62.15819409046767,0.875,1.0
mutual_lags_LGBM_1,P_Power,2022-01-12,3032.632455029067,46.318273180924734,41.407299893060745,21.51061174938503,55.06934224256784,46.318273180924734,1.8816838247234358,1.8876762687469673,1.8310422319989617,-5.766548782666575,1.0,1.0
mutual_lags_LGBM_1,P_Power,2022-01-13,26176.69125154469,125.92602343942447,82.33195540614025,43.31314961752479,161.79212357696738,125.92602343942447,4.473769053195909,4.632638280477893,4.835520615908972,125.92602343942447,0.6666666666666666,0.9166666666666666
mutual_lags_LGBM_1,P_Power,2022-01-14,21120.140569448686,117.35754216309972,88.32097159386281,46.42856248925014,145.32770062671702,117.35754216309972,5.054635823989814,4.913667817258647,4.975981847924625,-57.640756452022906,0.6666666666666666,1.0
mutual_lags_LGBM_1,P_Power,2022-01-15,58254.92143473584,207.34150835101119,144.11372179999498,75.11404582988932,241.3605631306321,207.34150835101119,10.673973637785911,10.133007486713067,9.882195715246503,-33.27292143451161,0.5,0.8333333333333334
mutual_lags_LGBM_1,P_Power,2022-01-16,10906.059713991433,83.88088265379761,64.96827390855081,34.02116812961485,104.43208182350591,83.88088265379761,3.9980638081249666,4.010555258029725,3.966139823104725,-2.0099685737436346,0.8333333333333334,1.0
mutual_lags_LGBM_1,P_Power,2022-01-17,20939.46924334753,120.10071115343014,75.2750784441319,39.530855655568836,144.70476579348562,120.10071115343014,4.803368176531714,4.968889268265018,5.17340991399656,117.02376407057936,0.7916666666666666,1.0
mutual_lags_LGBM_1,P_Power,2022-01-18,15400.873299522302,109.64236593351434,77.14322755156486,40.56826293137181,124.10025503407438,109.64236593351434,4.802475818657629,4.74909386548291,4.689052915723292,-38.550330769335424,0.625,1.0
mutual_lags_LGBM_1,P_Power,2022-01-19,12223.758434203468,101.42707522386206,66.5345267628777,34.946008582197216,110.56110724031063,101.42707522386206,4.502469343371305,4.451089395859338,4.407621116336744,-36.41466950883228,0.8333333333333334,1.0
mutual_lags_LGBM_1,P_Power,2022-01-20,11238.971676754974,84.91818472933466,64.12276590166239,33.5783019383394,106.01401641648606,84.91818472933466,3.7084638589846906,3.615163871804681,3.8304707438536547,-71.23955793104062,0.875,0.9583333333333334
mutual_lags_LGBM_1,P_Power,2022-01-21,4789.534393020329,51.72824184713851,44.32655588485941,23.04385904650631,69.20646207559182,51.72824184713851,2.2765633017017413,2.2670995976820247,2.3257010092230246,-16.47433867222794,1.0,1.0
mutual_lags_LGBM_1,P_Power,2022-01-22,3071.256072688933,44.985196207392676,40.42598220613567,20.994894353297415,55.41891439471665,44.985196207392676,2.1430630630914047,2.142670542990241,2.1198558592608774,1.1376830040345378,0.9583333333333334,1.0
mutual_lags_LGBM_1,P_Power,2022-01-23,12781.150172213596,87.05343792009448,60.81861081752356,31.807701325476344,113.05374904094776,87.05343792009448,3.9628457442449605,3.843336627779153,4.058435334270139,-79.42351566278516,0.9583333333333334,1.0
mutual_lags_LGBM_1,P_Power,2022-01-24,6218.001430426645,64.43510355335336,46.30375136908312,24.190128675881443,78.85430508492637,64.43510355335336,2.693817262361593,2.7363917106689186,2.7302720756497645,50.43561806864651,1.0,1.0
mutual_lags_LGBM_1,P_Power,2022-01-25,14230.098745769928,108.89936101849905,69.7949401775618,36.6489017358559,119.28997755792365,108.89936101849905,4.347637489534297,4.465143067014844,4.2778186932149245,108.89936101849905,0.8333333333333334,0.9583333333333334
mutual_lags_LGBM_1,P_Power,2022-01-26,7068.468128242163,73.29785897633364,54.221477062609665,28.31000771645472,84.07418229303312,73.29785897633364,2.99711956570895,2.966393952346947,2.9540401195487656,-37.05870415880164,0.9166666666666666,1.0
mutual_lags_LGBM_1,P_Power,2022-01-27,10928.709127550961,93.11818731448962,66.56180282653843,34.8494761532776,104.54046645940969,93.11818731448962,4.065129658348962,3.9684957242637804,3.9177965043120846,-77.81003204796153,0.7083333333333334,1.0
mutual_lags_LGBM_1,P_Power,2022-01-28,3876.668338405878,46.749366100940385,41.272548860100734,21.42184096602993,62.26289696445129,46.749366100940385,2.0822836588311735,2.0649035801103084,2.0339629031000572,-13.699900978471732,1.0,1.0
mutual_lags_LGBM_1,P_Power,2022-01-29,8907.340512460209,81.8588468988286,57.571520506248156,30.09440922940381,94.37870794019278,81.8588468988286,3.818585500055254,3.772047320567007,3.826744435169922,-41.9208176550475,0.9583333333333334,1.0
mutual_lags_LGBM_1,P_Power,2022-01-30,9528.666490674079,83.75637846652806,60.87280182125588,31.833826391550186,97.61488867316338,83.75637846652806,4.019449136101834,4.1301023470046445,3.8995526199635555,72.47758106450614,0.875,0.9583333333333334
mutual_lags_LGBM_1,P_Power,2022-01-31,8330.203915266116,77.71247865292999,57.510268859974474,30.019666367155995,91.26995077935626,77.71247865292999,3.5562389881391785,3.485432919447171,3.4953466349390827,-57.35349204649962,1.0,1.0
mutual_lags_LGBM_1,P_Power,2022-02-01,8409.581992797092,82.41037133721177,57.6898855469614,30.188195374787313,91.70377305649474,82.41037133721177,3.68510348218326,3.77656332629239,3.4818218679571915,78.00467545199619,0.8333333333333334,0.9166666666666666
mutual_lags_LGBM_1,P_Power,2022-02-02,2855.753161037946,39.37167043368573,36.206626773506564,18.78180900112382,53.43924738465116,39.37167043368573,1.6144810961491525,1.6326729650185317,1.672578875238885,21.080130483691665,1.0,1.0
mutual_lags_LGBM_1,P_Power,2022-02-03,6291.573084421896,61.778278305809174,43.78487955378798,22.790760412146312,79.31943699007132,61.778278305809174,2.5989683409003135,2.5893405168780017,2.6277866323180046,-5.222189168808815,1.0,1.0
mutual_lags_LGBM_1,P_Power,2022-02-04,3593.1284273041274,45.8699700472163,41.233810874712816,21.385155078764885,59.94270954256345,45.8699700472163,1.9393435280509588,1.9354957963775496,1.9497668013290173,-5.822125969524232,1.0,1.0
mutual_lags_LGBM_1,P_Power,2022-02-05,4613.896515288837,47.98194561800178,42.39526608266821,22.056623515125157,67.9256690455739,47.98194561800178,2.150330970683309,2.119047596409922,2.1673652929811595,-25.092340867887987,0.9583333333333334,1.0
mutual_lags_LGBM_1,P_Power,2022-02-06,1088.6188990851097,27.984832905343648,34.34283665540079,17.760809506394605,32.99422523844301,27.984832905343648,1.323383693787449,1.3230121212766253,1.3047986854182523,0.8914327616671756,1.0,1.0
mutual_lags_LGBM_1,P_Power,2022-02-07,18522.989396829664,110.73856202484943,80.62082297868382,42.27292004863656,136.09918955243512,110.73856202484943,4.943278271666114,4.767067636527482,5.122753482206107,-104.29966029715276,0.7083333333333334,1.0
mutual_lags_LGBM_1,P_Power,2022-02-08,30475.860757997176,149.1094564262511,106.15155931673728,55.77169596827675,174.57336783712793,149.1094564262511,6.960375341676272,6.646987437281693,7.1156133391990615,-149.1094564262511,0.7083333333333334,0.875
mutual_lags_LGBM_1,P_Power,2022-02-09,31366.94225216664,114.53597962642993,90.56469522359696,47.63283773296502,177.10714907130836,114.53597962642993,5.502701250774609,5.177670425552172,5.644564728926943,-100.96594421189786,0.75,0.9583333333333334
mutual_lags_LGBM_1,P_Power,2022-02-10,10675.782111612607,76.67317534791744,51.03323236647967,26.615406994316714,103.32367643290964,76.67317534791744,3.534132155114108,3.5727480169839003,3.645916837257351,33.774270807748486,1.0,1.0
mutual_lags_LGBM_1,P_Power,2022-02-11,6825.11293234942,65.22863880454936,49.6237526407171,25.88196710617524,82.61424170413609,65.22863880454936,3.0092835178823805,2.9800125555753425,3.163041578137528,-21.73854688389258,0.9583333333333334,1.0
mutual_lags_LGBM_1,P_Power,2022-02-12,15020.238942984362,99.31541253039575,68.8871819712619,36.10642987520308,122.5570844259293,99.31541253039575,4.970926119200125,4.814116062745065,5.043279528777689,-70.67208862653892,1.0,1.0
mutual_lags_LGBM_1,P_Power,2022-02-13,7463.3693305567695,71.24605479632429,52.62072345298028,27.485832277469253,86.3907942465907,71.24605479632429,3.491841144152097,3.4770287145664462,3.4633168160669987,2.2280866496495833,1.0,1.0
mutual_lags_LGBM_1,P_Power,2022-02-14,10235.338425527769,76.51522608941657,53.7810007946573,28.092677884996174,101.16984938966633,76.51522608941657,3.2263568399487936,3.2929752192245143,3.4010042191951775,48.38532409577727,0.9166666666666666,1.0
mutual_lags_LGBM_1,P_Power,2022-02-15,5352.093603621021,57.694588723590435,40.90772604011877,21.275493378809216,73.15800437150416,57.694588723590435,2.4689314168828673,2.500079682701434,2.51720218469971,34.26811072013461,0.9583333333333334,1.0
mutual_lags_LGBM_1,P_Power,2022-02-16,8020.516204581145,69.89691271269572,47.90075788947366,24.9543483053708,89.55733473357246,69.89691271269572,2.9764238266007936,3.0339705572890177,3.070047061318915,50.20670412644046,0.9583333333333334,1.0
mutual_lags_LGBM_1,P_Power,2022-02-17,7558.178855110799,64.98619230378205,47.556019530614115,24.766436411986888,86.93778726831503,64.98619230378205,2.884616140597812,2.8719568938749234,2.958035551934547,-0.5841926452551055,1.0,1.0
mutual_lags_LGBM_1,P_Power,2022-02-18,18525.388503735197,116.13367401304346,76.67781287216965,40.258238369180766,136.10800308481203,116.13367401304346,5.181580619177062,5.347244427655214,5.161209888919214,98.12190372254794,0.7083333333333334,0.9583333333333334
mutual_lags_LGBM_1,P_Power,2022-02-19,18835.966116016465,103.98560016611111,76.37575896806254,40.09744196393178,137.2441842702869,103.98560016611111,4.7107304066403985,4.879251483814232,4.926311059849676,84.13410584339537,0.6666666666666666,0.9166666666666666
mutual_lags_LGBM_1,P_Power,2022-02-20,4447.303826379396,52.554758257277854,45.05014458203569,23.449862021352327,66.68810858301048,52.554758257277854,2.719773516233272,2.6727700722864056,2.708135691196282,-31.92122130385987,1.0,1.0
mutual_lags_LGBM_1,P_Power,2022-02-21,6998.852842250614,70.48983653526041,47.80024812122932,24.94859063471621,83.6591467937046,70.48983653526041,3.4064865074279513,3.481306459903371,3.365011321447183,55.29397144593133,0.9583333333333334,1.0
mutual_lags_LGBM_1,P_Power,2022-02-22,5471.6061161043535,61.58324806219742,46.89390831321935,24.406383181002145,73.97030563749452,61.58324806219742,3.0294022184950102,3.05962867567844,2.934509428946728,12.024231677153836,0.9166666666666666,1.0
mutual_lags_LGBM_1,P_Power,2022-02-23,15053.557262002432,94.80077015834787,64.87388299425429,33.93468633919144,122.69293892479075,94.80077015834787,4.482883294343429,4.355626482971881,4.646299417175872,-59.32270824032249,0.8333333333333334,1.0
mutual_lags_LGBM_1,P_Power,2022-02-24,29920.831166742963,139.64982577159162,106.90524246691932,56.000651910055524,172.9763890441206,139.64982577159162,7.15888791029635,6.956372712955113,6.738758806014543,-20.935902721953237,0.5,0.7916666666666666
mutual_lags_LGBM_1,P_Power,2022-02-25,64832.14666901729,218.56529431868614,175.0251371380297,91.62001381505597,254.62157541932163,218.56529431868614,13.146602880400449,12.078562459874902,12.348583335448415,-193.77585283794528,0.2916666666666667,0.4583333333333333
mutual_lags_LGBM_1,P_Power,2022-02-26,7151.780822780732,69.53391951679086,51.93977826280642,27.08658068208305,84.5682021966929,69.53391951679086,4.299522381699891,4.182667437209516,4.289403987618667,-53.34170362930061,0.9166666666666666,1.0
mutual_lags_LGBM_1,P_Power,2022-02-27,7435.417305270526,61.69628297786141,49.29027956702338,25.706038398470042,86.22886584706148,61.69628297786141,3.5586839751855717,3.6188955392529025,3.7237377218865104,23.671403521176472,0.9166666666666666,1.0
mutual_lags_LGBM_1,P_Power,2022-02-28,24981.729958313634,119.09751601232547,95.02520038238379,49.93542879478608,158.05609750437858,119.09751601232547,6.819180007703847,6.444593382739648,6.843308300762805,-102.14247557432941,0.625,0.9166666666666666
mutual_lags_LGBM_2,P_Power,2022-01-01,145587.1223662905,345.24506166474765,287.74061292277355,149.82705098948975,381.55880590846084,345.24506166474765,17.76955410921255,16.07930140198188,18.051085520482467,-345.24506166474765,0.125,0.2916666666666667
mutual_lags_LGBM_2,P_Power,2022-01-02,6066.273972075018,65.47832214000324,51.51103411876542,26.91935091864002,77.88628872962826,65.47832214000324,3.2743769707044157,3.2062042587669626,3.305024651532714,-60.304898848863154,1.0,1.0
mutual_lags_LGBM_2,P_Power,2022-01-03,43842.92116581364,186.83654483260042,140.13894877998163,73.74215912357464,209.38701288717417,186.83654483260042,9.680445439279731,9.069434776417062,9.229002683820317,-186.83654483260042,0.4166666666666667,0.8333333333333334
mutual_lags_LGBM_2,P_Power,2022-01-04,8154.113776351124,68.76018941014134,51.25806937271318,26.698937011271337,90.30013165190361,68.76018941014134,3.156586235975603,3.2367210112563174,3.2203538075399605,60.13052097684442,0.9583333333333334,1.0
mutual_lags_LGBM_2,P_Power,2022-01-05,4020.3871533210718,54.342635805030625,46.6764462558578,24.390317945117626,63.406522955616104,54.342635805030625,2.50325690141517,2.489022886286367,2.5471269836373835,-21.032196427624797,1.0,1.0
mutual_lags_LGBM_2,P_Power,2022-01-06,20267.792883584247,122.7024466202812,88.46826494784875,46.63108554849839,142.364998800914,122.7024466202812,5.884281136738919,5.714203746925598,5.880778654219084,-80.56624166689691,0.75,0.9583333333333334
mutual_lags_LGBM_2,P_Power,2022-01-07,131228.76542026052,295.36472673854865,244.17636362171507,127.07015695227221,362.25511096499457,295.36472673854865,15.304914179097482,13.793483346339583,15.801665243876986,-295.36472673854865,0.25,0.4583333333333333
mutual_lags_LGBM_2,P_Power,2022-01-08,4768.937633971235,54.21779637180175,49.20404383132771,25.661615805328186,69.05749513247085,54.21779637180175,2.947109846441003,3.025514040642992,2.7600005788907245,53.685272208075325,0.875,1.0
mutual_lags_LGBM_2,P_Power,2022-01-09,50226.41323602519,178.0992758109849,114.47710274609831,60.22980166865429,224.11250129349142,178.0992758109849,7.593775369413542,8.044528710004773,8.390915339559482,163.74571627362982,0.5,0.9166666666666666
mutual_lags_LGBM_2,P_Power,2022-01-10,9447.849967262953,76.38575073787423,44.82063268839628,23.293059015941775,97.20005127191524,76.38575073787423,3.1701798524957256,3.2385931497404705,3.4265992615231573,56.1612302695243,0.9583333333333334,1.0
mutual_lags_LGBM_2,P_Power,2022-01-11,13425.675052309316,95.91054923320394,72.5326342072086,37.7796989664428,115.86921529167839,95.91054923320394,4.393660785922069,4.559623608112421,4.016564905332312,95.91054923320394,0.7083333333333334,0.7916666666666666
mutual_lags_LGBM_2,P_Power,2022-01-12,6594.714613170698,65.55952453109354,52.05935210924901,27.122043406845886,81.20784822399062,65.55952453109354,2.7016000223810925,2.7621542529487884,2.5916825020074636,62.558344258902224,0.9166666666666666,0.9583333333333334
mutual_lags_LGBM_2,P_Power,2022-01-13,51749.77594295107,203.75419832568642,129.1859146094688,67.91225733093746,227.4857708582035,203.75419832568642,7.571047933462351,7.923985353763998,7.824098622917376,203.75419832568642,0.3333333333333333,0.9166666666666666
mutual_lags_LGBM_2,P_Power,2022-01-14,21477.07407341622,131.39215301863885,96.38274237927368,50.73278583139546,146.5505853738436,131.39215301863885,5.638779612750314,5.7008664259007045,5.571051986346515,37.62937924976311,0.625,0.8333333333333334
mutual_lags_LGBM_2,P_Power,2022-01-15,57844.85994297263,155.09879679985679,124.93882538662102,64.71425256224602,240.50958389006587,155.09879679985679,8.468923032764831,7.66529519209688,7.3922326376669165,-124.58309317569179,0.7083333333333334,0.7916666666666666
mutual_lags_LGBM_2,P_Power,2022-01-16,11611.423004670696,92.68039841626114,79.69746843322046,41.88502374144722,107.75631306179093,92.68039841626114,4.557846800891356,4.572892679163948,4.3822073319981145,-5.874364068851217,0.7083333333333334,1.0
mutual_lags_LGBM_2,P_Power,2022-01-17,26113.551371189988,133.2612906735641,77.53538514458168,40.665385239929584,161.59687921240925,133.2612906735641,5.371261680193901,5.577948546574767,5.740309742561452,132.941633908108,0.8333333333333334,0.9583333333333334
mutual_lags_LGBM_2,P_Power,2022-01-18,15333.323206650179,107.01005798863112,83.35699963870292,43.91187598815643,123.82779658319927,107.01005798863112,4.493501679379594,4.386657439186272,4.576477533580217,-80.98022825729187,0.75,1.0
mutual_lags_LGBM_2,P_Power,2022-01-19,21934.281858936247,131.48906890646205,95.8445554448604,50.404374211362295,148.1022682437249,131.48906890646205,6.068457154736329,5.8458230536345654,5.713996932282945,-108.57184500843393,0.5416666666666666,0.8333333333333334
mutual_lags_LGBM_2,P_Power,2022-01-20,21511.014503796236,123.44864975990639,96.03541071933364,50.528347052042385,146.666337323178,123.44864975990639,5.366563577591578,5.177406029564154,5.568494460647697,-123.44864975990639,0.6666666666666666,0.9166666666666666
mutual_lags_LGBM_2,P_Power,2022-01-21,10319.708881871054,84.98595203174581,66.07614157390687,34.667417230201636,101.58596793785574,84.98595203174581,3.8927103349057983,3.9536174570425304,3.8209671806377936,33.52245952682902,0.8333333333333334,1.0
mutual_lags_LGBM_2,P_Power,2022-01-22,13774.188096235113,98.30848700165105,85.37241590434137,44.798075107510556,117.36348706576128,98.30848700165105,4.813497640920136,4.856299045126306,4.632631171035644,-2.1954769223927144,0.625,0.9166666666666666
mutual_lags_LGBM_2,P_Power,2022-01-23,5285.702190310655,54.204780410700856,40.965369393970356,21.247381114813454,72.70283481619308,54.204780410700856,2.4634524553430324,2.492154435248359,2.5270293897762635,21.504518891636224,1.0,1.0
mutual_lags_LGBM_2,P_Power,2022-01-24,4789.863410737207,52.05647863053739,39.473282812488286,20.455067849596215,69.20883910843474,52.05647863053739,2.112237165817235,2.109627897464913,2.2057596267216404,4.562840092238882,1.0,1.0
mutual_lags_LGBM_2,P_Power,2022-01-25,17344.179234987856,121.04930424299191,77.3189611948445,40.54709274778437,131.69730154785958,121.04930424299191,4.827875172752735,4.970042280424284,4.755096555647987,121.04930424299191,0.625,1.0
mutual_lags_LGBM_2,P_Power,2022-01-26,5992.96027606155,57.266909538509196,58.77785483982339,30.717218218544065,77.4142123647948,57.266909538509196,2.4739638531201105,2.518914471394531,2.307963024594581,19.965459651466574,0.8333333333333334,0.9583333333333334
mutual_lags_LGBM_2,P_Power,2022-01-27,7368.327238788605,63.00918983962623,48.25645232517622,25.152880557102293,85.83896107705758,63.00918983962623,2.553707770163975,2.5236525121215085,2.651009333541999,-31.50059329979007,1.0,1.0
mutual_lags_LGBM_2,P_Power,2022-01-28,5878.299203556369,63.287547554182886,50.1690638096762,26.21701658731605,76.67006719415582,63.287547554182886,2.866608217849589,2.921613569142982,2.7535030886932055,46.74741761453827,0.8333333333333334,0.9583333333333334
mutual_lags_LGBM_2,P_Power,2022-01-29,13730.420288269788,106.33307305480936,81.57496195509209,42.93869906359987,117.17687608171583,106.33307305480936,4.934350058408563,4.8476261295592735,4.97086767041708,-61.97708752548893,0.8333333333333334,1.0
mutual_lags_LGBM_2,P_Power,2022-01-30,10038.423327925126,93.88206406031209,56.84338827313726,29.713441812972416,100.19193244930015,93.88206406031209,4.3846149062543605,4.497728681782086,4.370987088706108,93.88206406031209,0.875,1.0
mutual_lags_LGBM_2,P_Power,2022-01-31,7460.587856518345,70.36877639591661,52.60638954535014,27.47482030389782,86.37469453791628,70.36877639591661,3.151867768118229,3.094463817707878,3.165042089041312,-51.093112223506125,1.0,1.0
mutual_lags_LGBM_2,P_Power,2022-02-01,7503.532634255594,74.47778978534184,54.96998636452722,28.670047015689786,86.62293365071166,74.47778978534184,3.296574819640218,3.34877847250312,3.1466718684063095,39.80062239948513,0.8333333333333334,0.9166666666666666
mutual_lags_LGBM_2,P_Power,2022-02-02,5556.994584052615,61.788946486233954,44.001967628898456,22.86510185477159,74.54525192158529,61.788946486233954,2.6308296162482416,2.6168490607098067,2.624904797732915,-9.716086821989203,0.9583333333333334,1.0
mutual_lags_LGBM_2,P_Power,2022-02-03,7520.661623579715,63.35162696016216,47.994457554283834,24.976826170719946,86.72174827331213,63.35162696016216,2.6142409593492735,2.592922609540056,2.694710228689831,-8.900064130317569,0.9583333333333334,1.0
mutual_lags_LGBM_2,P_Power,2022-02-04,5498.5728427116155,56.57852908058999,49.18045885783547,25.656438403416306,74.15236235422049,56.57852908058999,2.3598108426539133,2.3293410988109375,2.4049489798186032,-36.31784729639685,1.0,1.0
mutual_lags_LGBM_2,P_Power,2022-02-05,3350.504137869228,46.29922031733114,38.99611869867617,20.257819481466885,57.883539437989,46.29922031733114,2.035304518990686,2.0265697931757636,2.0913558613643115,-1.971822210309843,1.0,1.0
mutual_lags_LGBM_2,P_Power,2022-02-06,1732.0450683565311,35.84788888646188,36.40056612389313,18.845886144183613,41.61784555159639,35.84788888646188,1.6596286244228025,1.6773710580327037,1.6714153145843367,31.527701322431227,1.0,1.0
mutual_lags_LGBM_2,P_Power,2022-02-07,19023.125201211402,107.82383145414367,90.37785784719335,47.49260186243106,137.92434593360014,107.82383145414367,4.961867509244863,4.795594612620327,4.9879183723062255,-75.20941368248542,0.75,0.875
mutual_lags_LGBM_2,P_Power,2022-02-08,32938.18673510101,146.81481856600902,114.49234934500521,60.04639209715666,181.48880608759595,146.81481856600902,6.881531706346444,6.540840512471606,7.006111526515266,-146.42113637524463,0.6666666666666666,0.875
mutual_lags_LGBM_2,P_Power,2022-02-09,41755.78451323564,145.73868296886454,115.82142211319541,61.09356805989476,204.34232188471296,145.73868296886454,6.918496968563264,6.490538092075957,7.182297058176913,-138.4054920255494,0.6666666666666666,0.875
mutual_lags_LGBM_2,P_Power,2022-02-10,10166.915088149488,87.90110310152825,57.73300306304347,30.227013601958934,100.83112162496998,87.90110310152825,4.128973661522518,4.14138812571952,4.179820522068165,19.95999182200352,1.0,1.0
mutual_lags_LGBM_2,P_Power,2022-02-11,11341.088840080696,89.06972727894595,64.85766826805657,34.024978031537536,106.49454840544982,89.06972727894595,4.270576306112097,4.16226084733919,4.319134292850323,-69.44237500571266,0.875,1.0
mutual_lags_LGBM_2,P_Power,2022-02-12,25089.779928889082,129.34064890443665,93.3402529674989,49.14483693448634,158.39753763518257,129.34064890443665,6.536744309007194,6.249556036556053,6.56797399556619,-103.56631625250652,0.6666666666666666,0.9583333333333334
mutual_lags_LGBM_2,P_Power,2022-02-13,4164.506327246843,54.67988397338945,39.74288015063566,20.63746939604859,64.53298634998107,54.67988397338945,2.6015942809075034,2.6478624931604116,2.6580245349304907,54.59209328872513,1.0,1.0
mutual_lags_LGBM_2,P_Power,2022-02-14,9542.523344895575,73.4251982006925,47.50914419806268,24.704482711391062,97.68584004294367,73.4251982006925,3.0720829645121364,3.1399042590933504,3.263656420278657,55.11656238306048,0.9583333333333334,1.0
mutual_lags_LGBM_2,P_Power,2022-02-15,4560.8421086180715,58.74747197131486,41.896877428137294,21.79383570132302,67.53400705287723,58.74747197131486,2.5186466542552397,2.5597447783804643,2.5631392486434894,56.584661443841206,1.0,1.0
mutual_lags_LGBM_2,P_Power,2022-02-16,9396.347713681702,77.5245103272119,54.14894351801166,28.226600574480432,96.93476008987541,77.5245103272119,3.3644841834485226,3.43945857189309,3.4050702080152804,60.07777590666239,0.875,1.0
mutual_lags_LGBM_2,P_Power,2022-02-17,6745.717759557003,56.2111934526522,45.66090676530141,23.755861704514416,82.1323186057535,56.2111934526522,2.4099475485444626,2.388944925211316,2.5586159575614786,-10.787805405998057,1.0,1.0
mutual_lags_LGBM_2,P_Power,2022-02-18,35278.66298006572,166.28617172016325,106.3711301273534,55.7688452193122,187.82615094833233,166.28617172016325,7.275596712702226,7.603563300295233,7.390085960565003,163.67442360701332,0.6666666666666666,0.9166666666666666
mutual_lags_LGBM_2,P_Power,2022-02-19,21808.463806355765,113.31973789930271,81.29402490055436,42.64796619809982,147.67688988584425,113.31973789930271,5.1628365495801765,5.380844485575235,5.368515229232043,108.16819559418661,0.625,0.9583333333333334
mutual_lags_LGBM_2,P_Power,2022-02-20,2722.26344145721,41.435026206900154,36.085426958094736,18.642516112389803,52.17531448354873,41.435026206900154,2.1731277123026316,2.1844429423444915,2.1351382264425203,14.962333449694436,1.0,1.0
mutual_lags_LGBM_2,P_Power,2022-02-21,7499.700779201629,65.01278173804086,45.90068123192275,23.893167516424143,86.600812809128,65.01278173804086,3.0026902029531914,3.0773448617130343,3.103550204402159,53.40947951527341,1.0,1.0
mutual_lags_LGBM_2,P_Power,2022-02-22,6126.096476192336,65.3039585689655,53.9168062951667,28.141496894765822,78.26938402844586,65.3039585689655,3.1969660203553802,3.243746681034518,3.111805372373823,29.0255535407715,0.8333333333333334,1.0
mutual_lags_LGBM_2,P_Power,2022-02-23,13600.414072928907,93.32776344052643,68.06370379146149,35.75764472806754,116.62081320642943,93.32776344052643,4.5423360900825225,4.476488204471082,4.574105591713502,-21.13567352522527,0.9166666666666666,1.0
mutual_lags_LGBM_2,P_Power,2022-02-24,25089.71945161041,136.43086545420456,97.83582691751299,51.40062290452166,158.39734673159904,136.43086545420456,6.8539263754513815,6.7447242784542425,6.583428879427437,16.789401078653594,0.6666666666666666,0.7916666666666666
mutual_lags_LGBM_2,P_Power,2022-02-25,75605.0399113376,233.0103524135676,188.20864090399903,98.08683821266322,274.96370653476725,233.0103524135676,13.897165724524843,12.695996937260116,13.164705603286375,-193.04534978577632,0.4166666666666667,0.5833333333333334
mutual_lags_LGBM_2,P_Power,2022-02-26,25863.503582554316,143.9646718044759,102.4388843514974,54.019409423058896,160.8213405694478,143.9646718044759,8.986786423871868,8.520902978189431,8.880883482560105,-138.89137266420542,0.5,0.9583333333333334
mutual_lags_LGBM_2,P_Power,2022-02-27,14501.22992183538,80.2463274864606,57.91115883204626,30.286730919553545,120.42105265208149,80.2463274864606,4.442973422030249,4.556383396199696,4.843343266099458,23.407092763052542,0.875,0.9583333333333334
mutual_lags_LGBM_2,P_Power,2022-02-28,45012.779473600385,167.0152921029759,136.44906556200354,71.33154767656484,212.16215372587163,167.0152921029759,9.641311354371858,8.962848808710875,9.596649645357308,-132.01921754986128,0.5833333333333334,0.7083333333333334
own_lags_LGBM_0,P_Power,2022-01-01,158491.73083387295,353.3732870186509,280.80565395698295,146.26577235777108,398.110199359264,353.3732870186509,18.114787032766742,16.302687794090364,18.476068546410694,-353.3732870186509,0.125,0.2916666666666667
own_lags_LGBM_0,P_Power,2022-01-02,13422.717985531273,104.67084666656922,73.80385833450315,38.732622200018234,115.85645422474862,104.67084666656922,5.21218615705494,5.281763555107869,5.2832711227715485,38.56961548659834,0.7916666666666666,1.0
own_lags_LGBM_0,P_Power,2022-01-03,38416.916238083846,170.38615317422648,118.28066495393739,62.03527208732996,196.00233732811415,170.38615317422648,8.91215645550905,8.382496306153387,8.416416961358713,-168.43532452753547,0.5416666666666666,0.9166666666666666
own_lags_LGBM_0,P_Power,2022-01-04,29330.735880650394,137.92423225265472,89.87384383128774,47.21596857701743,171.26218461951953,137.92423225265472,5.879493838406449,6.1268424970047475,6.459621916360707,126.22453653435639,0.7083333333333334,0.9583333333333334
own_lags_LGBM_0,P_Power,2022-01-05,6345.488534640135,62.150194605450146,49.16126886706373,25.61665505582376,79.65857477158461,62.150194605450146,2.770358525661032,2.719619096214822,2.9130798565939644,-45.29693488740344,1.0,1.0
own_lags_LGBM_0,P_Power,2022-01-06,17078.056018943604,97.92977894068554,72.949891072021,38.275526096567596,130.68303646205808,97.92977894068554,4.463227587455793,4.442863095809118,4.69349527633288,-22.321591148727776,0.8333333333333334,0.9166666666666666
own_lags_LGBM_0,P_Power,2022-01-07,54835.624782764666,158.9100524825337,120.75208698144866,63.336212869740116,234.17007661689968,158.9100524825337,8.081984553414099,7.449670162910682,8.501500774798506,-147.1772827626647,0.6666666666666666,0.8333333333333334
own_lags_LGBM_0,P_Power,2022-01-08,5273.938141369864,57.72459102938347,46.31048125737044,24.123677804475136,72.62188472746948,57.72459102938347,2.8660857425698167,2.8179604231992372,2.938516784503432,-45.50678097490795,1.0,1.0
own_lags_LGBM_0,P_Power,2022-01-09,32947.20050344695,157.23199866407984,102.6409148929671,54.06271075897348,181.51363723821675,157.23199866407984,6.936569368366355,7.25216487457291,7.407780764140814,154.55781829621824,0.5,1.0
own_lags_LGBM_0,P_Power,2022-01-10,11024.180647397146,94.45702436795113,65.33831813791703,34.18097718639919,104.99609824844515,94.45702436795113,4.248950082793156,4.324576945726024,4.237261096714119,46.68176757245604,0.8333333333333334,1.0
own_lags_LGBM_0,P_Power,2022-01-11,9996.411786371806,79.06484699402733,61.16209585447083,32.07045330959145,99.98205732216059,79.06484699402733,3.3758984193441375,3.4692220762860875,3.3110965604994957,72.7400296027253,0.75,1.0
own_lags_LGBM_0,P_Power,2022-01-12,2604.5033871020332,40.19291160224288,43.95452112417107,22.904481239664573,51.03433537435394,40.19291160224288,1.6129290211273832,1.6161453746002876,1.588895991075427,-7.8822446173780065,1.0,1.0
own_lags_LGBM_0,P_Power,2022-01-13,27775.423167503028,139.2647730375853,89.09609322543457,46.92072184977824,166.65960268614296,139.2647730375853,5.002165485956297,5.174175195181222,5.347724502847253,135.03036680205827,0.6666666666666666,0.9583333333333334
own_lags_LGBM_0,P_Power,2022-01-14,11263.238505357944,93.29142225271391,66.7437056921671,35.06309732067092,106.12840574209123,93.29142225271391,3.938976755410379,3.9413705604847125,3.955573839910714,6.200802228682629,0.8333333333333334,1.0
own_lags_LGBM_0,P_Power,2022-01-15,53135.233277151245,156.42832221134242,117.16111722039686,61.01582821426538,230.51080945836628,156.42832221134242,8.3242203835524,7.653914037222714,7.455599738780372,-99.47989201269694,0.5833333333333334,0.7916666666666666
own_lags_LGBM_0,P_Power,2022-01-16,13417.983971076674,97.77207698048085,72.42331070779288,37.94959761184969,115.8360219062994,97.77207698048085,4.621125555933095,4.568078736939026,4.6229571724993015,-24.443649767233172,0.8333333333333334,1.0
own_lags_LGBM_0,P_Power,2022-01-17,22855.87465043399,135.62882727651072,85.91259970941552,45.23739747955515,151.18159494605814,135.62882727651072,5.705103011778237,5.903151810512383,5.842292796748254,135.62882727651072,0.7916666666666666,1.0
own_lags_LGBM_0,P_Power,2022-01-18,13019.46230815866,92.63298963566017,63.68517445169659,33.30748535965507,114.10285845744032,92.63298963566017,3.906406222741244,3.831935303952258,3.9616163555486246,-52.93137661537809,0.9583333333333334,1.0
own_lags_LGBM_0,P_Power,2022-01-19,13386.562442606759,97.05593895201507,63.880819322145385,33.3875337168006,115.70031306183557,97.05593895201507,4.240782780304983,4.17757334045302,4.217668754093673,-50.12047926925164,0.9166666666666666,1.0
own_lags_LGBM_0,P_Power,2022-01-20,19692.305214048585,117.02211605553634,82.87166146087912,43.464305609093195,140.32927425896773,117.02211605553634,5.068568953079,4.9159085024973574,5.278607796001706,-102.82422347467934,0.75,0.9583333333333334
own_lags_LGBM_0,P_Power,2022-01-21,6752.960951929491,70.22628203224427,54.59703830063614,28.547497240455783,82.17640142966526,70.22628203224427,3.0895982616501767,3.0601642906228177,3.1573726298104607,-36.59657861903336,0.9583333333333334,1.0
own_lags_LGBM_0,P_Power,2022-01-22,5972.743889411696,69.19235458013758,57.02846807217505,29.817781600362423,77.28352922461355,69.19235458013758,3.343776005469584,3.3598053113926505,3.2605797159701266,2.829428563122766,0.8333333333333334,0.9583333333333334
own_lags_LGBM_0,P_Power,2022-01-23,3362.386861867606,45.10884537240065,38.498406134464155,19.95509565792827,57.986091969261096,45.10884537240065,2.049437434490976,2.0441384227134556,2.1029764742377925,-2.011516130431422,1.0,1.0
own_lags_LGBM_0,P_Power,2022-01-24,8961.06982912139,74.14715865524462,50.00559589994351,26.081818366947015,94.66292742737988,74.14715865524462,2.9859932739613653,3.042713424542511,3.141795474846437,58.35073104629054,1.0,1.0
own_lags_LGBM_0,P_Power,2022-01-25,12195.756774584448,97.66216136755122,70.07778822524209,36.74204820435626,110.434400322474,97.66216136755122,3.9283238081145777,4.03169632980485,3.8363955087570574,95.89436336272388,0.75,0.9583333333333334
own_lags_LGBM_0,P_Power,2022-01-26,11498.040016984227,89.99985012207117,73.66606599614708,38.44937425307655,107.22891409029668,89.99985012207117,3.7899946127501782,3.845853533515684,3.627161444099149,7.119015323513746,0.75,0.8333333333333334
own_lags_LGBM_0,P_Power,2022-01-27,5855.007585048479,58.25810436716177,43.874524725408605,22.75675876083133,76.51802130902549,58.25810436716177,2.3378613507905683,2.331515109118141,2.451115128204383,-9.420897627369746,1.0,1.0
own_lags_LGBM_0,P_Power,2022-01-28,6773.642261987105,69.70158510364378,52.98743766537702,27.646066967723815,82.30214008145295,69.70158510364378,3.1146115675329824,3.1763552587604917,3.0325638658281457,57.9573261420972,0.875,1.0
own_lags_LGBM_0,P_Power,2022-01-29,16366.255934743162,111.89747524294535,80.64318316146061,42.23948857139587,127.93066846828856,111.89747524294535,5.25048752057889,5.210063982245833,5.230992823838969,-44.519221047238794,0.7916666666666666,0.875
own_lags_LGBM_0,P_Power,2022-01-30,13039.697568868834,107.83647338274461,65.4676139251535,34.32105832784201,114.19149516872451,107.83647338274461,4.951576869236748,5.0904368621159515,5.020680335114584,107.83647338274461,0.8333333333333334,1.0
own_lags_LGBM_0,P_Power,2022-01-31,3936.4258214528477,49.158413571887586,41.37196315709077,21.518999295352504,62.740942146678414,49.158413571887586,2.0970281005357343,2.0894029315469447,2.211043817362048,-7.123452528846475,1.0,1.0
own_lags_LGBM_0,P_Power,2022-02-01,7644.274656203677,78.06405584206972,58.576298358238425,30.62029203720411,87.43154268456938,78.06405584206972,3.4523772978461515,3.5329756340539165,3.2981908990576065,74.63974407480995,0.7916666666666666,0.875
own_lags_LGBM_0,P_Power,2022-02-02,4580.247093860709,52.78474158849516,41.07788106400785,21.302188119900247,67.67752281120157,52.78474158849516,2.259472929185931,2.240556354751973,2.242390092758774,-23.764378447845274,1.0,1.0
own_lags_LGBM_0,P_Power,2022-02-03,8791.64472090408,69.27551643374773,50.60276019594164,26.37592249749908,93.76377083343054,69.27551643374773,2.9081148001570485,2.857559735113563,2.9466874283935933,-40.90509407679133,0.9166666666666666,1.0
own_lags_LGBM_0,P_Power,2022-02-04,5658.691035184271,60.86501736094119,48.68044216531404,25.33653405684451,75.22427158294236,60.86501736094119,2.627765215081182,2.5774597113195563,2.587152119142909,-60.78568507376742,0.875,1.0
own_lags_LGBM_0,P_Power,2022-02-05,6261.432312882021,65.07882383626719,49.7305851757642,25.947944011298564,79.12921276546368,65.07882383626719,2.8674289816302867,2.818164572689207,2.9396386968902277,-49.262523049182754,0.9583333333333334,1.0
own_lags_LGBM_0,P_Power,2022-02-06,1038.2139049156237,25.829051760420793,36.02518051916486,18.66873864334203,32.22132686460357,25.829051760420793,1.2443952156983658,1.253683672282993,1.2042849387948917,13.129042817877624,1.0,1.0
own_lags_LGBM_0,P_Power,2022-02-07,11891.164735906372,86.2332272139405,67.40498643388652,35.30899269446507,109.04661726026339,86.2332272139405,3.9516415490652386,3.8461198766598965,3.989139437199449,-64.78626344873817,0.9166666666666666,0.9583333333333334
own_lags_LGBM_0,P_Power,2022-02-08,22314.29634958706,123.06251748048048,86.87636262349918,45.59229960537987,149.37970528015865,123.06251748048048,5.779052695364852,5.544562510860592,5.872634183819352,-117.85056354796082,0.75,0.9583333333333334
own_lags_LGBM_0,P_Power,2022-02-09,40622.06093897213,143.92057932162368,103.38642901278907,54.33313963043565,201.54915266250097,143.92057932162368,6.7954282843480165,6.377005532911967,7.092697233264069,-140.94980015420023,0.75,1.0
own_lags_LGBM_0,P_Power,2022-02-10,10682.405824709935,92.6496159545668,60.66955576511506,31.742698930542918,103.35572468281539,92.6496159545668,4.453399550090601,4.546909298656856,4.405618956582805,51.795831043672884,0.875,0.9583333333333334
own_lags_LGBM_0,P_Power,2022-02-11,9367.060679308373,79.13049001362872,58.67025944836248,30.687714426068748,96.78357649574835,79.13049001362872,3.698520268369881,3.637461693219753,3.8371646963457318,-38.88758795111082,0.9583333333333334,1.0
own_lags_LGBM_0,P_Power,2022-02-12,19158.11869355637,108.1879687550997,72.50383100487487,37.95826529395806,138.41285595477166,108.1879687550997,5.434900166093067,5.222472446121587,5.493831764688542,-86.52861250273206,1.0,1.0
own_lags_LGBM_0,P_Power,2022-02-13,4520.434510175958,54.70151105861391,47.12276951755906,24.558909551576278,67.23417665277056,54.70151105861391,2.6688661209332833,2.7149433156821963,2.6590758415348286,44.34087763722072,0.9583333333333334,1.0
own_lags_LGBM_0,P_Power,2022-02-14,15658.455759222554,104.53982767173186,67.40576070646792,35.377649060150674,125.13375147905761,104.53982767173186,4.48158396364924,4.61809772861966,4.646662019530704,104.53982767173186,0.8333333333333334,1.0
own_lags_LGBM_0,P_Power,2022-02-15,3664.7284696053516,46.69519797803253,39.26602715595379,20.378144080062498,60.537000830941004,46.69519797803253,1.9690585194222652,1.9769735062807068,2.037301191770662,19.044445980655393,1.0,1.0
own_lags_LGBM_0,P_Power,2022-02-16,16835.9298398442,103.03702349725609,69.23355576110445,36.35231863553141,129.75334230702575,103.03702349725609,4.341459117120204,4.478390167340609,4.525643535860243,93.55986577567467,0.75,0.9583333333333334
own_lags_LGBM_0,P_Power,2022-02-17,8512.156153125316,66.39865792815719,48.25153368590614,25.13445018847793,92.26134701555856,66.39865792815719,2.9229151270731393,2.9146039562123303,3.0223280329166027,-5.96422056063263,1.0,1.0
own_lags_LGBM_0,P_Power,2022-02-18,18483.166093275267,104.18037772798887,71.05556938051483,37.22373386826933,135.95280833169747,104.18037772798887,4.42800396520222,4.577012325201458,4.629981788922343,94.2493873896326,0.875,1.0
own_lags_LGBM_0,P_Power,2022-02-19,12055.15419855435,96.67875983657375,72.15472367117356,37.89004043751497,109.79596622168935,96.67875983657375,4.558499502050512,4.587821183880993,4.5801499734064155,14.756042696449157,0.7916666666666666,0.9583333333333334
own_lags_LGBM_0,P_Power,2022-02-20,3759.2068510598315,49.10606556678197,43.956671360953784,22.849870059027968,61.312371109424824,49.10606556678197,2.5351727109472666,2.486654989313109,2.53042527880358,-48.06075081769331,1.0,1.0
own_lags_LGBM_0,P_Power,2022-02-21,4037.014477045223,48.72131486541855,41.46712720737107,21.514590088209044,63.537504491797776,48.72131486541855,2.3161263803225465,2.317791297114613,2.325835669031754,4.612620338627551,0.9166666666666666,1.0
own_lags_LGBM_0,P_Power,2022-02-22,5884.891737682096,65.44046292662232,46.654587392809766,24.301695324080352,76.71304802758196,65.44046292662232,3.1216495408417906,3.094786440691608,3.118309954987453,-25.906339814327378,0.9166666666666666,1.0
own_lags_LGBM_0,P_Power,2022-02-23,12920.238366343568,82.45027648402441,61.82061219552045,32.30022798081598,113.66722643903813,82.45027648402441,4.02793168950814,3.9185192230318306,4.0409869132268685,-52.870075166443804,0.9583333333333334,1.0
own_lags_LGBM_0,P_Power,2022-02-24,45794.72333782892,175.08533037325859,140.31544138698385,73.39500325418729,213.9970171236714,175.08533037325859,8.98856323079196,8.619671071023498,8.448688033356468,-66.95120489581622,0.4583333333333333,0.6666666666666666
own_lags_LGBM_0,P_Power,2022-02-25,82443.76849656229,233.45599445217445,187.6336868532177,97.9467990029823,287.1302291584122,233.45599445217445,14.061265543956324,12.712633008005744,13.189883653025104,-210.1661408775317,0.375,0.5833333333333334
own_lags_LGBM_0,P_Power,2022-02-26,17327.17233424523,100.76570597230095,77.2691008984608,40.523558547524296,131.63271756765198,100.76570597230095,6.428004861480334,6.115925065081621,6.216028436429869,-85.67929245143353,0.7083333333333334,0.875
own_lags_LGBM_0,P_Power,2022-02-27,14194.425071127387,84.39049660449702,63.91266336350211,33.615048308331225,119.14035869984355,84.39049660449702,4.729395372148768,4.778602998501116,5.093468526907257,13.747801115411923,0.8333333333333334,1.0
own_lags_LGBM_0,P_Power,2022-02-28,40871.68499706082,162.38074398544106,121.98649882763243,63.93498318406495,202.16746770205344,162.38074398544106,9.426989272613454,8.829707770974771,9.330349871315601,-118.48021443190686,0.6666666666666666,0.8333333333333334
own_lags_LGBM_1,P_Power,2022-01-01,152939.3836481802,336.8945765408846,274.2664932912717,142.55747740703566,391.0746522701007,336.8945765408846,17.264018866876594,15.52534901835635,17.614481676298475,-336.8945765408846,0.20833333333333334,0.375
own_lags_LGBM_1,P_Power,2022-01-02,2574.1316543708535,42.53458802522141,40.906487414265705,21.197046831209892,50.73590104029743,42.53458802522141,2.174516281067855,2.183381775605657,2.146937450009283,4.7846926920498545,1.0,1.0
own_lags_LGBM_1,P_Power,2022-01-03,39723.90681846299,178.49447202468187,123.92623732193329,65.35936513350607,199.3085718639893,178.49447202468187,9.072715966922658,8.56403692434605,8.816936551887272,-178.49447202468187,0.5416666666666666,0.875
own_lags_LGBM_1,P_Power,2022-01-04,15603.16397500079,109.69396094264052,66.48805273274678,34.83357398301097,124.91262536269419,109.69396094264052,4.883583542956519,5.010061181981279,5.137469338234127,91.55179375738027,0.8333333333333334,1.0
own_lags_LGBM_1,P_Power,2022-01-05,9777.136803282061,79.87760280968828,58.494236209721976,30.569422681517107,98.87940535461397,79.87760280968828,3.6665601081030585,3.5735603297187937,3.7439920697772213,-71.90707929174678,0.9166666666666666,1.0
own_lags_LGBM_1,P_Power,2022-01-06,12624.134328967266,86.08606257542233,64.17140355347364,33.47350215612877,112.35717301964867,86.08606257542233,3.9458627632309127,3.935518444384487,4.1258596968810135,-22.3048111603082,0.9166666666666666,0.9583333333333334
own_lags_LGBM_1,P_Power,2022-01-07,31177.24681467975,140.82841249346976,99.21444252818895,52.28314090711268,176.57079830674084,140.82841249346976,7.286253688912135,6.910535181490977,7.534154317005657,-133.08618332578118,0.6666666666666666,0.9583333333333334
own_lags_LGBM_1,P_Power,2022-01-08,13086.45671020196,92.07137325441226,71.1603901256807,37.31518914008263,114.39605198695433,92.07137325441226,4.8615085335910555,4.873915004764502,4.686967388693173,-10.23426149572567,0.875,0.9583333333333334
own_lags_LGBM_1,P_Power,2022-01-09,43800.63670085912,171.6674297714062,115.23880466222909,60.745520060258535,209.2860164962273,171.6674297714062,7.373087738340906,7.770641618213577,8.087887293266569,157.16940080484775,0.375,0.875
own_lags_LGBM_1,P_Power,2022-01-10,10168.763904813462,84.49659273854165,59.61153368273449,31.18820622972346,100.84028909524933,84.49659273854165,3.7254987663929686,3.760024801773233,3.790444676948755,19.236292494981672,0.875,1.0
own_lags_LGBM_1,P_Power,2022-01-11,13833.287661996595,107.02628231408443,69.30307359403342,36.29600463273707,117.6149976065833,107.02628231408443,4.638890460844266,4.780783023059234,4.482072232176493,106.80826786135752,0.8333333333333334,0.875
own_lags_LGBM_1,P_Power,2022-01-12,3112.8105345406834,43.11927732728645,44.16911297593682,22.906555645572794,55.7925670187408,43.11927732728645,1.794133799852779,1.8185963646080914,1.7045803389762837,24.13930566623432,0.9166666666666666,1.0
own_lags_LGBM_1,P_Power,2022-01-13,25040.907463824507,128.96630696089142,80.76593384621437,42.430996829027144,158.24319089245043,128.96630696089142,4.597095908977339,4.749915594703507,4.952266569165677,128.96630696089142,0.75,0.9583333333333334
own_lags_LGBM_1,P_Power,2022-01-14,28484.61837225239,148.22581208393436,109.79581946014407,57.870063720567934,168.773867563235,148.22581208393436,6.342566844809282,6.16586314417531,6.28480229501138,-95.78297435250805,0.5833333333333334,0.875
own_lags_LGBM_1,P_Power,2022-01-15,68289.47602193286,214.61328844565097,151.19834413984438,78.7494070508187,261.3225516903064,214.61328844565097,11.11394052178104,10.43653678583929,10.22877925592283,-47.394999688933495,0.625,0.7916666666666666
own_lags_LGBM_1,P_Power,2022-01-16,7783.756812347965,67.19470552787526,55.9519122254032,29.208893946729734,88.22560179646248,67.19470552787526,3.2741777928190627,3.343046238028788,3.177167300394825,32.14974600543081,0.875,0.9583333333333334
own_lags_LGBM_1,P_Power,2022-01-17,49336.93455206603,186.45291810055855,126.36217269627313,66.57919019722092,222.11918996805753,186.45291810055855,7.653246563661114,8.058131839775081,8.031570885227593,186.45291810055855,0.4583333333333333,0.8333333333333334
own_lags_LGBM_1,P_Power,2022-01-18,19979.771403491093,124.67074567066608,91.77540009344163,48.17797572064476,141.34981925524735,124.67074567066608,5.375188316462596,5.284766310017801,5.331768596154883,-60.10781214900137,0.7083333333333334,0.9583333333333334
own_lags_LGBM_1,P_Power,2022-01-19,10787.873545304157,83.51617188745065,55.872880630648844,29.130397333824618,103.86468863528238,83.51617188745065,3.5065678087840806,3.5270860336190655,3.6292838175041293,3.2461685734033474,1.0,1.0
own_lags_LGBM_1,P_Power,2022-01-20,16695.321183869983,107.53599611840768,77.80370331331319,40.77695989593636,129.2103756819474,107.53599611840768,4.628616239231684,4.49585970935159,4.850709990511925,-90.18220859640668,0.875,0.9583333333333334
own_lags_LGBM_1,P_Power,2022-01-21,4092.217900112364,51.56804116842548,44.88372659527767,23.351168215823105,63.97044552066497,51.56804116842548,2.376397378186221,2.405692929423144,2.318498389012925,23.715966628256723,0.9583333333333334,1.0
own_lags_LGBM_1,P_Power,2022-01-22,6564.637531751728,67.53129101852205,57.79265571211314,30.122320658123567,81.02245078835698,67.53129101852205,3.322678527035013,3.3564131620695403,3.182304736186517,4.97752142889514,0.8333333333333334,1.0
own_lags_LGBM_1,P_Power,2022-01-23,3045.515424558967,38.99603688130059,36.115688382105226,18.70599384753129,55.18618871202257,38.99603688130059,1.7931280253958088,1.8120355032634372,1.8179970574032909,16.060011061491753,1.0,1.0
own_lags_LGBM_1,P_Power,2022-01-24,5667.629857453787,57.264236603010325,45.930412130214194,23.944333858117535,75.28366261981272,57.264236603010325,2.3823788951666076,2.4158981313950365,2.426424999862727,41.12101405895717,1.0,1.0
own_lags_LGBM_1,P_Power,2022-01-25,15119.122497905932,113.46466617826765,77.75920243479827,40.803571196287514,122.95984099658689,113.46466617826765,4.616088835191273,4.7488437388807485,4.457154435592432,110.05479933179032,0.6666666666666666,0.9583333333333334
own_lags_LGBM_1,P_Power,2022-01-26,10872.646189341973,83.51947277713393,67.04877595153742,35.074064934819354,104.27198180403964,83.51947277713393,3.5597520554368303,3.5375870371590756,3.3659901775149437,-13.214528100004856,0.7916666666666666,1.0
own_lags_LGBM_1,P_Power,2022-01-27,15549.146665731963,101.90328271188378,71.41442220672728,37.48875519837367,124.69621752776611,101.90328271188378,4.399040880919278,4.267787536820119,4.287415125878652,-85.53805421473798,0.875,1.0
own_lags_LGBM_1,P_Power,2022-01-28,4922.327133520573,53.318238020489154,44.49198312977469,23.164604546026236,70.1592982684446,53.318238020489154,2.345485504812581,2.366576946453977,2.319760185799664,26.39359095472767,0.9583333333333334,1.0
own_lags_LGBM_1,P_Power,2022-01-29,5716.68750826885,63.53338544695123,51.453181122900524,26.81018196881576,75.6087793068295,63.53338544695123,3.0183730795591135,3.013064944249731,2.970064182642493,-20.38323150136057,0.9583333333333334,1.0
own_lags_LGBM_1,P_Power,2022-01-30,6408.244677047001,71.31990040150167,50.72619810042108,26.46899575102196,80.05151264683884,71.31990040150167,3.371878128157365,3.446276785967938,3.320531636612731,71.31990040150167,0.9583333333333334,1.0
own_lags_LGBM_1,P_Power,2022-01-31,4967.715206770316,56.33944818107587,47.07476196764833,24.444860992479974,70.48202045039797,56.33944818107587,2.587317699079674,2.5410417104622276,2.534031908743187,-47.19139391586668,1.0,1.0
own_lags_LGBM_1,P_Power,2022-02-01,9675.712475644907,89.133768605899,57.73415035382868,30.140563630913608,98.36519951509734,89.133768605899,3.7772569432731204,3.8640613931013914,3.7658840710176498,87.58304189858147,0.875,1.0
own_lags_LGBM_1,P_Power,2022-02-02,4192.6447651277795,47.81622026495293,39.322034662006935,20.34920397926408,64.75063524883582,47.81622026495293,1.955204350539007,1.9773156516582586,2.031318433482144,22.36616382012817,1.0,1.0
own_lags_LGBM_1,P_Power,2022-02-03,7114.222401357136,64.94080366853687,47.883112902413366,24.94779096378441,84.34584993559041,64.94080366853687,2.71235966127656,2.707201695531798,2.762307083525869,1.07923415488699,1.0,1.0
own_lags_LGBM_1,P_Power,2022-02-04,4048.011096783816,49.02784778974458,44.72015235336365,23.186469909597548,63.62398208839035,49.02784778974458,2.0380795163530903,2.018741364171535,2.0839967818304133,-23.650499888070744,1.0,1.0
own_lags_LGBM_1,P_Power,2022-02-05,7272.699621572358,72.0071629669216,55.957432896512806,29.13854695314618,85.28012442282409,72.0071629669216,3.2350334661907754,3.2017745664803914,3.252594780191482,-30.810818477462096,0.9583333333333334,1.0
own_lags_LGBM_1,P_Power,2022-02-06,3369.563899679563,45.03976165948819,39.559215995656785,20.492487702522933,58.04794483596782,45.03976165948819,2.102243755165616,2.1049153709911117,2.09998830450869,7.237082909323874,1.0,1.0
own_lags_LGBM_1,P_Power,2022-02-07,20890.229273026656,110.31400063763279,88.65197429277748,46.55277985560601,144.5345262317162,110.31400063763279,4.974563893553125,4.776318464418328,5.103113319962659,-103.53704777506216,0.7083333333333334,0.875
own_lags_LGBM_1,P_Power,2022-02-08,33464.957910836245,152.21392455570918,109.0278270247357,57.22907002376399,182.9342994379027,152.21392455570918,7.205268356840018,6.856565931745299,7.263760850178795,-151.26915020413577,0.8333333333333334,0.875
own_lags_LGBM_1,P_Power,2022-02-09,28290.717899829946,115.91912720047831,87.59163960266876,46.15550724129647,168.19844797093089,115.91912720047831,5.564035716144628,5.278717143808028,5.712729038839325,-94.97897048464309,0.75,0.9583333333333334
own_lags_LGBM_1,P_Power,2022-02-10,13491.580333688247,101.40958455825832,64.15145894142778,33.454728010772776,116.15326226020622,101.40958455825832,4.803087098527351,4.925774548575904,4.822167728446238,69.33982289133832,0.8333333333333334,1.0
own_lags_LGBM_1,P_Power,2022-02-11,5577.190354704425,57.18981177231967,48.862956576470744,25.380495324414785,74.68058887491732,57.18981177231967,2.6575074348499554,2.6136375605148037,2.7732259295450725,-33.17845735134637,0.9583333333333334,1.0
own_lags_LGBM_1,P_Power,2022-02-12,11381.51095389743,94.43113499040182,63.595244990529345,33.33073764129556,106.684164494537,94.43113499040182,4.795859036268646,4.716611281362556,4.795253806458094,-37.261988050549064,1.0,1.0
own_lags_LGBM_1,P_Power,2022-02-13,9988.60649499425,88.43003263210339,64.09872120454303,33.546703745537236,99.9430162392263,88.43003263210339,4.429280203835215,4.521320904203658,4.298641095786229,54.6305888770434,0.7916666666666666,1.0
own_lags_LGBM_1,P_Power,2022-02-14,10544.248837568768,81.14940539616212,56.770186424069834,29.656826271336456,102.68519288372968,81.14940539616212,3.4393210535331544,3.503299078230123,3.6069875793741084,45.18641967580632,0.875,1.0
own_lags_LGBM_1,P_Power,2022-02-15,4369.265711609125,52.331503736578725,40.80476988833015,21.13094898974583,66.10042141778769,52.331503736578725,2.2015860271979975,2.2129498472245293,2.2832119692444404,28.488027345095134,1.0,1.0
own_lags_LGBM_1,P_Power,2022-02-16,12173.359668715995,86.87687096766854,58.44449764199073,30.45393250818174,110.33294915262618,86.87687096766854,3.7461337647752773,3.8416352709563695,3.815849256564208,66.20484841422991,0.875,1.0
own_lags_LGBM_1,P_Power,2022-02-17,9989.028817773633,73.40151010333652,52.79872775924438,27.54261239838191,99.94512903475403,73.40151010333652,3.236119505122966,3.1872163738427903,3.3410832171300515,-18.067355888905116,0.9583333333333334,1.0
own_lags_LGBM_1,P_Power,2022-02-18,19365.767348741847,107.81154416681146,72.52581056673118,37.955997119410384,139.16094045651548,107.81154416681146,4.588571835940969,4.742614430558156,4.7913579986361405,93.59316806338119,0.9166666666666666,0.9583333333333334
own_lags_LGBM_1,P_Power,2022-02-19,23492.164695146337,123.58727867210787,85.9865558829659,45.123101731940146,153.27153909042062,123.58727867210787,5.616498086837782,5.783982438077349,5.85493930704404,56.26159403176131,0.75,0.9166666666666666
own_lags_LGBM_1,P_Power,2022-02-20,10457.497667605772,83.86126035147365,60.15186166881596,31.437838733947924,102.26190721674308,83.86126035147365,4.349410026739022,4.218087729626898,4.321353190414101,-78.48717213661793,1.0,1.0
own_lags_LGBM_1,P_Power,2022-02-21,9400.203472158637,76.51916061994244,49.007121642855374,25.47762026167513,96.95464647018541,76.51916061994244,3.4685343392874266,3.5418578500481224,3.6528364151467607,56.963729226975204,1.0,1.0
own_lags_LGBM_1,P_Power,2022-02-22,5653.717384905717,61.44737829268306,48.06067443289981,24.953866144648273,75.19120550241044,61.44737829268306,2.9984985376261393,3.039450514140003,2.92803508515528,22.632468581527103,0.9583333333333334,1.0
own_lags_LGBM_1,P_Power,2022-02-23,10919.600372541512,77.0935701683867,57.663314682238855,30.120157910722128,104.49689168842063,77.0935701683867,3.6102778604309065,3.5223333234425205,3.7784483136906277,-48.4823389876978,0.9166666666666666,1.0
own_lags_LGBM_1,P_Power,2022-02-24,34813.7352451865,143.45685841902986,113.39800188999338,59.05795759894904,186.5843917512569,143.45685841902986,7.368585553697103,7.053659804854734,6.922465979553517,-36.57635549446513,0.6666666666666666,0.7916666666666666
own_lags_LGBM_1,P_Power,2022-02-25,83673.92979263216,244.77463487672614,196.67819131328125,102.51633475276691,289.2644634113084,244.77463487672614,14.729431283294437,13.37303395918946,13.829368411857661,-221.40725863311283,0.3333333333333333,0.5416666666666666
own_lags_LGBM_1,P_Power,2022-02-26,19102.916341367145,126.33538058549544,83.07142646597488,43.67678825187252,138.2133001609004,126.33538058549544,7.9980612767294526,7.642251935876689,7.79336889142124,-115.93359880142695,0.6666666666666666,1.0
own_lags_LGBM_1,P_Power,2022-02-27,10579.913554901048,71.58146560322139,50.55401049492749,26.349173529048183,102.8587067530068,71.58146560322139,3.929611105234574,4.066270914576534,4.320367302358945,63.048264367006645,0.9166666666666666,1.0
own_lags_LGBM_1,P_Power,2022-02-28,18971.070196867677,117.10091797482282,83.2576233714313,43.793486688299765,137.7355081192489,117.10091797482282,6.7337778919076925,6.494708528893605,6.72858436376722,-64.85261158182603,0.7083333333333334,0.9583333333333334
own_lags_LGBM_2,P_Power,2022-01-01,116810.10468472615,290.7513900534994,239.96339479978155,124.77445746312952,341.7749327916343,290.7513900534994,14.856380880220746,13.517878489477456,15.20189219144094,-289.2694775936312,0.2916666666666667,0.375
own_lags_LGBM_2,P_Power,2022-01-02,2969.669159539586,44.574457962430984,38.434940616538974,19.87167694348363,54.4946709278952,44.574457962430984,2.2792521318797414,2.2946625769821067,2.2499000826494875,12.871600707897244,1.0,1.0
own_lags_LGBM_2,P_Power,2022-01-03,24664.56095194367,137.5754911734855,101.05894174787238,52.93043136234865,157.0495493528831,137.5754911734855,7.249586029888934,6.8761772478356225,6.795697160882486,-135.61162221637588,0.625,0.9166666666666666
own_lags_LGBM_2,P_Power,2022-01-04,4473.8895170280875,54.5135537185182,45.45965633770232,23.63205984739939,66.88714014687791,54.5135537185182,2.5661889781581686,2.5807633648284267,2.553118770991521,15.325191437360226,1.0,1.0
own_lags_LGBM_2,P_Power,2022-01-05,17862.816298576527,122.43482406359578,86.5645907153126,45.419347309128476,133.6518473444214,122.43482406359578,5.873850647544018,5.677257672911941,5.738717665962223,-113.18742546732824,0.7083333333333334,0.9583333333333334
own_lags_LGBM_2,P_Power,2022-01-06,23134.347419140948,127.65022138688865,94.93681595804996,49.81523030607426,152.0997942771158,127.65022138688865,6.114618763271213,5.907342123449203,6.11791140124077,-90.08380764820993,0.6666666666666666,0.9166666666666666
own_lags_LGBM_2,P_Power,2022-01-07,103188.57399442494,253.07459558780477,208.91066771728995,108.45263472174088,321.2297837910192,253.07459558780477,13.040488985335564,11.845284867770268,13.539193001701516,-250.47418002211293,0.4166666666666667,0.4583333333333333
own_lags_LGBM_2,P_Power,2022-01-08,4942.958653813353,53.11912582933045,51.023609854377476,26.551417987684022,70.30617792067318,53.11912582933045,2.8849800341652827,2.9410214767317076,2.7040718703088307,12.347439764381761,0.9166666666666666,1.0
own_lags_LGBM_2,P_Power,2022-01-09,37523.68052619809,161.26636843726703,100.39297125385201,52.99621804299854,193.71030051651383,161.26636843726703,6.999929014294705,7.335415944081669,7.597854839743562,144.15450401378362,0.5833333333333334,1.0
own_lags_LGBM_2,P_Power,2022-01-10,4741.518275584441,59.48771562908804,45.17815977513092,23.479528123187645,68.85868337097683,59.48771562908804,2.586653434969037,2.5981432981769528,2.6685679001026394,17.414959376937997,1.0,1.0
own_lags_LGBM_2,P_Power,2022-01-11,6131.969939661542,63.96328204004786,47.22628283427982,24.592781737410377,78.30689586276257,63.96328204004786,2.8292744841915463,2.893669189376263,2.6786696137799444,55.877951551465145,0.875,1.0
own_lags_LGBM_2,P_Power,2022-01-12,5173.249087152394,59.54779610412385,44.86526670397031,23.340328345443908,71.92530213459234,59.54779610412385,2.416535441740013,2.4616339542237426,2.3540283780272215,58.26356934774842,0.9583333333333334,1.0
own_lags_LGBM_2,P_Power,2022-01-13,26127.152071573742,139.48775617781612,80.77474055649479,42.5447053352926,161.63895592206026,139.48775617781612,5.055660600791061,5.219422982347464,5.356286986932244,139.48775617781612,0.75,1.0
own_lags_LGBM_2,P_Power,2022-01-14,18738.53787336685,114.28720246884107,88.83907348455728,46.72509597682987,136.88877920913333,114.28720246884107,4.988359783849847,4.901430081876362,4.845798867742911,-44.15849802543937,0.5416666666666666,1.0
own_lags_LGBM_2,P_Power,2022-01-15,54831.07788699,201.00872450223974,138.57652070180004,72.37952747612631,234.16036788276108,201.00872450223974,10.018813022715166,9.675723214158822,9.580366091677035,-6.104190164330949,0.5,0.8333333333333334
own_lags_LGBM_2,P_Power,2022-01-16,12519.196764631844,91.88757496702719,65.39176569605,34.292374024928854,111.88921648055207,91.88757496702719,4.421401201953013,4.526761750822617,4.34472026038877,47.26670370566071,0.9166666666666666,1.0
own_lags_LGBM_2,P_Power,2022-01-17,22904.119066431263,114.57246635121915,72.00067255193603,37.84607968966646,151.34106867083787,114.57246635121915,4.606569245522913,4.7835235956631275,4.935277465053592,107.6713309697354,0.8333333333333334,1.0
own_lags_LGBM_2,P_Power,2022-01-18,20552.994031738956,130.1791926992295,93.50662797073825,49.2109195123843,143.36315437286862,130.1791926992295,5.863011715876387,5.944618651788077,5.56734723749919,5.496473336012097,0.5833333333333334,0.9166666666666666
own_lags_LGBM_2,P_Power,2022-01-19,12193.884236865497,99.42081871166272,66.96018745323296,35.04589410547581,110.42592194256517,99.42081871166272,4.4482413559547185,4.3658539537616505,4.320437111982476,-51.21245734514534,0.75,1.0
own_lags_LGBM_2,P_Power,2022-01-20,22703.967915240064,130.9249359434479,95.0955894697816,49.922953437561056,150.6783591470257,130.9249359434479,5.635891371017051,5.442263613936565,5.9057331285491825,-130.9249359434479,0.75,1.0
own_lags_LGBM_2,P_Power,2022-01-21,4601.272281970784,51.91759411597709,46.81435166401847,24.32718500961958,67.83267856992516,51.91759411597709,2.31265256386316,2.3255489679060477,2.3342142845057587,2.0610852641319375,1.0,1.0
own_lags_LGBM_2,P_Power,2022-01-22,12995.197945481836,99.37810543453918,74.85347641810688,39.22564259243726,113.99648216274849,99.37810543453918,4.753272996121736,4.742073239742748,4.683035239335756,-11.316731673949903,0.875,0.9583333333333334
own_lags_LGBM_2,P_Power,2022-01-23,5301.838766405846,47.48742306678742,41.713363504651646,21.647051888725514,72.81372649717804,47.48742306678742,2.182071541501676,2.234337648518516,2.213865877239507,39.16303499398529,1.0,1.0
own_lags_LGBM_2,P_Power,2022-01-24,7855.692339068871,71.07776032112348,44.751882247716416,23.306877163584847,88.63234363971694,71.07776032112348,2.8476443196497945,2.8970713996661224,3.0117376011323387,46.55902503552875,1.0,1.0
own_lags_LGBM_2,P_Power,2022-01-25,22976.456346831914,142.3970366594226,88.90044283507768,46.80131241244896,151.57986788103463,142.3970366594226,5.7615254462423495,5.964058100936056,5.593684844272054,142.3970366594226,0.5833333333333334,1.0
own_lags_LGBM_2,P_Power,2022-01-26,8242.782471484983,78.66981642381587,61.32244542560466,32.04064213688613,90.78977074255107,78.66981642381587,3.3185947495914614,3.338526718338972,3.1705400015643517,-5.17810963171983,0.7916666666666666,1.0
own_lags_LGBM_2,P_Power,2022-01-27,8754.582337524685,77.73891884533198,54.85424387260132,28.565643183381187,93.5659250877406,77.73891884533198,3.235689439760841,3.1904805880672216,3.2707387599012114,-37.21072388541089,0.9583333333333334,1.0
own_lags_LGBM_2,P_Power,2022-01-28,4337.334235430173,51.086894958202606,43.20835257565119,22.44976150794446,65.85844088216918,51.086894958202606,2.2866524500744414,2.275673337969826,2.222679318371833,-1.7020699002148565,0.9583333333333334,1.0
own_lags_LGBM_2,P_Power,2022-01-29,13825.994694795436,97.87066394736003,70.17005331232981,36.69809411619158,117.58398995949847,97.87066394736003,4.456492984840396,4.339133607467233,4.575266239577399,-77.36739975268226,0.9166666666666666,1.0
own_lags_LGBM_2,P_Power,2022-01-30,3726.445876141786,51.80797709054786,44.443339997298864,23.094439774795337,61.04462200834555,51.80797709054786,2.4921827633285916,2.5329918820442736,2.4120901177597487,38.4140371734475,1.0,1.0
own_lags_LGBM_2,P_Power,2022-01-31,5415.782078870325,59.900298348347995,51.93013431226306,27.05107029194433,73.59199738334546,59.900298348347995,2.8445264375548036,2.7874156634771943,2.6941915879278326,-43.727697687105,0.9583333333333334,1.0
own_lags_LGBM_2,P_Power,2022-02-01,8120.446959790184,77.7951315365114,53.658426133455265,28.012709068931457,90.11352262446621,77.7951315365114,3.4263503402111546,3.5120911607502574,3.2868289004071363,77.7951315365114,0.875,0.9583333333333334
own_lags_LGBM_2,P_Power,2022-02-02,6427.650675564287,66.82270148844812,42.94990952652034,22.305127060476803,80.17263046429427,66.82270148844812,2.7945815067114332,2.835656669932432,2.838747700182591,36.314175812317664,1.0,1.0
own_lags_LGBM_2,P_Power,2022-02-03,7526.666076021417,65.04627747293051,48.61311603362754,25.298459209796523,86.7563604355405,65.04627747293051,2.6923932249556692,2.6638433389677525,2.766793493002569,-19.303485244744632,0.9583333333333334,1.0
own_lags_LGBM_2,P_Power,2022-02-04,4656.16583371634,52.092461684705114,41.28450406465223,21.410988616692716,68.23610359418495,52.092461684705114,2.1691775226406316,2.199752332260814,2.2142624529249226,29.359527325867464,0.9583333333333334,1.0
own_lags_LGBM_2,P_Power,2022-02-05,5675.661383890495,49.92414238003341,46.31019743726452,24.08852701386496,75.33698549776527,49.92414238003341,2.1942299666164513,2.1493799840048022,2.2550951630385434,-32.911010966393434,1.0,1.0
own_lags_LGBM_2,P_Power,2022-02-06,2138.866043628308,36.959587938467195,37.56460514002189,19.49648371957387,46.24787609856595,36.959587938467195,1.7115011534118085,1.709361612883721,1.7232485153235937,1.2264798950770814,1.0,1.0
own_lags_LGBM_2,P_Power,2022-02-07,26838.546534745645,125.7838425828658,102.11468415569125,53.592660011420286,163.8247433532116,125.7838425828658,5.761526253195221,5.494440674024035,5.818746476516898,-115.90548997408234,0.7083333333333334,0.8333333333333334
own_lags_LGBM_2,P_Power,2022-02-08,35107.60314619974,158.65029974929848,118.17903269116516,61.95090497986987,187.3702301492949,158.65029974929848,7.384328970086103,7.028877642725733,7.570909426005344,-157.30397656205676,0.625,0.8333333333333334
own_lags_LGBM_2,P_Power,2022-02-09,39631.37732868981,140.95408471359377,111.86615548476742,58.55326694493247,199.07631031513972,140.95408471359377,6.706842107770742,6.297970361318915,6.946502379143541,-137.12532374090077,0.6666666666666666,0.7916666666666666
own_lags_LGBM_2,P_Power,2022-02-10,10420.104996815131,78.9205047156745,56.17868264550208,29.368881747179728,102.07891553506596,78.9205047156745,3.680709327282578,3.6234241209497386,3.752780495161027,-17.834061252101908,0.875,1.0
own_lags_LGBM_2,P_Power,2022-02-11,13356.890953318181,95.91418183871117,70.32438940327054,36.78152380880203,115.57201630722803,95.91418183871117,4.524842771612523,4.4006682341297125,4.651032899796271,-75.36889831684486,0.8333333333333334,0.9166666666666666
own_lags_LGBM_2,P_Power,2022-02-12,25941.273999496956,129.99245259939735,96.70127456901601,50.71906929517856,161.06295042466147,129.99245259939735,6.5959384339222344,6.292600461337733,6.601072868619463,-115.28359959871284,0.625,0.9583333333333334
own_lags_LGBM_2,P_Power,2022-02-13,1787.4616165965383,33.58980242552317,36.50094611165125,18.891625747616544,42.27838237913719,33.58980242552317,1.6024881918955372,1.6085738095477475,1.632822026724829,10.293764334689078,1.0,1.0
own_lags_LGBM_2,P_Power,2022-02-14,11067.410845240856,77.80598413368983,62.497364294805585,32.701028407015016,105.20176255767228,77.80598413368983,3.7277727953985678,3.665936694534893,3.4583767681490736,-11.90927697142549,0.7916666666666666,0.875
own_lags_LGBM_2,P_Power,2022-02-15,7238.6993302184055,73.43401719951676,46.646152353158364,24.251128726325575,85.08054613258194,73.43401719951676,3.214472240843576,3.2785387381871414,3.203909978654862,63.83948860982877,1.0,1.0
own_lags_LGBM_2,P_Power,2022-02-16,11197.56398855613,90.58131710984617,55.40268983809503,28.984943793642667,105.81854274443648,90.58131710984617,3.882485328911468,3.920247620155462,3.9785577876169813,21.411493291412672,0.9166666666666666,1.0
own_lags_LGBM_2,P_Power,2022-02-17,11495.90347219955,79.28268286600306,58.420396504106385,30.44195300343003,107.21895108701423,79.28268286600306,3.5037480083618697,3.4317936714484523,3.6087819005321293,-43.581141223284654,0.9583333333333334,1.0
own_lags_LGBM_2,P_Power,2022-02-18,17561.626856643732,111.69042794529337,65.66896638623139,34.44472258230476,132.5202884717798,111.69042794529337,4.768898221827578,4.919715903382987,4.963743256276579,111.69042794529337,0.875,1.0
own_lags_LGBM_2,P_Power,2022-02-19,22993.682791504023,117.60305825921519,79.85741663941491,42.02292918244787,151.636680231084,117.60305825921519,5.289310594506421,5.4782344122417745,5.571437253321999,74.52505217409114,0.75,1.0
own_lags_LGBM_2,P_Power,2022-02-20,6154.738114222581,70.19319937363032,48.83800725857657,25.372841356480915,78.45213900348786,70.19319937363032,3.5713923358720203,3.5596221345315984,3.617040869494638,-2.164406241859685,1.0,1.0
own_lags_LGBM_2,P_Power,2022-02-21,14072.505740728719,89.27304741166309,58.255989121811446,30.49868059311937,118.62759266177797,89.27304741166309,4.11345957985105,4.259703273802473,4.261675583402283,89.26432925302011,0.9166666666666666,1.0
own_lags_LGBM_2,P_Power,2022-02-22,4286.346483206183,58.73513976156676,44.48171925248162,23.128418724902247,65.47019538084626,58.73513976156676,2.8773318460041235,2.8916421286222183,2.7987939393314196,6.609489090380275,1.0,1.0
own_lags_LGBM_2,P_Power,2022-02-23,13743.700339410601,93.58864850375808,67.46492849270065,35.28342048519399,117.23352907513534,93.58864850375808,4.4454253816402,4.372854387850811,4.5868918814790645,-26.251408114953193,0.9583333333333334,1.0
own_lags_LGBM_2,P_Power,2022-02-24,32278.688384933237,137.8459887935696,108.10201995543241,56.431526821117984,179.66270727375016,137.8459887935696,7.133615254110182,6.867847247525567,6.65171521499609,-22.01169781494907,0.6666666666666666,0.7916666666666666
own_lags_LGBM_2,P_Power,2022-02-25,84276.96796974189,239.64842880224128,202.15710947389343,105.12521166451778,290.3049568466613,239.64842880224128,14.42458256265357,13.064761768621121,13.539746113391741,-224.97727671423112,0.3333333333333333,0.5
own_lags_LGBM_2,P_Power,2022-02-26,19240.534880517902,122.61010066344538,85.57582271142485,44.88992002563703,138.71025513824816,122.61010066344538,7.626991826291356,7.291205740457163,7.563564061437815,-109.88901349097948,0.6666666666666666,0.9166666666666666
own_lags_LGBM_2,P_Power,2022-02-27,10997.648592353764,74.03179634102017,56.01642953321991,29.283902896121727,104.86967432176837,74.03179634102017,4.223368643296311,4.259583094490424,4.4682593399183785,3.2226791340272505,0.9166666666666666,1.0
own_lags_LGBM_2,P_Power,2022-02-28,16963.894480003906,107.99185464392264,82.7310409086018,43.446069497964324,130.24551616084105,107.99185464392264,6.258703496663758,6.002431767131725,6.205180259368669,-91.03082404224313,0.7083333333333334,1.0
seasonal_naive_lag168,P_Power,2022-01-01,221273.79374999998,443.1375,401.91331423282924,209.07090899122804,470.39748484659225,443.1375,22.848704000016493,20.307431562169654,23.169376764613617,-443.1375,0.041666666666666664,0.25
seasonal_naive_lag168,P_Power,2022-01-02,66347.66625000001,241.7875,214.97780698645246,113.01562390350877,257.580407348851,241.7875,12.792368830910975,11.879003174369974,12.204247479399852,-241.7875,0.375,0.5833333333333334
seasonal_naive_lag168,P_Power,2022-01-03,148641.12,370.55,329.6994555371771,172.75238925438597,385.54003683145544,370.55,18.54054712435068,16.845230571897172,18.3037368174072,-370.55,0.0,0.3333333333333333
seasonal_naive_lag168,P_Power,2022-01-04,143954.19,371.175,331.28749901543785,173.10748793859648,379.41295444409906,371.175,18.417425911648323,16.706771294940246,17.383820998278832,-371.175,0.041666666666666664,0.3333333333333333
seasonal_naive_lag168,P_Power,2022-01-05,110488.44749999997,325.09999999999997,287.38831423282926,150.74456030701754,332.3980257161585,325.09999999999997,15.82613108369599,14.574129341289895,15.23796131920154,-325.09999999999997,0.08333333333333333,0.4583333333333333
seasonal_naive_lag168,P_Power,2022-01-06,188094.62624999997,420.1375,380.0336946676119,197.8893958333333,433.69877363211435,420.1375,20.966721204158308,18.808808000686284,20.135993290198897,-420.1375,0.08333333333333333,0.20833333333333334
seasonal_naive_lag168,P_Power,2022-01-07,413506.3762499999,597.7375,555.2309772763075,286.0599550438596,643.0446145097554,597.7375,32.16140098161739,27.249770876859053,31.978252728439973,-597.7375,0.0,0.08333333333333333
seasonal_naive_lag168,P_Power,2022-01-08,11967.123750000004,100.76250000000003,65.14211858065538,33.91750986842106,109.39434971697581,100.76250000000003,5.100054663201607,5.154723001611263,5.12939619351842,51.81250000000002,0.9583333333333334,1.0
seasonal_naive_lag168,P_Power,2022-01-09,37654.38000000003,146.07500000000005,86.98586858065539,45.56297039473685,194.0473653518646,146.07500000000005,6.176989098526113,6.516430127762497,6.882133308206031,141.35000000000005,0.9166666666666666,1.0
seasonal_naive_lag168,P_Power,2022-01-10,51963.757500000014,204.75000000000003,108.240669305293,56.93181907894738,227.95560423029747,204.75000000000003,9.314674902245324,9.910818991430485,9.184909384532569,204.75000000000003,0.75,1.0
seasonal_naive_lag168,P_Power,2022-01-11,69782.475,252.70000000000005,131.72246278355388,69.45777302631579,264.1637276387506,252.70000000000005,11.064628070112802,11.829146580860995,10.582631000366437,252.70000000000005,0.625,1.0
seasonal_naive_lag168,P_Power,2022-01-12,162172.68749999997,396.125,244.07481785601763,128.92033881578948,402.7067015831745,396.125,15.783328403055416,17.182625505349478,15.659513067712941,396.125,0.08333333333333333,0.75
seasonal_naive_lag168,P_Power,2022-01-13,276477.21375,517.6875000000001,359.5250895951481,188.54349671052634,525.8110057330485,517.6875000000001,20.127379212867044,22.463530218572565,19.879040967672264,517.6875000000001,0.0,0.3333333333333333
seasonal_naive_lag168,P_Power,2022-01-14,281646.8338612968,489.2801100519894,340.8852808994576,177.8957999941838,530.7040925612848,489.2801100519894,20.476632505208762,23.219044205665348,20.745568638321224,489.2801100519894,0.25,0.375
seasonal_naive_lag168,P_Power,2022-01-15,59359.96439772208,211.26193640686998,124.20154032088931,65.32689409994497,243.63900426188349,211.26193640686998,9.734647581399884,10.06453588413892,10.069048977980332,133.71947719935278,0.625,1.0
seasonal_naive_lag168,P_Power,2022-01-16,21593.617500000022,132.35000000000005,89.76186495746695,46.86644627192985,146.94766925678005,132.35000000000005,6.3512317606017294,6.360730332846661,6.25790512665934,-7.600000000000023,0.875,1.0
seasonal_naive_lag168,P_Power,2022-01-17,14818.072499999982,100.22499999999995,59.058060609640904,30.715097587719296,121.72950546190509,100.22499999999995,4.2627129125097065,4.391454610947276,4.317251776868402,92.29999999999991,1.0,1.0
seasonal_naive_lag168,P_Power,2022-01-18,12407.696249999999,87.6875,86.15797002993072,44.964308114035084,111.38983907879569,87.6875,3.7449819742308295,3.6651261493365888,3.7501135993071775,-49.61250000000004,0.8333333333333334,1.0
seasonal_naive_lag168,P_Power,2022-01-19,60595.661250000005,228.4375,202.57119466761185,106.64594188596493,246.16185986053975,228.4375,10.113627461827821,9.555367182535841,9.926993818375395,-228.4375,0.2916666666666667,0.75
seasonal_naive_lag168,P_Power,2022-01-20,157982.14500000002,387.27500000000003,344.8453794502205,180.81791557017542,397.469678088782,387.27500000000003,17.47534062868271,16.03325102514617,17.469115267291784,-387.27500000000003,0.041666666666666664,0.125
seasonal_naive_lag168,P_Power,2022-01-21,37502.784104479455,158.0126144600899,141.78683907258196,74.54032894122007,193.6563557038071,158.0126144600899,7.5777652363004835,7.158266259679813,7.104244872767282,-134.28011005198948,0.5833333333333334,0.875
seasonal_naive_lag168,P_Power,2022-01-22,42628.36234188938,169.5932747153,124.58059911195892,65.4613421790154,206.4663709708905,169.5932747153,8.106429115976901,8.365623621633452,7.991813472125912,23.955522800647213,0.7083333333333334,0.9583333333333334
seasonal_naive_lag168,P_Power,2022-01-23,4862.1900000000005,55.77500000000003,54.4686584357278,28.169702850877197,69.72940556178577,55.77500000000003,2.592682227008656,2.6246742730795773,2.600233100233101,30.075,1.0,1.0
seasonal_naive_lag168,P_Power,2022-01-24,6874.065000000005,72.10000000000004,51.57635771109006,26.62810197368421,82.90998130502747,72.10000000000004,3.1113376106411113,3.1596273475884997,3.055052382919674,38.52500000000003,1.0,1.0
seasonal_naive_lag168,P_Power,2022-01-25,51372.49125,207.4125,101.89121278355383,53.51875986842106,226.65500490834083,207.4125,8.07808178936672,8.469736142122741,8.147642570241683,207.4125,0.8333333333333334,1.0
seasonal_naive_lag168,P_Power,2022-01-26,45373.63500000003,184.95000000000007,100.13740843572786,52.536424342105285,213.01088000381583,184.95000000000007,7.794618448944057,8.247111831546174,7.453829180562415,180.10000000000005,0.7916666666666666,1.0
seasonal_naive_lag168,P_Power,2022-01-27,29826.70874999998,159.88749999999996,74.15760771109007,38.6766217105263,172.70410750760962,159.88749999999996,6.883234524426802,7.17638830296883,6.727006900033658,159.88749999999996,0.9583333333333334,1.0
seasonal_naive_lag168,P_Power,2022-01-28,10733.658750000004,86.96249999999999,52.587951913988604,27.171983552631584,103.60337229067403,86.96249999999999,3.9618776459553495,4.073969897514645,3.7835486063902106,74.23750000000001,1.0,1.0
seasonal_naive_lag168,P_Power,2022-01-29,2847.168749999993,45.08749999999995,50.2492743777568,25.947860745614026,53.358867585435064,45.08749999999995,2.126756525668456,2.1438969615281462,2.107754338806753,17.037499999999994,1.0,1.0
seasonal_naive_lag168,P_Power,2022-01-30,7073.225416666673,73.87083333333338,64.6222816241336,33.572268640350885,84.10246974177794,73.87083333333338,3.472778743882416,3.485183328276484,3.439298677162973,2.845833333333303,1.0,1.0
seasonal_naive_lag168,P_Power,2022-01-31,27980.546250000018,137.93750000000003,128.7304337980466,67.64416557017546,167.273866010205,137.93750000000003,5.991162266595695,5.75105320508895,6.204143592050151,-136.71250000000003,0.5416666666666666,1.0
seasonal_naive_lag168,P_Power,2022-02-01,37341.17999999999,178.79999999999995,153.85162945022054,80.96567872807016,193.23866072812655,178.79999999999995,7.572566160596067,7.262125650783806,7.5542645893847356,-178.79999999999995,0.5416666666666666,0.9583333333333334
seasonal_naive_lag168,P_Power,2022-02-02,22813.890000000014,136.00000000000009,123.76277075456842,65.07308004385968,151.04267608858106,136.00000000000009,5.881090680365438,5.680124579850857,5.777522887062175,-127.32500000000009,0.75,1.0
seasonal_naive_lag168,P_Power,2022-02-03,12852.978750000018,83.81250000000004,74.64537945022057,38.87435197368422,113.37097842922596,83.81250000000004,3.491683504224325,3.4621519624149046,3.565029216756969,-25.837499999999988,0.9583333333333334,1.0
seasonal_naive_lag168,P_Power,2022-02-04,8639.805000000008,67.15000000000002,54.335053363264024,28.159417763157904,92.95055137006992,67.15000000000002,2.7475290348553254,2.81234696865866,2.8543040375756483,54.15000000000001,1.0,1.0
seasonal_naive_lag168,P_Power,2022-02-05,8530.263749999998,77.91250000000001,50.54547002993067,26.130821271929822,92.35942696877238,77.91250000000001,3.524813431659398,3.6129202191940246,3.519341415076762,74.7125,1.0,1.0
seasonal_naive_lag168,P_Power,2022-02-06,2416.3991666666666,35.23333333333337,57.59184684152488,29.791643640350873,49.15688320740715,35.23333333333337,1.729042894378796,1.7133084474623663,1.6427615334254198,-3.0833333333332953,1.0,1.0
seasonal_naive_lag168,P_Power,2022-02-07,15739.976249999978,91.88749999999993,96.32916568210452,50.4364462719298,125.45906204814372,91.88749999999993,4.155513277049768,4.0230439934387165,4.250705463292776,-61.612499999999955,0.75,1.0
seasonal_naive_lag168,P_Power,2022-02-08,85222.28249999999,271.34999999999997,240.07907510239446,126.12847478070177,291.9285571848016,271.34999999999997,13.048622948791303,12.144844329896028,12.949022321375312,-271.34999999999997,0.25,0.625
seasonal_naive_lag168,P_Power,2022-02-09,116495.02874999995,324.81249999999994,284.64836858065524,149.6231458333333,341.31368087142357,324.81249999999994,16.00508316832546,14.730876473796261,16.007416944391398,-324.81249999999994,0.0,0.5416666666666666
seasonal_naive_lag168,P_Power,2022-02-10,68423.26500000003,247.97500000000005,217.32065118935103,114.3695932017544,261.5784108063967,247.97500000000005,12.092935414303835,11.321491771260266,11.791558437698752,-247.97500000000005,0.25,0.7083333333333334
seasonal_naive_lag168,P_Power,2022-02-11,99134.64750000004,291.125,262.1438395951481,137.6903936403509,314.8565506703013,291.125,14.619514529547395,13.473345475259382,14.117119356031447,-290.375,0.16666666666666666,0.4583333333333333
seasonal_naive_lag168,P_Power,2022-02-12,71416.5375,244.57500000000005,213.9214664067423,112.6572576754386,267.23872754524183,244.57500000000005,12.829015304233348,11.905000115287125,12.419624097853895,-244.57500000000005,0.2916666666666667,0.75
seasonal_naive_lag168,P_Power,2022-02-13,12271.147500000006,90.97499999999998,90.51548814587268,47.289966008771934,110.77521157731998,90.97499999999998,4.408788082780741,4.273744733100506,4.422353605998553,-87.59999999999998,1.0,1.0
seasonal_naive_lag168,P_Power,2022-02-14,26169.166666666646,113.76666666666665,82.56992655166982,43.22575548245613,161.76886803914604,113.76666666666665,4.767909868567526,4.97468404471635,5.056783245794039,88.0833333333333,0.9166666666666666,1.0
seasonal_naive_lag168,P_Power,2022-02-15,47966.23124999999,196.48749999999995,98.00208234877122,51.48033881578945,219.01194316749027,196.48749999999995,8.528500396451168,8.98645109910218,8.572706300685532,196.48749999999995,0.8333333333333334,1.0
seasonal_naive_lag168,P_Power,2022-02-16,88501.46999999999,247.6,138.11394829080027,72.5874769736842,297.4919662780828,247.6,10.355423182886264,11.131574842566545,10.875210690736196,247.6,0.625,0.875
seasonal_naive_lag168,P_Power,2022-02-17,20215.70250000001,123.57500000000003,68.52364031978574,35.72500986842106,142.18193450646257,123.57500000000003,5.553406121731121,5.719569951233419,5.6248755369690775,93.95000000000003,1.0,1.0
seasonal_naive_lag168,P_Power,2022-02-18,56128.56375000002,200.13750000000005,107.86757147920612,56.58915460526318,236.91467609669104,200.13750000000005,8.702626873839648,9.209459081632794,8.894505860785515,187.9125,0.8333333333333334,0.9583333333333334
seasonal_naive_lag168,P_Power,2022-02-19,43103.784166666665,172.20833333333334,98.31630336326407,51.60252083333334,207.61450856495233,172.20833333333334,7.94316109874007,8.362660144596257,8.15835861641502,141.5583333333333,0.9166666666666666,1.0
seasonal_naive_lag168,P_Power,2022-02-20,16106.966250000003,116.53750000000002,109.00579611688723,57.06486732456142,126.91322330632062,116.53750000000002,5.952854383652542,5.754124395256176,6.005152979066024,-116.53750000000002,0.875,1.0
seasonal_naive_lag168,P_Power,2022-02-21,31400.800416666654,161.8458333333333,141.35135771109012,74.28206030701753,177.20270995858573,161.8458333333333,7.707275235281752,7.388274051606934,7.726121782440144,-154.9958333333333,0.625,0.9583333333333334
seasonal_naive_lag168,P_Power,2022-02-22,44594.51999999996,195.1249999999999,172.368205537177,90.85225767543857,211.1741461448346,195.1249999999999,9.337812908844485,8.864163677817778,9.297920625182408,-193.42499999999993,0.4166666666666667,0.875
seasonal_naive_lag168,P_Power,2022-02-23,78793.47374999999,236.38749999999996,208.5184772763075,109.58192872807014,280.7017523101699,236.38749999999996,11.603475763765681,10.760683587370973,11.58563481755581,-236.38749999999996,0.4583333333333333,0.8333333333333334
seasonal_naive_lag168,P_Power,2022-02-24,45536.94,155.25,152.13595916036547,79.64016337719296,213.39386120504966,155.25,7.796897010607333,7.278326327356622,7.491540349967127,-124.60000000000002,0.6666666666666666,0.75
seasonal_naive_lag168,P_Power,2022-02-25,298753.9537499999,480.1625000000001,443.5141294502205,229.2135734649123,546.5838945212345,480.1625000000001,28.468924252423385,24.055352144823537,27.128399612986158,-480.1625000000001,0.125,0.3333333333333333
seasonal_naive_lag168,P_Power,2022-02-26,250392.07416666663,489.75833333333327,446.9228251023944,231.96925328947364,500.39192056493744,489.75833333333327,30.738518218344208,26.460365819697312,30.212180797059542,-489.75833333333327,0.0,0.08333333333333333
seasonal_naive_lag168,P_Power,2022-02-27,105983.90624999999,287.28749999999997,268.5321548125394,140.32404495614034,325.5516952036957,287.28749999999997,18.682607721967802,16.65819531419251,17.33950975880254,-283.78749999999997,0.25,0.375
seasonal_naive_lag168,P_Power,2022-02-28,158237.21625,354.4375,327.477535247322,170.3233870614035,397.7904174939361,354.4375,21.534944640369773,18.997506280931596,20.365874680380383,-354.4375,0.20833333333333334,0.4583333333333333
seasonal_naive_lag24,P_Power,2022-01-01,372616.57125,554.3375,460.1319401780086,238.54189857456137,610.4232722054427,554.3375,28.550588270968973,24.50023721881479,28.98345184565513,-554.3375,0.0,0.16666666666666666
seasonal_naive_lag24,P_Power,2022-01-02,25470.742499999993,142.92499999999995,94.39498365626973,49.50492489035087,159.5955591487432,142.92499999999995,7.157273672790254,7.2529976007840595,7.2141532171564835,68.57499999999995,0.7916666666666666,1.0
seasonal_naive_lag24,P_Power,2022-01-03,23457.277500000007,119.52500000000002,88.16889669974796,46.06219462719298,153.15768834766345,119.52500000000002,5.982116339242398,5.9846665766658145,5.904072711106721,43.275000000000055,0.875,0.9583333333333334
seasonal_naive_lag24,P_Power,2022-01-04,22217.024999999983,125.74999999999994,84.18855249684938,44.056503837719276,149.05376546736412,125.74999999999994,5.914129229052201,6.152715926527202,5.889447000831312,110.72499999999997,0.9166666666666666,1.0
seasonal_naive_lag24,P_Power,2022-01-05,8769.236249999994,73.66249999999997,60.659023511342106,31.52640515350876,93.64420030092624,73.66249999999997,3.7027165862818423,3.733434347504893,3.4526801774090528,-1.6874999999999811,1.0,1.0
seasonal_naive_lag24,P_Power,2022-01-06,15687.41625,103.68749999999996,72.92070829395084,38.00198629385965,125.24941616630394,103.68749999999996,4.878891331244413,4.793218742954098,4.9694464414090564,-46.98750000000002,0.9583333333333334,1.0
seasonal_naive_lag24,P_Power,2022-01-07,98246.00249999999,246.29999999999995,176.14670467076243,92.47914638157896,313.44218366390953,246.29999999999995,12.907214097448652,11.785694362002271,13.176760111277549,-217.29999999999995,0.5416666666666666,0.8333333333333334
seasonal_naive_lag24,P_Power,2022-01-08,12333.558750000006,99.2625,70.23846191713926,36.54923410087719,111.0565565376489,99.2625,5.218120469696871,5.399749211369208,5.0530374857622835,95.21250000000002,1.0,1.0
seasonal_naive_lag24,P_Power,2022-01-09,53380.11375,184.16250000000002,125.28601626496534,66.04887225877194,231.04136804910067,184.16250000000002,7.897467304698432,8.362628877264527,8.676576247629594,158.11249999999998,0.9583333333333334,1.0
seasonal_naive_lag24,P_Power,2022-01-10,16942.11000000001,110.50000000000004,81.17623365626977,42.37012225877194,130.16186077342323,110.50000000000004,4.959086181857272,5.13166740845681,4.95693522339853,106.67500000000003,0.875,1.0
seasonal_naive_lag24,P_Power,2022-01-11,32840.94749999998,158.67499999999995,105.47623365626966,55.42548410087716,181.22071487553507,158.67499999999995,6.84781625887916,7.1661336970001575,6.645029576506306,158.67499999999995,0.7916666666666666,1.0
seasonal_naive_lag24,P_Power,2022-01-12,23278.15124999999,141.73749999999998,91.51654162728414,47.962720942982436,152.57179047910526,141.73749999999998,5.682521944538524,5.877447493215762,5.60313091431988,141.73749999999998,0.9166666666666666,1.0
seasonal_naive_lag24,P_Power,2022-01-13,13687.184999999998,100.49999999999999,68.26119742438559,35.570374451754375,116.9922433326244,100.49999999999999,3.7986145976499595,3.879412006500791,3.859169126646986,74.57500000000003,1.0,1.0
seasonal_naive_lag24,P_Power,2022-01-14,81733.67926728801,245.7073899480106,176.74052904438085,92.87694223277724,285.8910269093593,245.7073899480106,10.178624213562271,9.533250352664375,10.418039520485687,-245.7073899480106,0.5,0.8333333333333334
seasonal_naive_lag24,P_Power,2022-01-15,158718.64114880367,314.53791274865773,247.65225384347806,128.60301333337577,398.3950817326987,314.53791274865773,16.80481572377652,14.733292679242874,14.991331153939706,-260.34813285263664,0.5,0.5833333333333334
seasonal_naive_lag24,P_Power,2022-01-16,34944.182571347825,145.0557747153,100.7473539909962,52.73763799526088,186.9336314614035,145.0557747153,6.897987021001467,7.074889040131273,6.858672279882264,16.793022800647197,0.7916666666666666,0.9583333333333334
seasonal_naive_lag24,P_Power,2022-01-17,74864.88,224.57500000000002,153.04145104757401,80.75943146929824,273.6144733013954,224.57500000000002,9.007512465964968,9.60008091650076,9.673702347620074,206.57499999999996,0.7083333333333334,1.0
seasonal_naive_lag24,P_Power,2022-01-18,12263.081249999997,99.1125,70.60050901858847,36.83235910087719,110.73879740181395,99.1125,4.493039205163677,4.575363463094131,4.238724266415767,16.7625,0.9583333333333334,1.0
seasonal_naive_lag24,P_Power,2022-01-19,10922.658750000008,88.7375,64.29561771424066,33.469870065789486,104.51152448414484,88.7375,3.9137681747947273,3.87408250638634,3.8561821678055774,-37.087499999999984,1.0,1.0
seasonal_naive_lag24,P_Power,2022-01-20,14271.026250000008,90.46249999999999,66.37659597511023,34.509266995614034,119.46140066983983,90.46249999999999,4.008384336232223,3.884419177232925,4.080562494009123,-84.26249999999999,0.9583333333333334,1.0
seasonal_naive_lag24,P_Power,2022-01-21,4138.136250000002,52.18750000000001,50.33284597511028,26.016120065789476,64.32834717292216,52.18750000000001,2.323002042594402,2.331760063146073,2.3463492491682407,7.287499999999976,1.0,1.0
seasonal_naive_lag24,P_Power,2022-01-22,28628.45625,136.6625,89.6298568446755,46.82523190789474,169.1994570026748,136.6625,6.3434412505644096,6.104387718195146,6.440003063021669,-102.11249999999995,0.875,1.0
seasonal_naive_lag24,P_Power,2022-01-23,5375.103750000003,59.83750000000001,53.64226626496537,27.80137225877193,73.31509905878872,59.83750000000001,2.7968895341067435,2.8118895641089674,2.78962703962704,22.912499999999984,1.0,1.0
seasonal_naive_lag24,P_Power,2022-01-24,65288.9625,215.25,144.283298873661,75.99643804824562,255.5170493333077,215.25,8.60579607401759,9.127469254017575,9.120666094638828,215.025,0.6666666666666666,1.0
seasonal_naive_lag24,P_Power,2022-01-25,42774.63749999999,188.69999999999996,127.21626988815372,66.99867489035086,206.8203024366805,188.69999999999996,7.621506458527182,7.9975292563852625,7.4125723040058125,185.64999999999998,0.5833333333333334,1.0
seasonal_naive_lag24,P_Power,2022-01-26,13500.742499999984,107.04999999999995,70.33873365626965,36.61614199561402,116.19269555355011,107.04999999999995,4.312906561932745,4.240695713179327,4.314314213458804,-64.39999999999993,0.9583333333333334,1.0
seasonal_naive_lag24,P_Power,2022-01-27,16572.06000000001,112.27500000000005,83.05684959829868,43.39540734649123,128.7325133756038,112.27500000000005,4.982246999899992,4.819151891465831,4.723788286772133,-104.47500000000007,0.75,1.0
seasonal_naive_lag24,P_Power,2022-01-28,12573.88125,84.5625,64.67378800409574,33.59663541666668,112.13331908937683,84.5625,3.631999465441759,3.525708939830295,3.67912984364378,-78.3625,1.0,1.0
seasonal_naive_lag24,P_Power,2022-01-29,39616.938749999994,159.31249999999997,107.52079887366097,56.27341173245614,199.04004308178793,159.31249999999997,7.305496171754773,6.922484601723693,7.447554490738034,-159.31249999999997,0.75,1.0
seasonal_naive_lag24,P_Power,2022-01-30,3014.800416666665,46.47083333333333,46.245527134530526,23.873400767543856,54.907198222698135,46.47083333333333,2.135222101981611,2.143826021056769,2.163601903457534,8.720833333333294,1.0,1.0
seasonal_naive_lag24,P_Power,2022-01-31,17323.51166666667,117.39166666666667,79.18194017800884,41.37476041666667,131.61881197863272,117.39166666666667,5.183342904678245,5.2893480445475785,5.280034483081738,75.46666666666665,0.9583333333333334,1.0
seasonal_naive_lag24,P_Power,2022-02-01,22567.40625000001,143.56250000000003,90.94072640989289,47.65989199561405,150.2245194700253,143.56250000000003,6.1160721808498915,6.327148054857696,6.065487193028785,143.56250000000003,0.9583333333333334,1.0
seasonal_naive_lag24,P_Power,2022-02-02,10097.534999999998,89.82499999999997,62.665364091052226,32.49900383771929,100.48649162947225,89.82499999999997,3.7796952559799877,3.7622142875889186,3.8159264215467608,-12.92500000000006,0.9583333333333334,1.0
seasonal_naive_lag24,P_Power,2022-02-03,10981.271249999996,83.41249999999998,63.00648727945812,32.82479331140351,104.79156096747484,83.41249999999998,3.53869703746084,3.4977126900590036,3.548014908787358,-2.9874999999999545,0.9583333333333334,1.0
seasonal_naive_lag24,P_Power,2022-02-04,7344.847500000012,60.10000000000007,53.12804525047269,27.498247258771944,85.7020857389131,60.10000000000007,2.4759595776569316,2.497827670778303,2.554633993422139,1.6250000000000095,1.0,1.0
seasonal_naive_lag24,P_Power,2022-02-05,32693.3925,148.44999999999996,100.90911409105236,52.808378837719296,180.81314249799433,148.44999999999996,6.511252170277697,6.224169228804084,6.705550881670402,-138.75,0.7916666666666666,1.0
seasonal_naive_lag24,P_Power,2022-02-06,9264.360000000002,83.7,64.81808148235666,33.66072532894737,96.25154544213824,83.7,4.11731124205331,4.0072321882864355,3.902530000407971,-69.075,0.9166666666666666,1.0
seasonal_naive_lag24,P_Power,2022-02-07,11399.726249999998,88.08749999999999,63.20748365626965,32.942973135964905,106.76950056078748,88.08749999999999,3.9293545997297197,3.9677725148368816,4.074917888698709,16.9375,1.0,1.0
seasonal_naive_lag24,P_Power,2022-02-08,9643.61250000001,69.17500000000003,56.991088728733416,29.528609100877205,98.20189662119571,69.17500000000003,3.251385254751741,3.151211470049522,3.301082067739589,-66.175,0.9583333333333334,1.0
seasonal_naive_lag24,P_Power,2022-02-09,22723.593750000015,107.1375,77.9691684388784,40.592337171052655,150.74347000782493,107.1375,5.120511421874102,4.923075658832805,5.279952689258368,-66.3875,0.9166666666666666,1.0
seasonal_naive_lag24,P_Power,2022-02-10,30377.00249999999,126.10000000000001,89.9534075693132,47.212874451754395,174.28999540994886,126.10000000000001,5.525897329786598,5.745520711722874,5.9962315515427465,73.84999999999995,1.0,1.0
seasonal_naive_lag24,P_Power,2022-02-11,9330.817500000005,78.725,60.53927713453058,31.416569627192985,96.59615675584617,78.725,3.8430832364090928,3.7691182341824523,3.8175018335889246,-40.77499999999997,0.9583333333333334,1.0
seasonal_naive_lag24,P_Power,2022-02-12,37067.73750000001,150.375,99.12759235192186,51.883521381578966,192.52983535026465,150.375,7.506522767938288,7.142204273748663,7.636107426003389,-92.95,0.8333333333333334,1.0
seasonal_naive_lag24,P_Power,2022-02-13,10209.847500000002,90.87500000000004,64.49942206206684,33.50535252192983,101.04379001205369,90.87500000000004,4.442832129021296,4.567527170194526,4.417492541303861,87.90000000000002,1.0,1.0
seasonal_naive_lag24,P_Power,2022-02-14,60816.75291666665,203.35416666666663,138.417085105545,72.98916831140349,246.61052880334742,203.35416666666663,8.365341543899554,8.88080711480302,9.03883336913925,192.62083333333325,0.7916666666666666,1.0
seasonal_naive_lag24,P_Power,2022-02-15,8437.072916666666,77.75416666666669,62.62251988815374,32.56318146929825,91.85354057774074,77.75416666666669,3.627476557449097,3.711866163596768,3.3923971473395844,42.22916666666668,1.0,1.0
seasonal_naive_lag24,P_Power,2022-02-16,10501.612499999997,87.67499999999995,64.60992930844361,33.57948629385965,102.47737555187486,87.67499999999995,3.776593588912263,3.7599140091598393,3.850905077989885,-15.274999999999977,0.9583333333333334,1.0
seasonal_naive_lag24,P_Power,2022-02-17,18124.109999999997,101.84999999999998,73.32034597511029,38.16399287280702,134.62581476076568,101.84999999999998,4.520924505759959,4.376845302014523,4.635998975847059,-79.8,1.0,1.0
seasonal_naive_lag24,P_Power,2022-02-18,8306.268750000003,63.08750000000003,57.55195829395087,29.945637609649115,91.13873353300453,63.08750000000003,2.6250341060698004,2.689404969632853,2.803733125937449,53.18750000000001,0.9583333333333334,1.0
seasonal_naive_lag24,P_Power,2022-02-19,54513.28541666667,171.22916666666666,131.1519582939509,68.64329111842106,233.4808031009545,171.22916666666666,8.235451568208976,7.7024016068638,8.111970659123525,-139.30416666666667,0.6666666666666666,0.875
seasonal_naive_lag24,P_Power,2022-02-20,50844.74291666665,171.3458333333333,123.17931336641455,64.55184374999999,225.48778884158372,171.3458333333333,8.884148351150985,8.278435782617528,8.829414922168544,-170.19583333333333,0.6666666666666666,1.0
seasonal_naive_lag24,P_Power,2022-02-21,49539.57374999998,189.01249999999996,123.55802713453055,65.00752357456139,222.5748722340417,189.01249999999996,8.553061772678717,9.000179682839759,9.022991592225942,154.1625,0.9166666666666666,1.0
seasonal_naive_lag24,P_Power,2022-02-22,10182.442499999994,85.99999999999996,65.50974814902331,34.016240679824556,100.9080893684941,85.99999999999996,4.290335989224164,4.337162031478275,4.097994484385329,3.800000000000059,1.0,1.0
seasonal_naive_lag24,P_Power,2022-02-23,13685.546250000009,95.88750000000005,67.5292227867045,35.12973848684212,116.9852394535311,95.88750000000005,4.626465390258364,4.5141665783161145,4.699561349768425,-58.23750000000001,1.0,1.0
seasonal_naive_lag24,P_Power,2022-02-24,45816.99375,181.6875,127.99136046786388,67.22527576754386,214.04904519759017,181.6875,8.753828458411668,8.687283069013462,8.767273670432543,31.987499999999937,0.7083333333333334,0.8333333333333334
seasonal_naive_lag24,P_Power,2022-02-25,114210.95249999997,302.37499999999994,224.73900539540003,118.15910252192981,337.9511096297806,302.37499999999994,17.814961243897258,16.02866128544732,17.083695276029854,-302.37499999999994,0.20833333333333334,0.625
seasonal_naive_lag24,P_Power,2022-02-26,48462.727500000015,172.625,126.14398727945813,66.25961787280703,220.14251633884814,172.625,10.484342604786075,9.755617566748043,10.648879978409223,-148.9,0.5,1.0
seasonal_naive_lag24,P_Power,2022-02-27,7700.722499999999,56.99999999999997,52.89652351134213,27.47337883771929,87.7537606031787,56.99999999999997,3.1378575447797834,3.2277865017081653,3.440289104996717,35.775000000000006,1.0,1.0
seasonal_naive_lag24,P_Power,2022-02-28,13529.576249999991,83.71249999999998,63.44951264177691,33.0104731359649,116.316706667615,83.71249999999998,4.249751945825631,4.406493466416445,4.810095670411123,83.51249999999997,1.0,1.0
LagDrop_LGBM,Q_Power,2022-01-01,8135.466013615519,75.69034250405294,54.368301806332944,28.452631840227763,90.19681820117337,75.69034250405294,16.1270920588562,14.5240486171067,16.309498209724016,-73.01190983009397,0.9583333333333334,1.0
LagDrop_LGBM,Q_Power,2022-01-02,3593.9680249863236,54.786428621639665,42.3523604248954,22.05576444837997,59.94971246792034,54.786428621639665,11.684104158989927,10.981004841090858,10.931323830231134,-36.84663196659459,1.0,1.0
LagDrop_LGBM,Q_Power,2022-01-03,15307.172899262461,112.88094767894832,73.68153135602925,38.71585207299821,123.7221600977871,112.88094767894832,21.312096101053175,18.661608868456273,17.141157136677613,-95.05557059979004,0.7083333333333334,0.9166666666666666
LagDrop_LGBM,Q_Power,2022-01-04,10318.13420978268,84.76253302731452,55.106168277330276,28.884407443255743,101.57821720124193,84.76253302731452,13.31636633368795,12.768584320996478,11.111661655991153,-0.8660744041423906,0.9166666666666666,1.0
LagDrop_LGBM,Q_Power,2022-01-05,13154.265207730605,102.87532196575455,70.49068334628588,37.02607958949457,114.69204509350509,102.87532196575455,17.13860002539542,15.408842053896052,14.235597110096974,-101.31889057357505,0.6666666666666666,1.0
LagDrop_LGBM,Q_Power,2022-01-06,21055.94132394857,119.40546960838157,90.79531700331636,47.789660686027766,145.10665499538115,119.40546960838157,19.370946971761686,17.180754731064937,17.137491152979056,-45.92993677163404,0.5416666666666666,0.875
LagDrop_LGBM,Q_Power,2022-01-07,66143.8752943639,227.02521090749818,169.52391367684626,88.97378894650416,257.18451604706667,227.02521090749818,48.109679343787086,37.27408037472011,48.893600583104124,-227.02521090749818,0.25,0.625
LagDrop_LGBM,Q_Power,2022-01-08,18682.679567599338,127.03538079314355,81.65483955073985,42.936067776259755,136.68459886760957,127.03538079314355,27.351111562243695,23.79281960612717,27.87162456038034,-127.03538079314355,0.6666666666666666,1.0
LagDrop_LGBM,Q_Power,2022-01-09,36799.333538395724,143.10459471593376,101.82944456235306,53.43112751695645,191.83152383900756,143.10459471593376,18.5343363764119,20.77667359603629,22.299553121943745,97.34514216548115,0.6666666666666666,0.7916666666666666
LagDrop_LGBM,Q_Power,2022-01-10,7199.028436672376,67.8007027370278,45.76167372069016,23.877280119070416,84.84708855743004,67.8007027370278,9.382619495183393,9.395133432049306,9.064568031956657,0.5316148690373813,0.9583333333333334,1.0
LagDrop_LGBM,Q_Power,2022-01-11,13998.074158849595,91.5655988693196,69.44231463413837,36.42854573877579,118.31345721789046,91.5655988693196,14.54475789312069,12.796466672940785,12.264960920126526,-85.95848707340654,0.7916666666666666,0.8333333333333334
LagDrop_LGBM,Q_Power,2022-01-12,29495.966966710446,159.10813513711622,115.35951808836474,60.79221866461561,171.7438993580571,159.10813513711622,27.276186378205235,23.25354446195731,22.880911038952537,-159.10813513711622,0.375,0.75
LagDrop_LGBM,Q_Power,2022-01-13,26530.408110307635,150.3735210202071,107.40225120249757,56.562234558747114,162.88157695180763,150.3735210202071,24.501850548680657,21.29891916644296,21.855425179616965,-150.3735210202071,0.375,0.8333333333333334
LagDrop_LGBM,Q_Power,2022-01-14,55183.18155665687,194.01665570438755,150.83783664109035,78.46600527710528,234.91100773837073,194.01665570438755,42.508601998023096,30.965132083915687,29.965084422983605,-192.06898228448736,0.5,0.625
LagDrop_LGBM,Q_Power,2022-01-15,14753.99333531847,91.19931600825191,66.28193105777304,34.81574195159235,121.46601720365442,91.19931600825191,21.347441342061238,17.9295343235413,18.434730704897046,-85.84797403395164,0.75,1.0
LagDrop_LGBM,Q_Power,2022-01-16,4245.823844549045,51.97137562039803,40.41023340960411,21.006088860865926,65.15998652968742,51.97137562039803,9.877746204424016,9.202372235128982,10.175252807400314,-50.624263475458406,1.0,1.0
LagDrop_LGBM,Q_Power,2022-01-17,9873.701407327922,77.60534942760718,53.90287845028411,28.258628042206954,99.36650042810163,77.60534942760718,11.519871076115558,10.729998917397792,10.828527495392915,-60.61888125204803,0.9166666666666666,1.0
LagDrop_LGBM,Q_Power,2022-01-18,9550.410074644695,81.47663656424693,56.28905088717321,29.424003930399504,97.72619953034445,81.47663656424693,12.530680094258742,11.779365402388303,11.017614518246404,-9.52943237393027,0.875,1.0
LagDrop_LGBM,Q_Power,2022-01-19,13891.77846839233,100.25503476728011,68.23083232832259,35.90357073578948,117.86338900775053,100.25503476728011,16.335040026575612,15.38514406978174,14.713095797957163,-38.51414501176676,0.7916666666666666,1.0
LagDrop_LGBM,Q_Power,2022-01-20,18621.36307082209,119.49176987983162,86.89461665179931,45.77764115710405,136.4601153114788,119.49176987983162,21.639368839463092,18.98172274737886,18.27824927892795,-103.23260252314843,0.5833333333333334,0.9166666666666666
LagDrop_LGBM,Q_Power,2022-01-21,35044.39493960964,157.37502501031597,115.43225664620793,60.78714900963024,187.20148220462798,157.37502501031597,23.777252629828336,20.6381214149325,24.64279115448283,-156.1339414300223,0.3333333333333333,0.8333333333333334
LagDrop_LGBM,Q_Power,2022-01-22,3564.667811490522,44.59765876048173,41.93632995537653,21.847927852744025,59.704839096094396,44.59765876048173,8.40794706908257,8.007094950903033,8.219440875523622,-28.047240801618443,1.0,1.0
LagDrop_LGBM,Q_Power,2022-01-23,7465.588816877448,70.4193798727382,51.37743032897615,26.807536681674687,86.4036389099293,70.4193798727382,12.736369584928678,12.064722421440022,12.964400031801574,-28.194725106705746,0.9583333333333334,1.0
LagDrop_LGBM,Q_Power,2022-01-24,13970.792027648147,96.50670113309532,69.2435520100342,36.342200288669325,118.19810500870202,96.50670113309532,15.26511254368366,13.893196365326546,14.434146146140492,-66.49761298575895,0.75,1.0
LagDrop_LGBM,Q_Power,2022-01-25,5829.386400460576,56.30576281367544,49.71687377672486,25.965758787270648,76.3504184694529,56.30576281367544,7.467345966897408,7.8478659380545395,7.114591039903394,21.77528405392161,0.9166666666666666,1.0
LagDrop_LGBM,Q_Power,2022-01-26,11236.842207666212,88.18769020038565,68.40183004840493,35.96193359905926,106.00397260322941,88.18769020038565,13.461785016348617,13.950061400582591,11.308107544648658,25.99706256117014,0.6666666666666666,1.0
LagDrop_LGBM,Q_Power,2022-01-27,24256.974141183087,118.40728896550327,87.89826568594022,46.21379112213882,155.74650603202335,118.40728896550327,16.205241526592864,14.36842883904462,16.65655550771982,-112.60373770866492,0.5416666666666666,0.9166666666666666
LagDrop_LGBM,Q_Power,2022-01-28,20071.091657882567,120.87598027285087,80.87739120508398,42.4732043477371,141.6724802418683,120.87598027285087,16.173536001922294,14.826828533242589,17.00472756049742,-105.3706944519766,0.75,1.0
LagDrop_LGBM,Q_Power,2022-01-29,11177.282897016303,84.04629566828173,59.518634433288696,31.15793226572015,105.72266974029885,84.04629566828173,15.468070504178232,13.952426902796669,15.12780374715956,-61.52852740337166,0.9166666666666666,1.0
LagDrop_LGBM,Q_Power,2022-01-30,3676.6766430657826,46.8828304872394,43.862005309131064,22.843131269811654,60.635605406937124,46.8828304872394,8.074234550498554,8.468730353566436,8.217309201803456,17.092571558850093,0.9166666666666666,1.0
LagDrop_LGBM,Q_Power,2022-01-31,24395.301047271696,119.96274439062023,87.75074656290396,46.10953890318112,156.1899518127581,119.96274439062023,16.22119410893862,14.879460946579744,17.454521490732805,-79.882749204404,0.625,0.9166666666666666
LagDrop_LGBM,Q_Power,2022-02-01,7615.462360466816,74.62078986583514,53.509963605804835,27.990058151043723,87.26661652927089,74.62078986583514,9.621856118562777,10.123959039142065,9.43059855178719,31.241173979868687,0.875,1.0
LagDrop_LGBM,Q_Power,2022-02-02,11580.54798221473,90.09985195888494,65.59913979228588,34.421311278680946,107.61295452785753,90.09985195888494,12.319991199764491,12.756035437547219,11.633292699662356,38.774249396492245,0.75,0.9583333333333334
LagDrop_LGBM,Q_Power,2022-02-03,11472.197789758007,85.37810455679285,60.063809314511026,31.468204718424587,107.10834603222106,85.37810455679285,11.043124637559492,11.071773532075717,11.458610194174318,-12.025772372260093,0.7916666666666666,1.0
LagDrop_LGBM,Q_Power,2022-02-04,6139.354723752476,67.15765799851354,50.72565443223764,26.527449105524436,78.35403450845703,67.15765799851354,9.231377840979905,9.074342717872772,8.916163499479039,-24.46092155532791,0.9583333333333334,1.0
LagDrop_LGBM,Q_Power,2022-02-05,5197.996943080596,61.751017153844565,48.41688443101584,25.24488938015061,72.09713547070089,61.751017153844565,10.870230150696887,11.080743351121274,10.981375032915942,-1.1450951006438477,0.9166666666666666,1.0
LagDrop_LGBM,Q_Power,2022-02-06,5447.3483303530975,64.07307967101674,46.269146673139716,24.110788769226286,73.8061537431202,64.07307967101674,10.36817361054085,11.101934369586424,10.746459754457922,64.07307967101674,0.9583333333333334,1.0
LagDrop_LGBM,Q_Power,2022-02-07,13075.142744504119,102.56452228524368,73.79400953970888,38.82557969270915,114.34659043672495,102.56452228524368,16.498632070790798,16.721817452351164,14.58047406987027,-11.335005661968424,0.625,1.0
LagDrop_LGBM,Q_Power,2022-02-08,22758.298588920723,122.7813497891827,89.63809751623346,47.14903894064702,150.8585383361536,122.7813497891827,21.110519014652855,18.332648281432196,18.36738094755716,-89.48145865212308,0.625,0.875
LagDrop_LGBM,Q_Power,2022-02-09,51070.74696777616,173.0172383248029,134.3383519344487,70.23683718801203,225.98837794846037,173.0172383248029,27.844296752057634,22.864564949460597,28.288123985252874,-170.55541712685041,0.5416666666666666,0.7083333333333334
LagDrop_LGBM,Q_Power,2022-02-10,20587.503485568708,120.69036462720187,81.5552477090264,42.88112385089107,143.4834606690566,120.69036462720187,18.51436608047318,16.547854880035892,17.660281625285613,-90.05003377610088,0.6666666666666666,0.9166666666666666
LagDrop_LGBM,Q_Power,2022-02-11,24424.096808003105,130.0520451027953,93.32755677685297,49.11741978191097,156.28210648696512,130.0520451027953,20.994880382060654,18.373153154925603,20.026107459094995,-120.31324934065755,0.5833333333333334,0.875
LagDrop_LGBM,Q_Power,2022-02-12,6943.906027177453,68.63953416357451,50.08417049084448,26.107540826450773,83.33010276711204,68.63953416357451,12.00572741581583,11.089680589127255,11.885376362169565,-61.26587539508656,0.9583333333333334,1.0
LagDrop_LGBM,Q_Power,2022-02-13,4432.944899194481,58.99304639741928,43.179510505164075,22.488905228752326,66.58036421644509,58.99304639741928,9.579557615008238,10.172931150452252,9.46083656441653,51.82768188933094,1.0,1.0
LagDrop_LGBM,Q_Power,2022-02-14,13728.264959436465,90.88941760374728,60.146988764714905,31.523899856451163,117.16767881731064,90.88941760374728,10.994750427466855,12.000540473192588,10.713196222686836,81.33206753141413,0.75,1.0
LagDrop_LGBM,Q_Power,2022-02-15,4947.876794885508,59.5000734805368,39.730277155190514,20.661717102898503,70.34114581726337,59.5000734805368,6.3918208166363195,6.587080801508173,6.721653127037595,38.07584326761003,1.0,1.0
LagDrop_LGBM,Q_Power,2022-02-16,12297.901412342597,97.72246496873403,63.79616272437736,33.38333791502882,110.89590349666933,97.72246496873403,12.75241342934794,12.959139484324112,12.027195270070802,15.448333369803118,0.875,1.0
LagDrop_LGBM,Q_Power,2022-02-17,45828.9878068944,154.8632784262209,117.93082260090695,61.583751811046135,214.07706044061425,154.8632784262209,20.950934361170237,17.786155422573934,21.795229446189804,-141.58617502316125,0.5833333333333334,0.7916666666666666
LagDrop_LGBM,Q_Power,2022-02-18,30606.34944042553,116.07796175740152,85.27158134065674,44.63824991583053,174.9467045714938,116.07796175740152,11.524438566007944,12.982261547314813,13.03917119350743,111.85395566148883,0.75,0.9166666666666666
LagDrop_LGBM,Q_Power,2022-02-19,34220.35646722624,139.74297711505585,108.2175825846986,56.78388888970701,184.98744948570493,139.74297711505585,17.053221313965658,19.488781226265953,19.141562511479467,131.7103418341495,0.5833333333333334,0.8333333333333334
LagDrop_LGBM,Q_Power,2022-02-20,9579.502582836847,88.33151794413936,61.77093766890474,32.36302105784673,97.87493337334564,88.33151794413936,13.978985513121508,15.27164080815912,14.029505123252694,85.41815284901598,0.8333333333333334,1.0
LagDrop_LGBM,Q_Power,2022-02-21,6097.9955384217765,71.66389353559046,46.30990895287541,24.084511582464444,78.08966345440206,71.66389353559046,9.519658639906318,10.05457884573308,9.050375946401656,59.61009441224121,1.0,1.0
LagDrop_LGBM,Q_Power,2022-02-22,15915.004046576942,103.22535547356057,64.26344359828936,33.64632843854437,126.15468301484864,103.22535547356057,12.1722105573328,13.001141541154263,11.782035151783202,78.9830587695602,0.8333333333333334,1.0
LagDrop_LGBM,Q_Power,2022-02-23,16317.592935565923,110.1779294505779,72.55184280058025,38.104226025774715,127.7403340200969,110.1779294505779,13.447233519762058,14.544262968929075,13.294471125258271,70.09165304050774,0.6666666666666666,0.9583333333333334
LagDrop_LGBM,Q_Power,2022-02-24,50938.272954817825,201.01187829921025,148.16124865520584,78.01108561525541,225.69508845966902,201.01187829921025,20.303402942543293,23.187301301831354,21.07816057245428,198.3464588801772,0.2916666666666667,0.625
LagDrop_LGBM,Q_Power,2022-02-25,40277.389617949615,165.6337027206654,125.18601825913163,65.63111393152023,200.692275929966,165.6337027206654,24.198173363206866,22.305958941541792,21.6344961756355,-24.60463031116569,0.4166666666666667,0.9166666666666666
LagDrop_LGBM,Q_Power,2022-02-26,3456.1530351809656,49.70417196652912,43.557018352500656,22.693284779817162,58.7890554030337,49.70417196652912,8.069986236837558,7.857979110948578,8.108513137140498,-18.917988720629854,0.9583333333333334,1.0
LagDrop_LGBM,Q_Power,2022-02-27,9920.575455953282,71.72038810164331,56.42215899367637,29.564138520541274,99.60208560041944,71.72038810164331,10.112546590631192,10.976346557558896,11.346591745864822,69.23375575869115,0.8333333333333334,1.0
LagDrop_LGBM,Q_Power,2022-02-28,15452.027676909414,99.68242025895815,71.0951892843617,37.27012098443742,124.3061851916847,99.68242025895815,16.18436061786278,14.719231514617318,14.69998271067974,-55.316936852795116,0.7916666666666666,0.9583333333333334
SFS_LGBM,Q_Power,2022-01-01,45034.69463829547,193.8917817022203,163.86246465934062,85.98456885961953,212.21379464656738,193.8917817022203,41.94762528267007,33.7144146090237,41.77914330858304,-193.74221348213996,0.125,0.5416666666666666
SFS_LGBM,Q_Power,2022-01-02,10257.163380450153,94.05339059293743,69.80565734005184,36.615210804468184,101.2776548921338,94.05339059293743,19.554460292245654,17.880708188864194,18.76610861063722,-63.53839092285974,0.8333333333333334,1.0
SFS_LGBM,Q_Power,2022-01-03,22043.127544014696,130.92900271856792,102.99492544413157,54.11180383380889,148.46928148278585,130.92900271856792,23.473562647511713,20.2933009519316,19.88178391034192,-125.01289139728198,0.5416666666666666,0.75
SFS_LGBM,Q_Power,2022-01-04,18225.329450524565,116.33209381261292,82.92781720005485,43.21352645693304,135.00122018161377,116.33209381261292,21.560844198907812,18.558498015645704,15.250167969404897,-70.11835110382054,0.5416666666666666,0.7916666666666666
SFS_LGBM,Q_Power,2022-01-05,13477.829475419227,103.91197042588676,85.86864559335606,45.10019006660736,116.09405443613048,103.91197042588676,18.257036315021892,16.182698563229675,14.379045602322904,-102.90552569054347,0.4166666666666667,0.875
SFS_LGBM,Q_Power,2022-01-06,33344.41028661516,152.15540260198233,125.47182608913131,65.59248817065163,182.60451880119277,152.15540260198233,26.98800594767218,22.598147376997744,21.83787622561641,-121.20557979699397,0.4583333333333333,0.6666666666666666
SFS_LGBM,Q_Power,2022-01-07,165044.31956474588,353.10349223647626,317.04125423365946,163.46500180263277,406.25647018200937,353.10349223647626,74.48617336149704,51.41944152643415,76.04662515188204,-353.10349223647626,0.0,0.125
SFS_LGBM,Q_Power,2022-01-08,38983.64467611361,187.95436865013343,155.5388861418884,81.83142757331585,197.44276303808556,187.95436865013343,41.11180245588217,33.654858764306454,41.23728023478779,-187.95436865013343,0.08333333333333333,0.5833333333333334
SFS_LGBM,Q_Power,2022-01-09,41179.399021289384,164.6009292664188,98.42819385755887,51.665097809554275,202.9270780878919,164.6009292664188,23.236420938666203,25.057135868255955,25.649261460709216,88.03136216793503,0.625,0.8333333333333334
SFS_LGBM,Q_Power,2022-01-10,7532.344760204421,74.97922728920621,51.75125235975415,27.012189880836505,86.78908203342412,74.97922728920621,11.20032341988015,10.714556988369077,10.02429590416875,-22.752580394285065,0.875,1.0
SFS_LGBM,Q_Power,2022-01-11,11748.97509610399,89.12290951808733,77.3126636360244,40.639251703986375,108.3926893111523,89.12290951808733,13.970540522296245,12.515056420714082,11.937769378730826,-76.82204942525958,0.7083333333333334,0.875
SFS_LGBM,Q_Power,2022-01-12,22429.188428659432,136.51167036689648,110.26607097017711,57.97424634224128,149.76377542202732,136.51167036689648,22.972271914362043,20.097001596404194,19.631374491015134,-125.54894857018475,0.3333333333333333,0.8333333333333334
SFS_LGBM,Q_Power,2022-01-13,20174.711279727388,134.39971526142494,107.2516786515494,56.4601353424216,142.03771076628695,134.39971526142494,22.108021474570407,19.560781571743764,19.533777630060122,-128.16282266655548,0.25,0.7916666666666666
SFS_LGBM,Q_Power,2022-01-14,45564.51503207913,173.8554519373439,148.95561184656063,77.35158395126359,213.45846207653406,173.8554519373439,40.54806129687026,29.622855031386614,26.851268391287228,-162.5746760404236,0.5,0.5416666666666666
SFS_LGBM,Q_Power,2022-01-15,31584.40332517617,156.28284834003884,130.4036834668176,67.97271690541285,177.72001385656083,156.28284834003884,37.085518133463005,29.113879941002075,31.59050252835449,-156.28284834003884,0.5,0.7083333333333334
SFS_LGBM,Q_Power,2022-01-16,5087.557159479052,59.729369590438466,54.593563465581894,28.4919597897208,71.32711377505088,59.729369590438466,11.80155666013456,10.971644365013777,11.694157184687299,-51.47841887541339,0.875,1.0
SFS_LGBM,Q_Power,2022-01-17,7311.117723931139,71.06170346745499,56.85481690874539,29.731601249149758,85.50507425838036,71.06170346745499,10.80810179276113,10.141984751666573,9.915471234165414,-55.43952430486141,0.8333333333333334,1.0
SFS_LGBM,Q_Power,2022-01-18,14513.426862712076,92.56658058440513,81.63936769678871,42.748630711946056,120.47168490027886,92.56658058440513,15.648128216780034,13.652344147195514,12.517243533328394,-82.8729247021502,0.75,0.7916666666666666
SFS_LGBM,Q_Power,2022-01-19,29832.054348313733,159.5718881184252,127.3246545420587,66.6834408053732,172.71958299021492,159.5718881184252,28.48868506780861,24.2005948383148,23.418240111303962,-139.416169853224,0.3333333333333333,0.5416666666666666
SFS_LGBM,Q_Power,2022-01-20,31899.122809478267,164.14972213111938,136.5782963286246,71.65737015182263,178.60325531601674,164.14972213111938,30.17146533256611,25.285509165645838,25.10942421554819,-161.82382033712932,0.25,0.5416666666666666
SFS_LGBM,Q_Power,2022-01-21,34958.91298365118,165.78573207793798,140.18164680606267,73.5573218739334,186.97302742281084,165.78573207793798,27.60012196281088,23.435693014701066,25.959793631307573,-165.78573207793798,0.2916666666666667,0.5416666666666666
SFS_LGBM,Q_Power,2022-01-22,16841.304833296326,112.6651337123047,90.76037525651067,47.73628699691127,129.7740530048142,112.6651337123047,21.01435591860304,18.540547940923183,20.764417483319225,-106.50569140615384,0.5,1.0
SFS_LGBM,Q_Power,2022-01-23,4458.789885576172,53.90878347311058,52.03899337345886,27.096573288411548,66.77417079661994,53.90878347311058,9.804376556180564,9.698083585285293,9.924754171880256,-15.764908771055834,1.0,1.0
SFS_LGBM,Q_Power,2022-01-24,22777.638924828167,120.1293567413558,106.68674414470293,56.01470291032825,150.92262562262877,120.1293567413558,18.488704561408966,16.33164459621746,17.96729834599997,-100.58840225450429,0.5416666666666666,0.75
SFS_LGBM,Q_Power,2022-01-25,7698.067031147155,75.78402032607781,59.91579518139664,31.35818615119855,87.73862907036532,75.78402032607781,10.43953301265269,10.030749647821988,9.575792690420965,-31.189516566615666,0.8333333333333334,1.0
SFS_LGBM,Q_Power,2022-01-26,11869.698885796659,94.56133707764492,79.55352095680307,41.810200426201284,108.94814769327957,94.56133707764492,14.113456637426648,13.357968429794623,12.125385831174716,-37.58794382178362,0.6666666666666666,0.9166666666666666
SFS_LGBM,Q_Power,2022-01-27,19591.21286820552,110.44030280511136,93.82334564425763,49.304545945689995,139.96861386827234,110.44030280511136,15.598775858573383,14.00533277028145,15.535825961682628,-103.82296735692648,0.5,0.9166666666666666
SFS_LGBM,Q_Power,2022-01-28,19946.3122626183,122.80282488074197,103.2565326560668,54.27872574454232,141.2314138661024,122.80282488074197,17.21806711664455,15.735250732761136,17.27579438067659,-99.64612889825555,0.5416666666666666,0.9166666666666666
SFS_LGBM,Q_Power,2022-01-29,22142.420028702163,125.07540106468446,105.18454885884432,55.2074109106928,148.8032930707589,125.07540106468446,23.16297204462315,20.291616190869224,22.512784244194656,-90.24703807686073,0.4583333333333333,0.9166666666666666
SFS_LGBM,Q_Power,2022-01-30,5017.141194570259,58.51934659402073,53.526271139326376,27.930610590140674,70.83178096426956,58.51934659402073,10.279922228030909,10.584239906028259,10.256879976166461,9.855997654339895,1.0,1.0
SFS_LGBM,Q_Power,2022-01-31,25092.43844111128,127.38956372023556,107.11609343059511,56.18981586666474,158.4059293117252,127.38956372023556,17.690726395324244,16.405809729222774,18.53512012370886,-81.68973172926458,0.625,0.875
SFS_LGBM,Q_Power,2022-02-01,6919.333460548795,68.32948489221423,59.75289194477195,31.19623229992781,83.18253098186419,68.32948489221423,8.531722345611813,8.408412150350465,8.635501479245411,-27.20718140914531,0.9166666666666666,1.0
SFS_LGBM,Q_Power,2022-02-02,18469.50368091754,119.2556754123903,94.34923013982427,49.58236240639993,135.90255215012536,119.2556754123903,16.02480127644398,15.383337424960096,15.397763126196296,-38.713202568982815,0.5833333333333334,0.9583333333333334
SFS_LGBM,Q_Power,2022-02-03,16195.22558831211,107.69801453709506,90.56031376827531,47.54461809726437,127.26046357102473,107.69801453709506,13.968400728796148,13.305669101434917,14.454169176901766,-64.79380125554184,0.6666666666666666,0.9583333333333334
SFS_LGBM,Q_Power,2022-02-04,7118.254232518397,72.74680634899933,61.364403768424985,32.087227166675085,84.3697471403014,72.74680634899933,9.916714720903375,9.502924498356236,9.65820486901098,-42.94648268660839,0.875,1.0
SFS_LGBM,Q_Power,2022-02-05,14849.098679675537,103.08178349149273,86.89641504067413,45.69384453974055,121.85687785133648,103.08178349149273,18.623295383154527,16.823639740609334,18.33135348623887,-80.2834695501579,0.5416666666666666,1.0
SFS_LGBM,Q_Power,2022-02-06,4803.504307791876,51.88460438461308,46.484958613476095,24.234653338950555,69.30731785166611,51.88460438461308,8.384950830654649,8.953740040215642,8.702185313365435,38.74166874232089,1.0,1.0
SFS_LGBM,Q_Power,2022-02-07,18697.374751639392,125.70874940047808,100.83084522633544,53.00511236583828,136.73834411619657,125.70874940047808,19.35714754993679,18.155666582160368,17.870635187984444,-64.10096305936831,0.6666666666666666,0.875
SFS_LGBM,Q_Power,2022-02-08,40894.99395355643,160.35910894016828,142.8797709008952,74.82641648013568,202.2251071295462,160.35910894016828,25.9596680081019,21.28329526613192,23.988796729895405,-156.6859053848108,0.4583333333333333,0.6666666666666666
SFS_LGBM,Q_Power,2022-02-09,76916.16932894808,211.17918551536505,188.9538359546947,97.97555915927357,277.33764499062886,211.17918551536505,33.44044724988382,26.505686202104034,34.52755945479093,-209.22647726586465,0.375,0.625
SFS_LGBM,Q_Power,2022-02-10,29352.902596670214,137.48124580430405,120.20082234493441,63.02308359492664,171.3268881310526,137.48124580430405,20.838887305050932,17.954329878678212,20.117244045113267,-128.47659850283046,0.4583333333333333,0.7083333333333334
SFS_LGBM,Q_Power,2022-02-11,31784.857653208655,147.55886801213964,127.91918883475932,66.93585952772042,178.28308291368717,147.55886801213964,23.353354402122328,20.05229717141865,22.721901412759934,-146.2506632064665,0.375,0.7916666666666666
SFS_LGBM,Q_Power,2022-02-12,11859.728555919983,84.34306521176245,77.48386273604628,40.61468343605372,108.90238085514927,84.34306521176245,14.88093450332485,13.538240961192823,14.6045436612649,-60.06732516276409,0.75,1.0
SFS_LGBM,Q_Power,2022-02-13,6279.496220657677,63.8048819535047,50.054923316454385,26.16835931193229,79.24327239998155,63.8048819535047,10.24139559425909,11.142314763465643,10.232520560260555,62.196709201214695,1.0,1.0
SFS_LGBM,Q_Power,2022-02-14,12015.006434313278,82.62083814237992,55.48775970904601,29.021415306781346,109.61298478881632,82.62083814237992,10.317567515694392,11.274369212644142,9.738573251300842,77.06564203085549,0.9583333333333334,1.0
SFS_LGBM,Q_Power,2022-02-15,8526.58212013764,70.71211639860034,45.78049839245958,23.807741330955906,92.33949382651846,70.71211639860034,7.795306809617178,8.25002038781742,7.9882643920696275,67.0272789255611,0.9583333333333334,1.0
SFS_LGBM,Q_Power,2022-02-16,10378.85887483179,93.04061515885121,70.83519163321884,37.17586644960202,101.8766846478221,93.04061515885121,12.800066033051797,12.678849589435984,11.450976466066823,-7.516494165525198,0.7916666666666666,1.0
SFS_LGBM,Q_Power,2022-02-17,29694.580345869574,134.5811638902222,107.22115087981497,56.05381577244609,172.32115466729434,134.5811638902222,18.14897418092242,16.19426641040624,18.94075455415403,-103.62198349306205,0.5833333333333334,0.8333333333333334
SFS_LGBM,Q_Power,2022-02-18,22458.243856914534,102.35194495528013,61.78469152255847,32.28546631672831,149.86074821952056,102.35194495528013,10.748909036341429,11.846685366661317,11.497311910503537,87.87933881256849,0.9166666666666666,0.9583333333333334
SFS_LGBM,Q_Power,2022-02-19,21353.768903447402,119.67773639544474,87.73308127933042,46.20971405795111,146.12928831499661,119.67773639544474,15.261051119805261,16.63438843312943,16.39308765090675,86.11425865489635,0.75,1.0
SFS_LGBM,Q_Power,2022-02-20,8351.237708790164,69.34394581348081,55.486369856100474,29.078124305242426,91.38510660271817,69.34394581348081,10.829657833376038,11.951480644806137,11.013749856218041,68.23787240947604,0.9166666666666666,1.0
SFS_LGBM,Q_Power,2022-02-21,7092.205427922404,68.1964724653635,60.23261537628475,31.57112085006884,84.21523275466502,68.1964724653635,9.649823460474815,10.25901383281795,8.612478105497388,22.528418847042797,1.0,1.0
SFS_LGBM,Q_Power,2022-02-22,9470.272551376504,77.82951439278446,47.72327533382039,24.895401555431135,97.31532536746975,77.82951439278446,8.990233280667558,9.374431297379845,8.883380156117502,54.045703631625805,0.9583333333333334,1.0
SFS_LGBM,Q_Power,2022-02-23,18871.9058456205,112.9389374555767,81.19310409601168,42.5909691884926,137.37505539806162,112.9389374555767,13.530908687822137,13.765553811674454,13.627624429028865,12.688935439367484,0.75,0.9583333333333334
SFS_LGBM,Q_Power,2022-02-24,29464.675949539418,150.00707934105944,90.34584915132866,47.64553923508068,171.6527772846668,150.00707934105944,15.436417699535912,17.177852892939185,15.729783394438153,146.04224479971694,0.6666666666666666,1.0
SFS_LGBM,Q_Power,2022-02-25,37014.859091500846,151.49301455973446,120.17358885377526,62.78325759101358,192.3924611087993,151.49301455973446,22.292101085731687,19.750257761763258,19.787488840090706,-44.19021542020629,0.625,0.875
SFS_LGBM,Q_Power,2022-02-26,2869.4363563201473,44.071712863993106,47.94424978463107,24.913222466686165,53.56712010478207,44.071712863993106,7.045691195607497,6.769790960305984,7.189659310180567,-35.44741130250734,1.0,1.0
SFS_LGBM,Q_Power,2022-02-27,9772.309121434517,68.18853575641056,53.785096925804936,28.14512996566398,98.85499037193073,68.18853575641056,9.423389656016589,10.265011905142101,10.787831709440633,65.09320326459738,0.9166666666666666,1.0
SFS_LGBM,Q_Power,2022-02-28,27643.051681786263,129.71850622154122,115.68818951373915,60.671112784332486,166.26199710633293,129.71850622154122,21.068795997487335,18.151886490228417,19.129348923894078,-105.29103105630738,0.5416666666666666,0.75
SFS_LGBM_1,Q_Power,2022-01-01,49223.67570022866,202.64483167106076,169.29664755333928,88.93897967600041,221.8640928591841,202.64483167106076,43.651612700406496,34.843798117902764,43.665220819578366,-202.20522010840352,0.125,0.4583333333333333
SFS_LGBM_1,Q_Power,2022-01-02,10136.089642639736,91.04210511866698,68.69775100635218,36.07335322520173,100.67814878433023,91.04210511866698,19.11946198426849,17.360327921501092,18.165278487325995,-68.02030121276725,0.875,1.0
SFS_LGBM_1,Q_Power,2022-01-03,22896.26629763443,135.35212011688222,104.17448800751146,54.83940428070296,151.31512250146852,135.35212011688222,24.042545389477425,20.80397837614505,20.553441545376266,-129.00228016088755,0.4583333333333333,0.7083333333333334
SFS_LGBM_1,Q_Power,2022-01-04,17612.286752775617,111.16643156076573,82.33352205052815,42.94040925656672,132.7112909769761,111.16643156076573,21.063892216880756,18.04651018080026,14.572992699605507,-77.3707717050806,0.5416666666666666,0.7916666666666666
SFS_LGBM_1,Q_Power,2022-01-05,14088.020414109424,107.45681031555189,86.53274293021855,45.5048420264036,118.69296699514013,107.45681031555189,18.6905173602387,16.56756040117586,14.869570555487782,-106.3372903454886,0.4166666666666667,0.875
SFS_LGBM_1,Q_Power,2022-01-06,33573.261160698974,149.90619963287847,124.50051744786818,65.15500048373839,183.2300771180839,149.90619963287847,26.876657507064493,22.398019449600245,21.515062738841547,-125.86682701674839,0.4583333333333333,0.5833333333333334
SFS_LGBM_1,Q_Power,2022-01-07,172515.70411122424,360.7539805357981,322.1081481907051,166.12501090857816,415.35009824390823,360.7539805357981,76.10448883831623,52.174652842855686,77.6942832145153,-360.7539805357981,0.0,0.08333333333333333
SFS_LGBM_1,Q_Power,2022-01-08,37909.719837272314,186.62176556888596,151.67898712602855,80.00053646277188,194.70418546418645,186.62176556888596,40.80073299817863,33.506200308067804,40.94490646823047,-186.62176556888596,0.08333333333333333,0.6666666666666666
SFS_LGBM_1,Q_Power,2022-01-09,40693.950256640346,163.5476301470435,99.95710557879151,52.28898867650518,201.72741572885016,163.5476301470435,23.1798828627752,24.89699633525605,25.485129067109757,87.37372128443126,0.5833333333333334,0.8333333333333334
SFS_LGBM_1,Q_Power,2022-01-10,8105.685072121986,79.96588700623742,53.67453892581557,28.073044389442984,90.03157819410913,79.96588700623742,12.04777594708499,11.483104292885937,10.690983924093375,-23.753122849775593,0.875,1.0
SFS_LGBM_1,Q_Power,2022-01-11,10990.01714552779,87.90679603341603,74.1619744133282,38.967607160034355,104.83328262306675,87.90679603341603,13.849819022370466,12.472319636525436,11.77487431171751,-77.46178013646453,0.75,0.9166666666666666
SFS_LGBM_1,Q_Power,2022-01-12,22133.320752207743,136.92457381621293,108.57853501792268,57.154114772299216,148.77271507977443,136.92457381621293,23.025258243130832,20.136750987907984,19.690753020487207,-127.98176826331928,0.375,0.8333333333333334
SFS_LGBM_1,Q_Power,2022-01-13,21923.22542805052,140.01305310305412,110.64579003002804,58.3865376691138,148.06493652465636,140.01305310305412,22.66348145868996,20.015398922770437,20.349625289763146,-137.03655265434324,0.20833333333333334,0.8333333333333334
SFS_LGBM_1,Q_Power,2022-01-14,49576.91552351928,185.68724031465536,156.33337070876712,81.18972900457065,222.65874230202434,185.68724031465536,42.28092967732182,30.740370506790942,28.678640048188726,-176.06011462322417,0.4583333333333333,0.5416666666666666
SFS_LGBM_1,Q_Power,2022-01-15,33963.12805607981,161.568783098544,133.43907749152947,69.64952501597482,184.29087892806797,161.568783098544,38.178327823381856,29.818654832759243,32.658984048411945,-161.568783098544,0.5,0.625
SFS_LGBM_1,Q_Power,2022-01-16,5354.843073392626,60.27879855820999,54.598206909137105,28.5381814478327,73.17679327076738,60.27879855820999,11.935345094558885,11.055342635002548,11.801727526631261,-55.025008271165774,0.9166666666666666,1.0
SFS_LGBM_1,Q_Power,2022-01-17,7488.170945548124,70.25224611105145,55.87249795702547,29.249604911492884,86.53421835059311,70.25224611105145,10.817484946003857,10.116033360787362,9.802525009390791,-56.321448977961275,0.8333333333333334,1.0
SFS_LGBM_1,Q_Power,2022-01-18,15391.648954988945,97.29799850428647,83.18419806727103,43.55426252373625,124.06308457792328,97.29799850428647,16.12518755587424,14.055362435389416,13.157045824686731,-84.06649388612713,0.75,0.75
SFS_LGBM_1,Q_Power,2022-01-19,29386.064714005206,157.92913874170037,124.89386335787533,65.48285270689804,171.4236410592343,157.92913874170037,28.33789147160695,24.059639792714094,23.177155670927558,-138.5890063531751,0.3333333333333333,0.5416666666666666
SFS_LGBM_1,Q_Power,2022-01-20,31598.51761650252,162.66666155058826,133.36265778896825,70.06665823833536,177.7597187680677,162.66666155058826,30.072624522414422,25.181222014280998,24.882565487001777,-160.07741234151797,0.3333333333333333,0.5833333333333334
SFS_LGBM_1,Q_Power,2022-01-21,38936.98273393396,174.70932918125047,146.10598307276692,76.75002763957718,197.3245619124339,174.70932918125047,28.827674696486234,24.33456716090381,27.35710772068905,-174.70932918125047,0.2916666666666667,0.5
SFS_LGBM_1,Q_Power,2022-01-22,16260.856924420508,110.67439911008223,87.37995612949227,46.0862071679312,127.51806509048241,110.67439911008223,20.70903034416213,18.307994619199764,20.397520973130092,-103.99561114104124,0.625,1.0
SFS_LGBM_1,Q_Power,2022-01-23,4697.967380011304,57.10115522482269,51.54312878278811,26.88691692468662,68.54171999600904,57.10115522482269,10.366549936216325,10.274639211897004,10.51247852438398,-15.390838663330257,1.0,1.0
SFS_LGBM_1,Q_Power,2022-01-24,22935.851032308685,122.24636196308431,106.24560633452079,55.92221185806981,151.44586832366437,122.24636196308431,18.80562253640149,16.62798003166297,18.283930894867527,-101.32989434912133,0.5416666666666666,0.75
SFS_LGBM_1,Q_Power,2022-01-25,8007.439204278283,79.06607784420558,59.33326351827797,31.015189949290306,89.48429585283824,79.06607784420558,10.738188319742344,10.327675167388623,9.99050152028248,-29.748629767390323,0.875,0.9583333333333334
SFS_LGBM_1,Q_Power,2022-01-26,12385.652545932744,96.80792114123459,79.60996928303662,41.909705634214184,111.29084664038074,96.80792114123459,14.411736795669608,13.621406401010224,12.413460211413497,-37.0569172008796,0.6666666666666666,0.9166666666666666
SFS_LGBM_1,Q_Power,2022-01-27,19178.6865251008,109.65692437033147,91.8069667657287,48.379045149785505,138.4871348721635,109.65692437033147,15.489438562383896,13.91849429275331,15.425626779719567,-103.07689194234594,0.5,0.9166666666666666
SFS_LGBM_1,Q_Power,2022-01-28,20547.158548910982,124.57629535885921,103.17831077467918,54.42795457389284,143.34280082693718,124.57629535885921,17.546483910918813,15.97908827826456,17.52528466194583,-101.77283687861059,0.5416666666666666,0.9166666666666666
SFS_LGBM_1,Q_Power,2022-01-29,22405.734035703033,125.24588366279693,103.55453804971474,54.59000983708611,149.68545031399356,125.24588366279693,23.186765250446747,20.255538636803273,22.543470037852124,-92.84468711647078,0.4583333333333333,0.875
SFS_LGBM_1,Q_Power,2022-01-30,4908.208100784643,58.684315555964595,51.83639188381235,27.08827187353857,70.05860475904899,58.684315555964595,10.27513955769151,10.592396324358354,10.285794633300105,11.598470327499035,1.0,1.0
SFS_LGBM_1,Q_Power,2022-01-31,25303.704312774284,130.3048062848002,106.8359478630931,56.22068814355706,159.07138118710822,130.3048062848002,18.232649026209824,16.92755324364924,18.95928651180186,-80.24348592108375,0.5833333333333334,0.8333333333333334
SFS_LGBM_1,Q_Power,2022-02-01,6242.79511485728,67.94383044358875,57.25610725004014,29.996468971037746,79.01136066957258,67.94383044358875,8.517931688073412,8.42120268324515,8.586762350495409,-25.94144260788045,0.9166666666666666,1.0
SFS_LGBM_1,Q_Power,2022-02-02,18398.67780880645,119.37087277942798,92.58382550754182,48.7550394250631,135.64172591354935,119.37087277942798,16.142778703415342,15.537291086795237,15.41263689857043,-34.698526140897236,0.5833333333333334,0.9583333333333334
SFS_LGBM_1,Q_Power,2022-02-03,15738.23256385209,106.05551473095333,87.54425742154444,46.08798078183213,125.45211263208002,106.05551473095333,13.79361112554736,13.154106287036917,14.233728993551647,-62.84319286015526,0.75,0.9583333333333334
SFS_LGBM_1,Q_Power,2022-02-04,8217.906272657807,77.75239632737355,64.47359224887335,33.81843779297682,90.65266831515665,77.75239632737355,10.5403592024859,10.030694185592932,10.322770310818468,-51.243947260305866,0.7916666666666666,1.0
SFS_LGBM_1,Q_Power,2022-02-05,14691.132452234155,101.8677563640706,84.56955162014626,44.578143369706744,121.20698186257323,101.8677563640706,18.373964971706226,16.579067537973053,18.11545927427566,-80.98809478008893,0.5416666666666666,1.0
SFS_LGBM_1,Q_Power,2022-02-06,4455.359595259529,49.67662975886801,44.88364150742773,23.362566701569108,66.74848009699943,49.67662975886801,8.048004768578847,8.584632626635798,8.331859576312299,38.232444430871915,1.0,1.0
SFS_LGBM_1,Q_Power,2022-02-07,19559.43745997094,128.69863443773502,101.42365981463432,53.45582443981149,139.8550587571681,128.69863443773502,19.827447295594723,18.55143453815868,18.295674375866373,-65.82523166094184,0.6666666666666666,0.875
SFS_LGBM_1,Q_Power,2022-02-08,38088.47896167665,156.43662570541912,136.33309374622777,71.6346654520775,195.16269869438844,156.43662570541912,25.369646628641046,20.93733404816428,23.402015887717432,-152.61128182635073,0.5,0.75
SFS_LGBM_1,Q_Power,2022-02-09,75832.60862232377,208.95840478404617,185.20263701763557,96.21995125086084,275.37721151599266,208.95840478404617,33.12831243976502,26.2758474102238,34.16446430149948,-207.2805240772128,0.375,0.625
SFS_LGBM_1,Q_Power,2022-02-10,28535.27445734826,135.70759763377163,116.27703780836248,61.10080750225408,168.92387178059903,135.70759763377163,20.61756395858407,17.7958101993313,19.85771109654253,-125.73518435385999,0.5,0.7083333333333334
SFS_LGBM_1,Q_Power,2022-02-11,35918.23150060942,156.045801054583,133.3986109320476,69.94430556027628,189.52105819831584,156.045801054583,24.54275961259969,20.913093411047647,24.028764622575476,-154.93352187903614,0.375,0.75
SFS_LGBM_1,Q_Power,2022-02-12,12926.767156782269,88.38749502036232,79.24648391840982,41.70048225654443,113.69594169002809,88.38749502036232,15.557226415593778,14.078435179331263,15.304862668836142,-63.909618158717514,0.7916666666666666,1.0
SFS_LGBM_1,Q_Power,2022-02-13,6209.7538759631325,64.03089332377378,49.406918213459164,25.799951054679724,78.80199157358355,64.03089332377378,10.25621428945266,11.14549504121199,10.268766470014238,62.71565798782197,1.0,1.0
SFS_LGBM_1,Q_Power,2022-02-14,11611.623541446761,81.85757893824567,54.820850241940185,28.703877915838305,107.75724356834097,81.85757893824567,10.194832063011322,11.124618585343715,9.648607380264995,73.59758215968442,0.9583333333333334,1.0
SFS_LGBM_1,Q_Power,2022-02-15,8065.543210236602,70.63372692908032,45.89786782594029,23.9330442035304,89.80836937745057,70.63372692908032,7.795046441292867,8.224023692573061,7.979408826150059,63.83600825436531,0.9583333333333334,1.0
SFS_LGBM_1,Q_Power,2022-02-16,10381.467724192646,93.54040490444301,69.41665563786016,36.47065843617627,101.88948780022719,93.54040490444301,12.757579433907177,12.657279813936714,11.512488103806772,-5.885907974240458,0.875,1.0
SFS_LGBM_1,Q_Power,2022-02-17,29279.836443984856,133.77272021877351,105.02056671141993,55.12404330183609,171.1135191736318,133.77272021877351,18.04842343349923,16.118203807804974,18.8269753839556,-102.82047664054613,0.5833333333333334,0.8333333333333334
SFS_LGBM_1,Q_Power,2022-02-18,22841.3484859515,102.67504332845031,62.581311047117424,32.72294326661564,151.13354520407276,102.67504332845031,10.720261649755292,11.812257709431407,11.53360592304758,86.41814778233451,0.9166666666666666,0.9583333333333334
SFS_LGBM_1,Q_Power,2022-02-19,21745.68104336424,118.91756296256881,87.14414098022974,45.818657629825736,147.464168676205,118.91756296256881,14.972491172543489,16.464361248209613,16.288961435869982,91.41383584964073,0.75,1.0
SFS_LGBM_1,Q_Power,2022-02-20,8689.677920914795,71.90310617853474,56.22747354880681,29.43283809787719,93.2184419571299,71.90310617853474,11.219036725548197,12.381822343149134,11.420215795991146,69.8555791787701,0.9166666666666666,1.0
SFS_LGBM_1,Q_Power,2022-02-21,7296.58143837205,69.56587902114539,59.300176714059546,31.08429767106424,85.42002949175357,69.56587902114539,9.848562163313762,10.487763852203619,8.785419367014782,22.663866618768804,1.0,1.0
SFS_LGBM_1,Q_Power,2022-02-22,10152.208389662379,79.92324568907749,49.160721544482236,25.634008740041978,100.75816785582387,79.92324568907749,9.198169601226054,9.612591084081085,9.12235647756627,54.58108800414421,0.9583333333333334,1.0
SFS_LGBM_1,Q_Power,2022-02-23,17809.814313987754,108.69258647072634,78.09154802637418,41.130529980338835,133.45341626945245,108.69258647072634,13.033047390357444,13.27670126549677,13.115244219695487,13.50766157842069,0.7916666666666666,0.9583333333333334
SFS_LGBM_1,Q_Power,2022-02-24,30398.721939178926,151.13838917673982,93.28494308579104,49.06453151931643,174.3522926123397,151.13838917673982,15.456519544583077,17.206960111329916,15.848412853430487,147.68277688932127,0.5833333333333334,0.9583333333333334
SFS_LGBM_1,Q_Power,2022-02-25,37986.46174450139,154.16288324285551,120.56861297047628,63.069662300255935,194.90115891010342,154.16288324285551,22.72443942713532,20.047279854136782,20.136217769442986,-47.57882956497497,0.625,0.875
SFS_LGBM_1,Q_Power,2022-02-26,2491.9002364628454,42.21512001600296,45.104385114263266,23.51448874620334,49.91893665196451,42.21512001600296,6.7677221032735195,6.538933028256808,6.886783175187579,-31.580139050626077,1.0,1.0
SFS_LGBM_1,Q_Power,2022-02-27,10257.220932494796,69.28869971839113,54.452705303190235,28.419038413297,101.27793902175733,69.28869971839113,9.578025996561761,10.461676081364912,10.961884188247849,67.1507346749352,0.9166666666666666,1.0
SFS_LGBM_1,Q_Power,2022-02-28,27443.354968525295,127.75447502906853,112.34179829011445,59.03344180664866,165.66036028128545,127.75447502906853,20.8834211261567,17.96066438825289,18.839716865426976,-103.37936360674234,0.5833333333333334,0.7916666666666666
SFS_LGBM_2,Q_Power,2022-01-01,50675.402690115916,206.41240580022273,172.34542840421545,90.30938490004299,225.11197811337343,206.41240580022273,44.46901375168778,35.4618066484493,44.47704491075987,-206.41240580022273,0.125,0.4166666666666667
SFS_LGBM_2,Q_Power,2022-01-02,6727.5455947557675,77.2540651427238,57.80392661501852,30.335231951404847,82.02161663095752,77.2540651427238,16.304495339970313,15.005452847996809,15.41420429334806,-60.17030015876532,0.8333333333333334,1.0
SFS_LGBM_2,Q_Power,2022-01-03,26111.990635836948,140.85256444613253,110.93032980559717,58.2919409607095,161.59205003909366,140.85256444613253,24.30070851053365,20.932988853360666,21.38869304270942,-137.67303040500653,0.4583333333333333,0.7916666666666666
SFS_LGBM_2,Q_Power,2022-01-04,16999.002575835206,105.99983213337543,81.85535344599192,42.711719226868205,130.38022310087985,105.99983213337543,20.405408846335725,17.34804339851085,13.895694573902981,-77.54821993559055,0.5,0.7916666666666666
SFS_LGBM_2,Q_Power,2022-01-05,14227.956203096974,107.15692449436926,87.24519300758753,45.94737607930998,119.28099682303537,107.15692449436926,18.38291928646428,16.299153519173597,14.828073200749902,-107.15692449436926,0.4166666666666667,0.9166666666666666
SFS_LGBM_2,Q_Power,2022-01-06,38652.32410267636,159.42727135359453,134.7481359347848,70.39450625574064,196.60194328306207,159.42727135359453,28.20248900685011,23.29648202430727,22.88156029473908,-137.43170835918406,0.4583333333333333,0.5
SFS_LGBM_2,Q_Power,2022-01-07,182093.63286084388,365.58066555717215,328.6108074179538,169.27128794229586,426.7243054488974,365.58066555717215,77.09647843407183,52.23833578770986,78.73378895324873,-365.58066555717215,0.0,0.125
SFS_LGBM_2,Q_Power,2022-01-08,42166.69177374547,198.28607265790674,162.8979112014968,85.71082009957995,205.34529888396634,198.28607265790674,43.176226312849934,35.26293506166723,43.504061137680765,-198.28607265790674,0.0,0.5416666666666666
SFS_LGBM_2,Q_Power,2022-01-09,43590.16217929508,170.15088012313527,103.91978929965147,54.67694324681099,208.78257154105341,170.15088012313527,23.900851270861768,25.931989397964166,26.514093398490076,89.05795795072038,0.5833333333333334,0.875
SFS_LGBM_2,Q_Power,2022-01-10,7239.168854720345,68.58183904668611,52.8186134042846,27.64951310636448,85.08330538196283,68.58183904668611,9.794138787269494,9.348669033800684,9.16900151030263,-35.77349745841273,0.875,1.0
SFS_LGBM_2,Q_Power,2022-01-11,12223.08620100534,90.5760592644978,76.95571615216703,40.422840407177716,110.55806710053021,90.5760592644978,13.928346030369983,12.535970166996727,12.132414803113978,-80.78381110599021,0.6666666666666666,0.8333333333333334
SFS_LGBM_2,Q_Power,2022-01-12,23918.447710414664,139.24385088919772,111.58644544625254,58.77191881636886,154.65590098801488,139.24385088919772,23.315021480053353,20.30542061918954,20.024281990177634,-129.4450905710022,0.2916666666666667,0.7916666666666666
SFS_LGBM_2,Q_Power,2022-01-13,25108.97334108845,148.957207472649,118.62720860883474,62.568639491215265,158.45811226027038,148.957207472649,23.85275778048961,20.945182768585312,21.64957687228516,-142.77928530644124,0.20833333333333334,0.75
SFS_LGBM_2,Q_Power,2022-01-14,47872.50824826484,175.45405339421157,151.60402502638934,78.7126579900134,218.7978707580694,175.45405339421157,40.99254421752212,29.65376714747579,27.0981658931529,-169.9497694322477,0.5,0.5416666666666666
SFS_LGBM_2,Q_Power,2022-01-15,33678.259714055814,156.77602038527232,130.72845061766043,68.10457959178655,183.51637451207404,156.77602038527232,38.07902357521387,29.314908870342805,31.69019070851847,-156.77602038527232,0.375,0.6666666666666666
SFS_LGBM_2,Q_Power,2022-01-16,4081.74550010951,54.82609425151207,49.27335220031514,25.778540285040478,63.888539661738314,54.82609425151207,10.775169788362112,10.073661357380777,10.734165928687418,-54.665382351362204,0.9166666666666666,1.0
SFS_LGBM_2,Q_Power,2022-01-17,8628.494234879072,76.06034503945205,62.4506932832503,32.801857184302,92.8896885282703,76.06034503945205,11.09326513520328,10.327754051042819,10.612947994481743,-69.6370379062612,0.75,1.0
SFS_LGBM_2,Q_Power,2022-01-18,14158.697709636966,96.96922177899334,81.10684782048897,42.47094676805182,118.99032611786963,96.96922177899334,15.823467049398502,13.911148170740864,13.112587248896178,-85.16080863087176,0.6666666666666666,0.7916666666666666
SFS_LGBM_2,Q_Power,2022-01-19,28717.61593911985,154.7882430415689,123.84824813152852,64.95787187909613,169.46272728573635,154.7882430415689,27.859711726498503,23.57212537456741,22.716208253825787,-141.18462026003098,0.2916666666666667,0.5416666666666666
SFS_LGBM_2,Q_Power,2022-01-20,35611.62474176041,170.29778678145186,141.10508013557902,73.99492537903741,188.71042563080718,170.29778678145186,31.206316064964774,25.91641726854957,26.04987273660328,-166.89588954395495,0.2916666666666667,0.5416666666666666
SFS_LGBM_2,Q_Power,2022-01-21,39679.8631746783,176.1725419214994,147.86441793803647,77.61216183133608,199.19805012770155,176.1725419214994,29.11906055629015,24.535969445399722,27.58622695971805,-174.47370929563294,0.2916666666666667,0.4583333333333333
SFS_LGBM_2,Q_Power,2022-01-22,14264.138777360165,103.2735244302391,83.43013808992119,43.9502262781285,119.4325700023246,103.2735244302391,19.34966641367947,17.14873462395353,19.033524441723984,-100.91344981606444,0.5416666666666666,0.9166666666666666
SFS_LGBM_2,Q_Power,2022-01-23,2668.7896920597645,43.75182706125719,43.68725847003494,22.746190436538654,51.66032996468145,43.75182706125719,8.004020831795808,7.839736730662884,8.054830774843685,-16.395904749449095,1.0,1.0
SFS_LGBM_2,Q_Power,2022-01-24,27344.646827159773,134.53905568890605,116.00865457987929,60.95338869238801,165.3621686697407,134.53905568890605,20.428948177396165,17.950204446574823,20.122503094362255,-110.54247606424087,0.5,0.7083333333333334
SFS_LGBM_2,Q_Power,2022-01-25,10258.387066824724,84.7202654654806,64.34329592845963,33.784302970028456,101.28369595756625,84.7202654654806,11.578069545242231,11.166452375069772,10.704944067155951,-30.427847613693658,0.7916666666666666,0.9583333333333334
SFS_LGBM_2,Q_Power,2022-01-26,12708.996356558308,99.89334516667314,80.2274138682987,42.134218390297555,112.73418450744347,99.89334516667314,14.851565981762047,14.087499371400725,12.809097137850983,-37.63698634384113,0.6666666666666666,0.9166666666666666
SFS_LGBM_2,Q_Power,2022-01-27,21012.79687077878,118.1760040178853,96.31614354609995,50.64280476531323,144.9579141364099,118.1760040178853,16.643726659050316,14.981087186210162,16.62402025924182,-107.42490614722436,0.5,0.9166666666666666
SFS_LGBM_2,Q_Power,2022-01-28,20432.85658752872,123.84679424270878,101.65932242838078,53.59297052858181,142.94354335725947,123.84679424270878,17.570614712374834,16.026472603170212,17.422659080691265,-98.01215097166698,0.4583333333333333,0.9166666666666666
SFS_LGBM_2,Q_Power,2022-01-29,18162.14685572926,111.09906677620602,91.83710855934017,48.31387992102134,134.76700952284006,111.09906677620602,20.550715924978224,18.090743198070484,19.997132120092882,-86.22072861644033,0.625,0.9166666666666666
SFS_LGBM_2,Q_Power,2022-01-30,2972.2763031971504,43.59015077125568,44.01747867212757,22.89762045408897,54.518586768157796,43.59015077125568,7.659159466830179,7.910028029941789,7.640190306729299,12.214512293147004,1.0,1.0
SFS_LGBM_2,Q_Power,2022-01-31,25507.395856349332,135.12126137393798,109.09813616311426,57.40828624880485,159.71034987235277,135.12126137393798,18.915657806573503,17.614732724337486,19.660078405898254,-81.87249922228376,0.5,0.8333333333333334
SFS_LGBM_2,Q_Power,2022-02-01,6715.646734034286,69.23898168141422,57.7743509115715,30.288039036734716,81.94904962252025,69.23898168141422,8.757880339807985,8.735553199221156,8.750443965360953,-22.052031302788873,0.875,1.0
SFS_LGBM_2,Q_Power,2022-02-02,20053.785250749588,125.2993362667509,95.82496225076522,50.450622733257056,141.6113881393357,125.2993362667509,16.765293228650638,16.189379425835316,16.17809377233711,-37.57887115315935,0.5,0.9583333333333334
SFS_LGBM_2,Q_Power,2022-02-03,17722.181775000976,113.77641053130502,92.89768082305848,48.83844386959371,133.1246850700537,113.77641053130502,14.820658832472933,14.097102525814694,15.26995175564421,-68.65063729379177,0.625,0.875
SFS_LGBM_2,Q_Power,2022-02-04,9723.343987980401,84.2369821220605,67.25039660102566,35.25548723721678,98.60701794487247,84.2369821220605,11.304072079398436,10.777947501964107,11.183694126433178,-51.76136823960652,0.6666666666666666,1.0
SFS_LGBM_2,Q_Power,2022-02-05,12551.930832025091,94.81213713162678,77.57560406446399,40.81095694185773,112.03539990567754,94.81213713162678,17.059628035287012,15.4597161339986,16.860736608122846,-77.28199016443806,0.5833333333333334,1.0
SFS_LGBM_2,Q_Power,2022-02-06,2553.0753540000874,39.95920574039786,37.64024954802969,19.486283267477457,50.52796605841252,39.95920574039786,6.445034399669185,6.776687849804769,6.702034591034905,37.85139991323958,1.0,1.0
SFS_LGBM_2,Q_Power,2022-02-07,23085.477758768393,140.21354251467176,109.73516001811652,57.799001054964684,151.93905935857438,140.21354251467176,21.674882337009308,20.16064966375444,19.932622658682792,-70.48482965156542,0.5,0.875
SFS_LGBM_2,Q_Power,2022-02-08,40539.7986239246,159.426526805692,138.9720979859354,72.75201466452832,201.3449741710098,159.426526805692,26.067930771708642,21.30718333989854,23.849287827621378,-152.96973782209932,0.4166666666666667,0.6666666666666666
SFS_LGBM_2,Q_Power,2022-02-09,74758.58852705579,207.62199312841426,184.877781151417,95.97824809662968,273.4201684716323,207.62199312841426,32.90409223288614,26.125239626729673,33.94596249800355,-205.02093140370263,0.3333333333333333,0.5833333333333334
SFS_LGBM_2,Q_Power,2022-02-10,26188.996179052283,131.46366197812287,113.03592143753683,59.26861389762627,161.83014607622488,131.46366197812287,20.016837182902282,17.3481228163715,19.23670792773235,-123.51431362265048,0.375,0.75
SFS_LGBM_2,Q_Power,2022-02-11,34250.98368833883,154.85605813628965,132.06255292907395,69.15569871547967,185.0702128607919,154.85605813628965,24.435730478294072,20.904000751563974,23.84556166324018,-151.1539945790996,0.4166666666666667,0.7083333333333334
SFS_LGBM_2,Q_Power,2022-02-12,12227.715461049202,85.92744920677882,77.24867359524323,40.6408632950679,110.57900099498639,85.92744920677882,15.086104125104097,13.566846914882719,14.878889929963217,-66.4023823031929,0.6666666666666666,0.9583333333333334
SFS_LGBM_2,Q_Power,2022-02-13,4809.658639147184,60.04147304648833,43.889543870867506,22.885442584445908,69.35170249638566,60.04147304648833,9.690729275197963,10.372476201617697,9.62897490922754,60.04147304648833,1.0,1.0
SFS_LGBM_2,Q_Power,2022-02-14,11227.033502396202,83.01393159135017,53.59630429102729,28.0123536414816,105.95769675864138,83.01393159135017,10.497244826942834,11.440913301972206,9.784907438092874,74.8347516175653,0.9583333333333334,1.0
SFS_LGBM_2,Q_Power,2022-02-15,8284.603481960725,74.3787449527415,45.96571344535989,23.946236837470682,91.01979719797625,74.3787449527415,8.251924279332936,8.70311145569836,8.402479095429449,66.352309642254,0.9583333333333334,1.0
SFS_LGBM_2,Q_Power,2022-02-16,10100.512323726309,92.62084007396076,67.91466376728924,35.6278980242339,100.50130508469185,92.62084007396076,12.796304910260284,12.709856220374235,11.399312635062323,-6.378569128901489,0.75,1.0
SFS_LGBM_2,Q_Power,2022-02-17,30416.964427063474,134.53359778694252,106.4803786430504,55.781712078709205,174.4045997875729,134.53359778694252,18.2518149804773,16.248135353887594,18.934060170918848,-105.52345268044583,0.5833333333333334,0.7916666666666666
SFS_LGBM_2,Q_Power,2022-02-18,21549.855179959446,105.05768967078829,62.91423821846346,32.92370148932413,146.7986892991877,105.05768967078829,11.068137847476397,12.135533103952532,11.801251332055186,85.51124281258036,0.875,0.9583333333333334
SFS_LGBM_2,Q_Power,2022-02-19,19994.902560969083,113.78866535865218,82.3040847349948,43.28597375518783,141.4033329202996,113.78866535865218,14.34482213831252,15.591226286568672,15.586420842223434,85.4741105815264,0.7083333333333334,1.0
SFS_LGBM_2,Q_Power,2022-02-20,6977.853562376051,66.03606505061646,51.429962649083016,26.865824871870867,83.5335475265839,66.03606505061646,10.386167852532688,11.312258102486402,10.488366265062472,62.80116262919464,0.9583333333333334,1.0
SFS_LGBM_2,Q_Power,2022-02-21,8486.041139571893,76.67314924571185,63.467159655228066,33.26641611301673,92.11971091776121,76.67314924571185,10.642467803933435,11.29916247302348,9.682990854015388,18.119141313578268,1.0,1.0
SFS_LGBM_2,Q_Power,2022-02-22,8038.981951378567,72.35985363852394,46.028219710533044,23.93057456582538,89.66037001584684,72.35985363852394,8.473829376951151,8.867449573814195,8.25907874316153,55.08165576968138,0.9583333333333334,1.0
SFS_LGBM_2,Q_Power,2022-02-23,18018.797921142464,109.70623773223478,79.52224568717266,41.7828421462664,134.234116085079,109.70623773223478,13.134835742026487,13.368678339446724,13.237555080812642,12.118079446096809,0.75,0.9166666666666666
SFS_LGBM_2,Q_Power,2022-02-24,27754.91271838639,144.73225300019402,89.00714748917683,46.85819145386028,166.59805736678442,144.73225300019402,14.942213797909545,16.608939536019815,15.176663660692501,141.47222073370008,0.6666666666666666,1.0
SFS_LGBM_2,Q_Power,2022-02-25,40171.433830800896,160.28410754791767,125.35278426176626,65.48026961828454,200.42812634658065,160.28410754791767,23.647926842658894,20.861820339294827,20.935750724649644,-49.65626258937249,0.5416666666666666,0.8333333333333334
SFS_LGBM_2,Q_Power,2022-02-26,2969.7187024701348,43.53804742864577,45.73040298915304,23.849453268590135,54.495125492746,43.53804742864577,6.921042019816349,6.61899426778994,7.1025995519722285,-37.89345393970149,0.9583333333333334,1.0
SFS_LGBM_2,Q_Power,2022-02-27,9935.634866191895,63.437257736697774,52.856681004890824,27.60425682420991,99.67765479881584,63.437257736697774,8.55348500643366,9.37636638126981,10.036151282330021,62.507932808465576,0.9166666666666666,1.0
SFS_LGBM_2,Q_Power,2022-02-28,26807.637566152447,131.1283784789574,113.91175790666905,59.77924740502204,163.73038070606336,131.1283784789574,21.557816888174372,18.65528992028379,19.337260186024793,-102.3283227428376,0.5416666666666666,0.8333333333333334
SFS_shared_LGBM,Q_Power,2022-01-01,45034.69463829547,193.8917817022203,163.86246465934062,85.98456885961953,212.21379464656738,193.8917817022203,41.94762528267007,33.7144146090237,41.77914330858304,-193.74221348213996,0.125,0.5416666666666666
SFS_shared_LGBM,Q_Power,2022-01-02,10257.163380450153,94.05339059293743,69.80565734005184,36.615210804468184,101.2776548921338,94.05339059293743,19.554460292245654,17.880708188864194,18.76610861063722,-63.53839092285974,0.8333333333333334,1.0
SFS_shared_LGBM,Q_Power,2022-01-03,22043.127544014696,130.92900271856792,102.99492544413157,54.11180383380889,148.46928148278585,130.92900271856792,23.473562647511713,20.2933009519316,19.88178391034192,-125.01289139728198,0.5416666666666666,0.75
SFS_shared_LGBM,Q_Power,2022-01-04,18225.329450524565,116.33209381261292,82.92781720005485,43.21352645693304,135.00122018161377,116.33209381261292,21.560844198907812,18.558498015645704,15.250167969404897,-70.11835110382054,0.5416666666666666,0.7916666666666666
SFS_shared_LGBM,Q_Power,2022-01-05,13477.829475419227,103.91197042588676,85.86864559335606,45.10019006660736,116.09405443613048,103.91197042588676,18.257036315021892,16.182698563229675,14.379045602322904,-102.90552569054347,0.4166666666666667,0.875
SFS_shared_LGBM,Q_Power,2022-01-06,33344.41028661516,152.15540260198233,125.47182608913131,65.59248817065163,182.60451880119277,152.15540260198233,26.98800594767218,22.598147376997744,21.83787622561641,-121.20557979699397,0.4583333333333333,0.6666666666666666
SFS_shared_LGBM,Q_Power,2022-01-07,165044.31956474588,353.10349223647626,317.04125423365946,163.46500180263277,406.25647018200937,353.10349223647626,74.48617336149704,51.41944152643415,76.04662515188204,-353.10349223647626,0.0,0.125
SFS_shared_LGBM,Q_Power,2022-01-08,38983.64467611361,187.95436865013343,155.5388861418884,81.83142757331585,197.44276303808556,187.95436865013343,41.11180245588217,33.654858764306454,41.23728023478779,-187.95436865013343,0.08333333333333333,0.5833333333333334
SFS_shared_LGBM,Q_Power,2022-01-09,41179.399021289384,164.6009292664188,98.42819385755887,51.665097809554275,202.9270780878919,164.6009292664188,23.236420938666203,25.057135868255955,25.649261460709216,88.03136216793503,0.625,0.8333333333333334
SFS_shared_LGBM,Q_Power,2022-01-10,7532.344760204421,74.97922728920621,51.75125235975415,27.012189880836505,86.78908203342412,74.97922728920621,11.20032341988015,10.714556988369077,10.02429590416875,-22.752580394285065,0.875,1.0
SFS_shared_LGBM,Q_Power,2022-01-11,11748.97509610399,89.12290951808733,77.3126636360244,40.639251703986375,108.3926893111523,89.12290951808733,13.970540522296245,12.515056420714082,11.937769378730826,-76.82204942525958,0.7083333333333334,0.875
SFS_shared_LGBM,Q_Power,2022-01-12,22429.188428659432,136.51167036689648,110.26607097017711,57.97424634224128,149.76377542202732,136.51167036689648,22.972271914362043,20.097001596404194,19.631374491015134,-125.54894857018475,0.3333333333333333,0.8333333333333334
SFS_shared_LGBM,Q_Power,2022-01-13,20174.711279727388,134.39971526142494,107.2516786515494,56.4601353424216,142.03771076628695,134.39971526142494,22.108021474570407,19.560781571743764,19.533777630060122,-128.16282266655548,0.25,0.7916666666666666
SFS_shared_LGBM,Q_Power,2022-01-14,45564.51503207913,173.8554519373439,148.95561184656063,77.35158395126359,213.45846207653406,173.8554519373439,40.54806129687026,29.622855031386614,26.851268391287228,-162.5746760404236,0.5,0.5416666666666666
SFS_shared_LGBM,Q_Power,2022-01-15,31584.40332517617,156.28284834003884,130.4036834668176,67.97271690541285,177.72001385656083,156.28284834003884,37.085518133463005,29.113879941002075,31.59050252835449,-156.28284834003884,0.5,0.7083333333333334
SFS_shared_LGBM,Q_Power,2022-01-16,5087.557159479052,59.729369590438466,54.593563465581894,28.4919597897208,71.32711377505088,59.729369590438466,11.80155666013456,10.971644365013777,11.694157184687299,-51.47841887541339,0.875,1.0
SFS_shared_LGBM,Q_Power,2022-01-17,7311.117723931139,71.06170346745499,56.85481690874539,29.731601249149758,85.50507425838036,71.06170346745499,10.80810179276113,10.141984751666573,9.915471234165414,-55.43952430486141,0.8333333333333334,1.0
SFS_shared_LGBM,Q_Power,2022-01-18,14513.426862712076,92.56658058440513,81.63936769678871,42.748630711946056,120.47168490027886,92.56658058440513,15.648128216780034,13.652344147195514,12.517243533328394,-82.8729247021502,0.75,0.7916666666666666
SFS_shared_LGBM,Q_Power,2022-01-19,29832.054348313733,159.5718881184252,127.3246545420587,66.6834408053732,172.71958299021492,159.5718881184252,28.48868506780861,24.2005948383148,23.418240111303962,-139.416169853224,0.3333333333333333,0.5416666666666666
SFS_shared_LGBM,Q_Power,2022-01-20,31899.122809478267,164.14972213111938,136.5782963286246,71.65737015182263,178.60325531601674,164.14972213111938,30.17146533256611,25.285509165645838,25.10942421554819,-161.82382033712932,0.25,0.5416666666666666
SFS_shared_LGBM,Q_Power,2022-01-21,34958.91298365118,165.78573207793798,140.18164680606267,73.5573218739334,186.97302742281084,165.78573207793798,27.60012196281088,23.435693014701066,25.959793631307573,-165.78573207793798,0.2916666666666667,0.5416666666666666
SFS_shared_LGBM,Q_Power,2022-01-22,16841.304833296326,112.6651337123047,90.76037525651067,47.73628699691127,129.7740530048142,112.6651337123047,21.01435591860304,18.540547940923183,20.764417483319225,-106.50569140615384,0.5,1.0
SFS_shared_LGBM,Q_Power,2022-01-23,4458.789885576172,53.90878347311058,52.03899337345886,27.096573288411548,66.77417079661994,53.90878347311058,9.804376556180564,9.698083585285293,9.924754171880256,-15.764908771055834,1.0,1.0
SFS_shared_LGBM,Q_Power,2022-01-24,22777.638924828167,120.1293567413558,106.68674414470293,56.01470291032825,150.92262562262877,120.1293567413558,18.488704561408966,16.33164459621746,17.96729834599997,-100.58840225450429,0.5416666666666666,0.75
SFS_shared_LGBM,Q_Power,2022-01-25,7698.067031147155,75.78402032607781,59.91579518139664,31.35818615119855,87.73862907036532,75.78402032607781,10.43953301265269,10.030749647821988,9.575792690420965,-31.189516566615666,0.8333333333333334,1.0
SFS_shared_LGBM,Q_Power,2022-01-26,11869.698885796659,94.56133707764492,79.55352095680307,41.810200426201284,108.94814769327957,94.56133707764492,14.113456637426648,13.357968429794623,12.125385831174716,-37.58794382178362,0.6666666666666666,0.9166666666666666
SFS_shared_LGBM,Q_Power,2022-01-27,19591.21286820552,110.44030280511136,93.82334564425763,49.304545945689995,139.96861386827234,110.44030280511136,15.598775858573383,14.00533277028145,15.535825961682628,-103.82296735692648,0.5,0.9166666666666666
SFS_shared_LGBM,Q_Power,2022-01-28,19946.3122626183,122.80282488074197,103.2565326560668,54.27872574454232,141.2314138661024,122.80282488074197,17.21806711664455,15.735250732761136,17.27579438067659,-99.64612889825555,0.5416666666666666,0.9166666666666666
SFS_shared_LGBM,Q_Power,2022-01-29,22142.420028702163,125.07540106468446,105.18454885884432,55.2074109106928,148.8032930707589,125.07540106468446,23.16297204462315,20.291616190869224,22.512784244194656,-90.24703807686073,0.4583333333333333,0.9166666666666666
SFS_shared_LGBM,Q_Power,2022-01-30,5017.141194570259,58.51934659402073,53.526271139326376,27.930610590140674,70.83178096426956,58.51934659402073,10.279922228030909,10.584239906028259,10.256879976166461,9.855997654339895,1.0,1.0
SFS_shared_LGBM,Q_Power,2022-01-31,25092.43844111128,127.38956372023556,107.11609343059511,56.18981586666474,158.4059293117252,127.38956372023556,17.690726395324244,16.405809729222774,18.53512012370886,-81.68973172926458,0.625,0.875
SFS_shared_LGBM,Q_Power,2022-02-01,6919.333460548795,68.32948489221423,59.75289194477195,31.19623229992781,83.18253098186419,68.32948489221423,8.531722345611813,8.408412150350465,8.635501479245411,-27.20718140914531,0.9166666666666666,1.0
SFS_shared_LGBM,Q_Power,2022-02-02,18469.50368091754,119.2556754123903,94.34923013982427,49.58236240639993,135.90255215012536,119.2556754123903,16.02480127644398,15.383337424960096,15.397763126196296,-38.713202568982815,0.5833333333333334,0.9583333333333334
SFS_shared_LGBM,Q_Power,2022-02-03,16195.22558831211,107.69801453709506,90.56031376827531,47.54461809726437,127.26046357102473,107.69801453709506,13.968400728796148,13.305669101434917,14.454169176901766,-64.79380125554184,0.6666666666666666,0.9583333333333334
SFS_shared_LGBM,Q_Power,2022-02-04,7118.254232518397,72.74680634899933,61.364403768424985,32.087227166675085,84.3697471403014,72.74680634899933,9.916714720903375,9.502924498356236,9.65820486901098,-42.94648268660839,0.875,1.0
SFS_shared_LGBM,Q_Power,2022-02-05,14849.098679675537,103.08178349149273,86.89641504067413,45.69384453974055,121.85687785133648,103.08178349149273,18.623295383154527,16.823639740609334,18.33135348623887,-80.2834695501579,0.5416666666666666,1.0
SFS_shared_LGBM,Q_Power,2022-02-06,4803.504307791876,51.88460438461308,46.484958613476095,24.234653338950555,69.30731785166611,51.88460438461308,8.384950830654649,8.953740040215642,8.702185313365435,38.74166874232089,1.0,1.0
SFS_shared_LGBM,Q_Power,2022-02-07,18697.374751639392,125.70874940047808,100.83084522633544,53.00511236583828,136.73834411619657,125.70874940047808,19.35714754993679,18.155666582160368,17.870635187984444,-64.10096305936831,0.6666666666666666,0.875
SFS_shared_LGBM,Q_Power,2022-02-08,40894.99395355643,160.35910894016828,142.8797709008952,74.82641648013568,202.2251071295462,160.35910894016828,25.9596680081019,21.28329526613192,23.988796729895405,-156.6859053848108,0.4583333333333333,0.6666666666666666
SFS_shared_LGBM,Q_Power,2022-02-09,76916.16932894808,211.17918551536505,188.9538359546947,97.97555915927357,277.33764499062886,211.17918551536505,33.44044724988382,26.505686202104034,34.52755945479093,-209.22647726586465,0.375,0.625
SFS_shared_LGBM,Q_Power,2022-02-10,29352.902596670214,137.48124580430405,120.20082234493441,63.02308359492664,171.3268881310526,137.48124580430405,20.838887305050932,17.954329878678212,20.117244045113267,-128.47659850283046,0.4583333333333333,0.7083333333333334
SFS_shared_LGBM,Q_Power,2022-02-11,31784.857653208655,147.55886801213964,127.91918883475932,66.93585952772042,178.28308291368717,147.55886801213964,23.353354402122328,20.05229717141865,22.721901412759934,-146.2506632064665,0.375,0.7916666666666666
SFS_shared_LGBM,Q_Power,2022-02-12,11859.728555919983,84.34306521176245,77.48386273604628,40.61468343605372,108.90238085514927,84.34306521176245,14.88093450332485,13.538240961192823,14.6045436612649,-60.06732516276409,0.75,1.0
SFS_shared_LGBM,Q_Power,2022-02-13,6279.496220657677,63.8048819535047,50.054923316454385,26.16835931193229,79.24327239998155,63.8048819535047,10.24139559425909,11.142314763465643,10.232520560260555,62.196709201214695,1.0,1.0
SFS_shared_LGBM,Q_Power,2022-02-14,12015.006434313278,82.62083814237992,55.48775970904601,29.021415306781346,109.61298478881632,82.62083814237992,10.317567515694392,11.274369212644142,9.738573251300842,77.06564203085549,0.9583333333333334,1.0
SFS_shared_LGBM,Q_Power,2022-02-15,8526.58212013764,70.71211639860034,45.78049839245958,23.807741330955906,92.33949382651846,70.71211639860034,7.795306809617178,8.25002038781742,7.9882643920696275,67.0272789255611,0.9583333333333334,1.0
SFS_shared_LGBM,Q_Power,2022-02-16,10378.85887483179,93.04061515885121,70.83519163321884,37.17586644960202,101.8766846478221,93.04061515885121,12.800066033051797,12.678849589435984,11.450976466066823,-7.516494165525198,0.7916666666666666,1.0
SFS_shared_LGBM,Q_Power,2022-02-17,29694.580345869574,134.5811638902222,107.22115087981497,56.05381577244609,172.32115466729434,134.5811638902222,18.14897418092242,16.19426641040624,18.94075455415403,-103.62198349306205,0.5833333333333334,0.8333333333333334
SFS_shared_LGBM,Q_Power,2022-02-18,22458.243856914534,102.35194495528013,61.78469152255847,32.28546631672831,149.86074821952056,102.35194495528013,10.748909036341429,11.846685366661317,11.497311910503537,87.87933881256849,0.9166666666666666,0.9583333333333334
SFS_shared_LGBM,Q_Power,2022-02-19,21353.768903447402,119.67773639544474,87.73308127933042,46.20971405795111,146.12928831499661,119.67773639544474,15.261051119805261,16.63438843312943,16.39308765090675,86.11425865489635,0.75,1.0
SFS_shared_LGBM,Q_Power,2022-02-20,8351.237708790164,69.34394581348081,55.486369856100474,29.078124305242426,91.38510660271817,69.34394581348081,10.829657833376038,11.951480644806137,11.013749856218041,68.23787240947604,0.9166666666666666,1.0
SFS_shared_LGBM,Q_Power,2022-02-21,7092.205427922404,68.1964724653635,60.23261537628475,31.57112085006884,84.21523275466502,68.1964724653635,9.649823460474815,10.25901383281795,8.612478105497388,22.528418847042797,1.0,1.0
SFS_shared_LGBM,Q_Power,2022-02-22,9470.272551376504,77.82951439278446,47.72327533382039,24.895401555431135,97.31532536746975,77.82951439278446,8.990233280667558,9.374431297379845,8.883380156117502,54.045703631625805,0.9583333333333334,1.0
SFS_shared_LGBM,Q_Power,2022-02-23,18871.9058456205,112.9389374555767,81.19310409601168,42.5909691884926,137.37505539806162,112.9389374555767,13.530908687822137,13.765553811674454,13.627624429028865,12.688935439367484,0.75,0.9583333333333334
SFS_shared_LGBM,Q_Power,2022-02-24,29464.675949539418,150.00707934105944,90.34584915132866,47.64553923508068,171.6527772846668,150.00707934105944,15.436417699535912,17.177852892939185,15.729783394438153,146.04224479971694,0.6666666666666666,1.0
SFS_shared_LGBM,Q_Power,2022-02-25,37014.859091500846,151.49301455973446,120.17358885377526,62.78325759101358,192.3924611087993,151.49301455973446,22.292101085731687,19.750257761763258,19.787488840090706,-44.19021542020629,0.625,0.875
SFS_shared_LGBM,Q_Power,2022-02-26,2869.4363563201473,44.071712863993106,47.94424978463107,24.913222466686165,53.56712010478207,44.071712863993106,7.045691195607497,6.769790960305984,7.189659310180567,-35.44741130250734,1.0,1.0
SFS_shared_LGBM,Q_Power,2022-02-27,9772.309121434517,68.18853575641056,53.785096925804936,28.14512996566398,98.85499037193073,68.18853575641056,9.423389656016589,10.265011905142101,10.787831709440633,65.09320326459738,0.9166666666666666,1.0
SFS_shared_LGBM,Q_Power,2022-02-28,27643.051681786263,129.71850622154122,115.68818951373915,60.671112784332486,166.26199710633293,129.71850622154122,21.068795997487335,18.151886490228417,19.129348923894078,-105.29103105630738,0.5416666666666666,0.75
mi_top_k_nolags_LGBM,Q_Power,2022-01-01,8653.170852897247,74.68898640224353,55.017850663098834,28.538065939667277,93.02242123755566,74.68898640224353,15.745964337148703,14.138548428276195,16.093729394186123,-67.88728612758223,1.0,1.0
mi_top_k_nolags_LGBM,Q_Power,2022-01-02,3267.3346047061473,48.12451707332707,50.5368902216228,26.152162135554722,57.16060360690873,48.12451707332707,10.136532296321347,9.585517299933272,9.602098430892045,-32.773585622611314,1.0,1.0
mi_top_k_nolags_LGBM,Q_Power,2022-01-03,16894.9550201317,117.96073607141096,81.5543143305112,42.696954213178266,129.98059478295866,117.96073607141096,19.01135010472777,18.230814325618258,17.912531339735548,19.591449782064007,0.9583333333333334,1.0
mi_top_k_nolags_LGBM,Q_Power,2022-01-04,22641.540893272177,137.00221905575677,91.98989891131055,48.22493208091972,150.47106330877102,137.00221905575677,18.75808375983836,18.513075530530255,17.959849120801856,43.29395782368402,1.0,1.0
mi_top_k_nolags_LGBM,Q_Power,2022-01-05,16193.230567920013,118.6066511674328,80.48151191079855,42.004376979700595,127.25262499422168,118.6066511674328,19.446689213416334,17.353058639818155,16.412454107890305,-116.73192094908921,0.75,1.0
mi_top_k_nolags_LGBM,Q_Power,2022-01-06,20578.342668207148,120.84806666010873,93.58097096410013,49.0311483619175,143.45153421350065,120.84806666010873,21.79026313677362,18.787012732939182,17.34453773377951,-89.94242025979251,0.6666666666666666,1.0
mi_top_k_nolags_LGBM,Q_Power,2022-01-07,43638.115516942526,168.0359020369691,107.20178516656385,56.415758316842094,208.89738034964088,168.0359020369691,35.18970974394968,28.014622021747776,36.189285960688984,-167.8357877887907,0.875,1.0
mi_top_k_nolags_LGBM,Q_Power,2022-01-08,118109.21789793616,315.27157612545017,226.46368181287713,119.66439631202455,343.6702167746518,315.27157612545017,67.21711894731376,49.269530422591465,69.17073770681516,-315.27157612545017,0.0,0.75
mi_top_k_nolags_LGBM,Q_Power,2022-01-09,26035.673391840548,137.5909006981387,93.37061314754031,48.98663398426655,161.35573554057677,137.5909006981387,20.952624607857306,21.326592838634696,21.440370976939743,47.07843975529536,0.7916666666666666,1.0
mi_top_k_nolags_LGBM,Q_Power,2022-01-10,83982.92280882846,239.32285108908835,169.02416941537035,89.3308895822067,289.79807247258987,239.32285108908835,27.734505143669992,33.29133898820334,31.996102956527736,213.77367050836563,0.5,1.0
mi_top_k_nolags_LGBM,Q_Power,2022-01-11,6253.802568271211,64.29919167461422,56.57589621754198,29.301681644655076,79.08098740070973,64.29919167461422,10.38179734724486,9.795238187683113,8.612700433602575,-13.562893969876773,0.9583333333333334,1.0
mi_top_k_nolags_LGBM,Q_Power,2022-01-12,17831.22969806927,115.20287446783844,85.67140098611308,44.77214379265943,133.53362759271266,115.20287446783844,20.008451838544918,17.517429940891187,16.567014124441982,-115.20287446783844,0.5833333333333334,1.0
mi_top_k_nolags_LGBM,Q_Power,2022-01-13,26846.55319229557,154.81594229271508,108.81809897149817,57.021248399124374,163.8491781862075,154.81594229271508,26.435613229269624,22.735421459387325,22.501090753442227,-154.81594229271508,0.5,0.9166666666666666
mi_top_k_nolags_LGBM,Q_Power,2022-01-14,57623.59605450958,208.2014941133904,157.33621260701952,82.02014749253105,240.04915341344068,208.2014941133904,46.07508202719779,33.78223931822684,32.15587509973754,-204.82019300240754,0.3333333333333333,0.6666666666666666
mi_top_k_nolags_LGBM,Q_Power,2022-01-15,137197.71171644886,322.0479350977946,235.78219593500626,124.22799995484081,370.4020946437113,322.0479350977946,66.49909184782152,47.284154929152486,65.09771363919904,-322.0479350977946,0.16666666666666666,0.5833333333333334
mi_top_k_nolags_LGBM,Q_Power,2022-01-16,3675.934484092372,51.31509655325464,48.09267442591186,24.84698120762484,60.629485269894644,51.31509655325464,10.193297771001882,9.52776448235785,10.046762742616115,-51.31509655325464,1.0,1.0
mi_top_k_nolags_LGBM,Q_Power,2022-01-17,52359.411052105504,172.05955597454866,119.96000348985638,63.16797420125683,228.82178884910743,172.05955597454866,19.653426565616535,22.807232427342147,24.008030972832685,154.87564275985847,0.8333333333333334,1.0
mi_top_k_nolags_LGBM,Q_Power,2022-01-18,11273.860490157414,94.12497949722145,71.86392319604806,37.459256309550845,106.1784370301118,94.12497949722145,15.517502145999975,15.28871696845416,12.727976808670775,17.05911206604331,0.875,1.0
mi_top_k_nolags_LGBM,Q_Power,2022-01-19,11470.324778320652,87.86753333096856,67.05939767293319,34.90224019987376,107.09960213894658,87.86753333096856,14.710921225384238,13.524844063919698,12.895147245519306,-60.32204098659887,0.9583333333333334,1.0
mi_top_k_nolags_LGBM,Q_Power,2022-01-20,30275.46521187179,145.33572027854476,103.14935743793951,54.02621089430016,173.9984632457189,145.33572027854476,24.950240307572624,21.064445255332213,22.231510396534503,-145.33572027854476,0.6666666666666666,0.9166666666666666
mi_top_k_nolags_LGBM,Q_Power,2022-01-21,37773.715630188504,161.43682929626698,104.98285951230478,55.15516230317744,194.35461309212215,161.43682929626698,24.173543264286593,21.060800906192824,25.278814530634875,-144.11607207488228,0.75,1.0
mi_top_k_nolags_LGBM,Q_Power,2022-01-22,55374.23245949628,182.48693125475697,120.20522700367178,63.2824828969959,235.317301657775,182.48693125475697,31.841714393966146,25.691108708093125,33.63271937793572,-178.0577393365796,0.7083333333333334,1.0
mi_top_k_nolags_LGBM,Q_Power,2022-01-23,5793.01230592894,60.911971595658486,49.539356844606225,25.520513515655683,76.11184077348898,60.911971595658486,11.02673716439961,10.551312438688743,11.214060219203475,-15.893231905740967,1.0,1.0
mi_top_k_nolags_LGBM,Q_Power,2022-01-24,14286.364892862975,83.9619168363828,66.66427983558043,34.756724425943176,119.52558258742341,83.9619168363828,10.754371194347739,11.679676160569263,12.557869703317799,71.54950454876077,1.0,1.0
mi_top_k_nolags_LGBM,Q_Power,2022-01-25,23055.70865796323,126.9783487816748,96.34799935906386,50.5966108674533,151.84106380674245,126.9783487816748,16.112766220111517,18.222819993544313,16.044521508274737,123.27254140925614,0.75,0.9583333333333334
mi_top_k_nolags_LGBM,Q_Power,2022-01-26,17231.265205217253,116.38756435508839,89.17503782674561,46.72020539479283,131.26791384499586,116.38756435508839,17.752044057177084,17.848706262580514,14.924113462961534,-5.95891426953209,0.625,1.0
mi_top_k_nolags_LGBM,Q_Power,2022-01-27,26909.00724550415,134.5395712271292,88.16175390966764,46.18881998577416,164.0396514428879,134.5395712271292,18.784013661424478,16.634900336098433,18.925911197767427,-132.17971044819564,0.875,1.0
mi_top_k_nolags_LGBM,Q_Power,2022-01-28,24064.456460448342,136.141971052405,83.9902041411229,43.954329696086745,155.12722668973473,136.141971052405,19.134253581041953,17.10578632002061,19.1523338389442,-122.47575175791746,0.7916666666666666,1.0
mi_top_k_nolags_LGBM,Q_Power,2022-01-29,117759.65314177908,254.78639028225055,184.0063903305735,97.15189751849397,343.16126404619024,254.78639028225055,46.92997185021088,33.62569226927908,45.859945152724755,-247.65572646630358,0.5833333333333334,0.7916666666666666
mi_top_k_nolags_LGBM,Q_Power,2022-01-30,4173.417222575336,52.477314648013724,50.82995141519012,26.274390390916878,64.60199085612871,52.477314648013724,8.950487808440625,9.105076214999345,9.197872996606483,-2.1325354237388745,0.9166666666666666,1.0
mi_top_k_nolags_LGBM,Q_Power,2022-01-31,14658.048623128692,105.87766577256087,74.99407581565418,39.11644493289234,121.07042835940035,105.87766577256087,15.14054495345866,16.7370881270859,15.405149340350416,105.87766577256087,0.9166666666666666,0.9583333333333334
mi_top_k_nolags_LGBM,Q_Power,2022-02-01,15808.171700590532,106.6451700740469,84.20462212956498,44.050883050890235,125.73055197759426,106.6451700740469,14.749749362275367,16.545767728096067,13.477849648384307,106.6451700740469,0.8333333333333334,0.9583333333333334
mi_top_k_nolags_LGBM,Q_Power,2022-02-02,13710.766771607276,91.07962875105754,77.62556782055012,40.58774890625143,117.09298344310506,91.07962875105754,11.922959418055184,12.813378278219515,11.75979712731537,62.834519938385796,0.875,1.0
mi_top_k_nolags_LGBM,Q_Power,2022-02-03,9896.313446631184,75.89312513735644,53.58075258484525,27.751592372743104,99.48021635798338,75.89312513735644,9.393350979890434,9.20749308438345,10.185629464146615,-20.072871998154426,1.0,1.0
mi_top_k_nolags_LGBM,Q_Power,2022-02-04,4791.582813768254,57.0553484234664,50.13987388239375,25.878985492388455,69.2212598395049,57.0553484234664,7.607636009360172,7.23662751380222,7.5749338232525885,-47.58034277406182,1.0,1.0
mi_top_k_nolags_LGBM,Q_Power,2022-02-05,82908.96625890702,231.06896264865927,157.01643093783557,82.82975950135271,287.93917110894625,231.06896264865927,40.77440323269859,32.131672695978395,41.091710780893486,-184.58460978619397,0.5416666666666666,1.0
mi_top_k_nolags_LGBM,Q_Power,2022-02-06,3662.983151327871,51.18926204390599,48.319416205195296,24.92689685857444,60.52258381239081,51.18926204390599,8.533313434709672,8.72764596102022,8.585561162968006,10.788533573348433,1.0,1.0
mi_top_k_nolags_LGBM,Q_Power,2022-02-07,21319.14785950779,121.65129716255869,88.86203798135807,46.60343535048213,146.01077994281036,121.65129716255869,15.95361404323716,17.584683494916543,17.29383167126556,103.59151401033944,0.875,1.0
mi_top_k_nolags_LGBM,Q_Power,2022-02-08,29214.728065965784,132.1618625593941,95.14313845449608,49.80784365524706,170.92316421704163,132.1618625593941,22.883560895760066,19.046570859913395,19.77065149173778,-115.1766880034704,0.6666666666666666,1.0
mi_top_k_nolags_LGBM,Q_Power,2022-02-09,74991.92307070557,212.8570218973061,146.1460473154915,77.1516925162419,273.84653196764344,212.8570218973061,33.849006625233386,27.02252464247323,34.80188381725831,-212.8570218973061,0.5416666666666666,1.0
mi_top_k_nolags_LGBM,Q_Power,2022-02-10,31569.117561651216,142.34809039596288,94.58089335623794,49.50328132166167,177.6770034687979,142.34809039596288,21.561385087628572,18.464482253837403,20.829395726655385,-132.45933506042297,0.75,1.0
mi_top_k_nolags_LGBM,Q_Power,2022-02-11,40004.87504266312,177.82353821042764,116.72008589414729,61.19226413847508,200.01218723533606,177.82353821042764,28.422605678132463,24.242564208481774,27.382216728262488,-177.82353821042764,0.625,0.9583333333333334
mi_top_k_nolags_LGBM,Q_Power,2022-02-12,80974.17180187367,223.10701332765868,151.88352082540214,80.14582757065126,284.5596102785384,223.10701332765868,38.47429152956869,29.738235883997493,38.632412861653854,-223.10701332765868,0.625,1.0
mi_top_k_nolags_LGBM,Q_Power,2022-02-13,5694.660291553584,68.5774914239628,56.29453118000399,29.194539232510618,75.46297298379905,68.5774914239628,10.88906263164101,11.482922417258868,10.997913787821794,48.84185444516279,1.0,1.0
mi_top_k_nolags_LGBM,Q_Power,2022-02-14,68801.35203537293,212.10373855447298,145.32882540085438,76.60814018457802,262.30011825268576,212.10373855447298,21.963176986617402,25.623716072259146,25.000809011739683,211.8507147177612,0.7083333333333334,1.0
mi_top_k_nolags_LGBM,Q_Power,2022-02-15,25490.054145392554,131.20075832952614,86.4018612401067,45.216306415705766,159.6560495107923,131.20075832952614,13.676083977525586,14.98225682722644,14.821594931035486,131.20075832952614,1.0,1.0
mi_top_k_nolags_LGBM,Q_Power,2022-02-16,14835.727973477808,105.18303940635776,71.35797093428873,37.1976726979098,121.80200315872399,105.18303940635776,14.227639597493399,13.297518302060807,12.945405689925725,-49.07276829294353,0.8333333333333334,1.0
mi_top_k_nolags_LGBM,Q_Power,2022-02-17,53854.97533124677,181.56948845527867,120.94273057519403,63.611572934117106,232.0667475776027,181.56948845527867,25.20596041959368,21.37413124317354,25.553822065025233,-169.80571984471453,0.7083333333333334,1.0
mi_top_k_nolags_LGBM,Q_Power,2022-02-18,24453.914421810954,89.70122096083044,74.86404000173303,39.065833066791726,156.3774741508858,89.70122096083044,8.801832234273991,9.731614738369524,10.076241507577347,48.213780174940176,0.875,1.0
mi_top_k_nolags_LGBM,Q_Power,2022-02-19,15979.61408795027,102.99255739971584,75.44258789370242,39.36792448688147,126.4104983296493,102.99255739971584,14.978334770939798,14.168535485885203,14.107603232616372,-21.79714985439252,1.0,1.0
mi_top_k_nolags_LGBM,Q_Power,2022-02-20,6102.8524597976975,59.98813372054525,52.25216409870834,27.053099745778923,78.1207556274112,59.98813372054525,9.274774626838427,9.091021687669599,9.52778633215593,-14.084581555274303,0.9583333333333334,1.0
mi_top_k_nolags_LGBM,Q_Power,2022-02-21,58754.22278834665,212.7636981579,143.0527239237417,75.4768937704891,242.39270366153073,212.7636981579,25.18624657953859,29.32755004001857,26.869757713058302,212.7636981579,0.5416666666666666,1.0
mi_top_k_nolags_LGBM,Q_Power,2022-02-22,27842.179505341326,149.44554483454655,99.36987538722087,52.181483853397516,166.85975999425784,149.44554483454655,17.104611930886815,19.041923450588357,17.057559690060955,145.19777562782258,0.75,1.0
mi_top_k_nolags_LGBM,Q_Power,2022-02-23,25149.060792620934,135.18513466005274,97.3202795253144,51.025545335346834,158.58455407958536,135.18513466005274,16.532813704666946,18.570760024514552,16.311931784018427,132.46307958736375,0.75,0.9583333333333334
mi_top_k_nolags_LGBM,Q_Power,2022-02-24,33012.77544246615,163.90378175974817,115.10421776753681,60.545593615261794,181.69418109137712,163.90378175974817,17.149352402496767,19.237249208983457,17.186995413385223,163.90378175974817,0.7083333333333334,0.9583333333333334
mi_top_k_nolags_LGBM,Q_Power,2022-02-25,35352.59103136154,149.45983831515267,104.89627745669391,55.16916124764477,188.02284709939252,149.45983831515267,21.456008387218635,19.21396125162231,19.52192245495724,-32.78215835536882,0.8333333333333334,1.0
mi_top_k_nolags_LGBM,Q_Power,2022-02-26,51179.941523244,184.40446106119774,117.72961465542106,61.9467767959369,226.22984224731272,184.40446106119774,28.78800657823502,24.055585947844207,30.082907247080527,-184.40446106119774,0.75,1.0
mi_top_k_nolags_LGBM,Q_Power,2022-02-27,15596.235839857467,104.79752360492438,75.86248050357527,39.62022800486124,124.88489035851161,104.79752360492438,15.681640730509146,17.3194402086128,16.579591212438846,102.91319487486173,0.9583333333333334,1.0
mi_top_k_nolags_LGBM,Q_Power,2022-02-28,41643.32176959407,146.631496264702,112.50275834720067,59.18044473683582,204.06695413416173,146.631496264702,18.262917885213636,21.247826587943454,21.623476379612825,142.5685253448608,0.75,1.0
mutual_lags_LGBM_0,Q_Power,2022-01-01,10583.610932714253,85.90611339566242,57.73901829155094,30.17563692543187,102.87667827410765,85.90611339566242,18.271849470536765,16.27421061312057,18.51075786261479,-82.48724456202733,0.9166666666666666,1.0
mutual_lags_LGBM_0,Q_Power,2022-01-02,1577.7467557936754,33.72887484712675,34.38135086553803,17.795138253875276,39.72086046139579,33.72887484712675,6.719117874486469,6.5822085067751575,6.729791714104351,-8.70815088446176,1.0,1.0
mutual_lags_LGBM_0,Q_Power,2022-01-03,37038.158884495875,155.59082769860416,112.96902031039299,58.909819287424,192.4530043530001,155.59082769860416,26.270777342846557,21.52493105117647,23.626722502303085,-155.59082769860416,0.5,0.75
mutual_lags_LGBM_0,Q_Power,2022-01-04,12571.427295033543,92.4402291966743,57.928174813393746,30.38507154825831,112.12237642430499,92.4402291966743,11.97381042089077,12.19535047285853,12.118143636702296,42.663547029994966,0.8333333333333334,1.0
mutual_lags_LGBM_0,Q_Power,2022-01-05,8275.303911114168,79.4687007043078,53.4642408084244,27.9511761570555,90.96869742452162,79.4687007043078,12.505207576203814,11.55899789257544,10.996654829094881,-65.17084397231046,0.7083333333333334,1.0
mutual_lags_LGBM_0,Q_Power,2022-01-06,22102.956488182346,109.71332683454186,89.3887422757661,46.842887114662176,148.6706308864745,109.71332683454186,18.955310292797556,16.212632650163723,15.74644088045093,-65.17494182731257,0.5833333333333334,0.7916666666666666
mutual_lags_LGBM_0,Q_Power,2022-01-07,60033.71492501132,183.76299436773638,139.7259367424333,73.09123461235184,245.0177849157308,183.76299436773638,38.073432690352654,28.90208844865824,39.57637309378914,-183.3748382518542,0.5,0.7083333333333334
mutual_lags_LGBM_0,Q_Power,2022-01-08,8371.000968067428,79.85163984787238,50.75157348006248,26.477358113301364,91.49317443431192,79.85163984787238,16.94861814733095,15.363342063604094,17.519488763485697,-79.85163984787238,1.0,1.0
mutual_lags_LGBM_0,Q_Power,2022-01-09,42371.38896334095,138.35048574551175,109.4002032077811,57.28607399714489,205.84311735722656,138.35048574551175,15.956977063567779,19.057139049506517,21.558734801302986,133.49144677543316,0.5833333333333334,0.8333333333333334
mutual_lags_LGBM_0,Q_Power,2022-01-10,11322.588338819318,93.37555904477598,56.66807332742834,29.676864636066643,106.4076516930024,93.37555904477598,13.388390016806536,12.977874831101946,12.48378074732123,-20.52058657441557,0.7916666666666666,1.0
mutual_lags_LGBM_0,Q_Power,2022-01-11,7963.003564945512,65.02555915209484,51.45264289476095,26.923670394729356,89.23566307786093,65.02555915209484,10.518837591155329,9.469502168364096,8.709995365705462,-51.0542026506067,0.8333333333333334,0.9583333333333334
mutual_lags_LGBM_0,Q_Power,2022-01-12,18821.90134565797,122.56483805464315,87.47855986195839,45.9930056869834,137.1929347512399,122.56483805464315,20.9153459184836,18.29530738721743,17.625718217457223,-121.85437162424391,0.4583333333333333,0.8333333333333334
mutual_lags_LGBM_0,Q_Power,2022-01-13,5490.847250681881,63.054725521719085,44.40329004667455,23.116400974562527,74.10025135370245,63.054725521719085,9.845378295538783,9.3106433671376,9.16443152033415,-52.65582917479668,0.9583333333333334,1.0
mutual_lags_LGBM_0,Q_Power,2022-01-14,36567.77313410063,137.49903192116219,110.59587732693592,57.51303269800828,191.2270198850064,137.49903192116219,32.59676011802715,23.597759777421214,21.236166991115535,-106.7784552526597,0.6666666666666666,0.75
mutual_lags_LGBM_0,Q_Power,2022-01-15,13743.82582056144,83.79754524375124,62.01616465583072,32.5146492023471,117.23406424995015,83.79754524375124,18.667535475924613,15.858359024984134,16.938561032192442,-79.75294846112092,0.7083333333333334,1.0
mutual_lags_LGBM_0,Q_Power,2022-01-16,1089.2431396541335,23.905150589488915,29.15025350459689,15.028308329647928,33.00368372854966,23.905150589488915,4.551444367109734,4.410827623899006,4.680286941482375,-12.63609821923046,1.0,1.0
mutual_lags_LGBM_0,Q_Power,2022-01-17,10552.571290116242,70.54225375951653,46.46613513303888,24.256443704855787,102.72570900274305,70.54225375951653,9.001058154802198,9.230439985499633,9.842990722366,14.260366383134881,0.9166666666666666,1.0
mutual_lags_LGBM_0,Q_Power,2022-01-18,8922.809285087713,80.39987479412652,48.71310159971844,25.50421714821645,94.4606229340444,80.39987479412652,11.084329229413404,11.223473278710365,10.872010249201537,30.127304343029312,1.0,1.0
mutual_lags_LGBM_0,Q_Power,2022-01-19,12201.0911608787,86.49761295687807,56.47992308183505,29.52060797206467,110.45854951464237,86.49761295687807,12.783540016198824,12.374460846063794,12.694102283075738,-13.190790277536797,0.7916666666666666,1.0
mutual_lags_LGBM_0,Q_Power,2022-01-20,14057.505442465183,99.89525263496337,68.6807381232305,36.01026661662929,118.5643514824974,99.89525263496337,15.977175254432144,14.476495415724811,15.280636744100402,-84.75826806616624,0.7916666666666666,0.9583333333333334
mutual_lags_LGBM_0,Q_Power,2022-01-21,21343.715206903227,126.34667702312147,85.7279341667899,45.145966247188746,146.09488425986459,126.34667702312147,20.437890463401498,18.489646864001926,19.784173344783163,-83.96236164232756,0.6666666666666666,0.9166666666666666
mutual_lags_LGBM_0,Q_Power,2022-01-22,5352.678616928147,59.06171973868061,44.59509471355464,23.20782220075804,73.16200254864643,59.06171973868061,10.992516222348177,10.396214217056581,10.885197270243163,-30.324162529064424,0.9583333333333334,1.0
mutual_lags_LGBM_0,Q_Power,2022-01-23,7942.956469476354,75.95410613351855,51.90190465273184,27.119462851872285,89.1232655902843,75.95410613351855,13.861732009342598,13.436903842758255,13.983358242466707,-18.4760834387288,1.0,1.0
mutual_lags_LGBM_0,Q_Power,2022-01-24,21877.323783496995,124.75477780175409,81.41764356344822,42.924481525433805,147.9098501909085,124.75477780175409,18.400387023940553,16.78737733818331,18.65910526499463,-91.02715125153345,0.6666666666666666,1.0
mutual_lags_LGBM_0,Q_Power,2022-01-25,11090.51019090467,76.2199418610099,63.96551177664582,33.50441425193994,105.31149125762425,76.2199418610099,10.05680740191256,10.970122786977397,9.630874147301174,61.04499148388922,0.8333333333333334,0.9166666666666666
mutual_lags_LGBM_0,Q_Power,2022-01-26,11583.192349808263,87.65865057096475,68.72812004174033,35.945306703679385,107.62524030081542,87.65865057096475,12.85325443716693,13.789430416044269,11.240269992590328,45.98127944646026,0.6666666666666666,0.875
mutual_lags_LGBM_0,Q_Power,2022-01-27,13690.867436827348,83.60827142625548,54.300946174553694,28.47247950386371,117.00798022710822,83.60827142625548,10.606542534553933,9.866279743125368,11.761318294532158,-66.8595748786433,0.8333333333333334,1.0
mutual_lags_LGBM_0,Q_Power,2022-01-28,7133.112056745612,76.58611151951497,50.83510175927705,26.530043663932148,84.45775308842647,76.58611151951497,10.877440065199002,10.888043569480581,10.774067423217677,-19.21131059185343,0.875,1.0
mutual_lags_LGBM_0,Q_Power,2022-01-29,9564.432038115216,78.00964273478102,51.277375882107435,26.831082738144165,97.79791428305215,78.00964273478102,14.185103841041546,12.905777281229128,14.04124424871188,-57.61415988037302,1.0,1.0
mutual_lags_LGBM_0,Q_Power,2022-01-30,3827.335480237101,48.06477771831183,44.59428874847462,23.21897235452631,61.86546274163882,48.06477771831183,8.419250805153535,8.916115678119679,8.424473013309699,24.996494328280544,0.875,1.0
mutual_lags_LGBM_0,Q_Power,2022-01-31,25276.07673335615,117.22758172393742,82.52117333277998,43.395368441234176,158.98451727560186,117.22758172393742,15.346672354748629,13.930079128326417,17.056556640989022,-86.56378983159358,0.7083333333333334,0.9166666666666666
mutual_lags_LGBM_0,Q_Power,2022-02-01,6040.719283594658,70.24294274051421,46.6771222613697,24.389077712831366,77.72206432921514,70.24294274051421,9.376040114171735,9.937323863110338,8.87732487518544,55.0860211739516,0.875,1.0
mutual_lags_LGBM_0,Q_Power,2022-02-02,11174.443906227547,82.41450085532993,57.419787368159724,30.02324627981964,105.70924229331864,82.41450085532993,10.259785482074053,10.980516650842665,10.640994300236272,65.64896613661915,0.8333333333333334,0.9583333333333334
mutual_lags_LGBM_0,Q_Power,2022-02-03,11264.598223417313,83.4731966863399,53.65141399404758,28.103794620359434,106.1348115531248,83.4731966863399,10.603959386523176,10.52504268602477,11.202952179081988,-6.487498997403435,0.9166666666666666,1.0
mutual_lags_LGBM_0,Q_Power,2022-02-04,3361.8824814347595,38.494892879027496,38.06938578724104,19.799059850380935,57.981742656070274,38.494892879027496,4.800216614593844,4.9722709979152375,5.110761289679539,19.260936640610684,0.9583333333333334,1.0
mutual_lags_LGBM_0,Q_Power,2022-02-05,19162.549569848212,101.04232430642048,72.0378137260193,37.829745669264234,138.42886104367184,101.04232430642048,17.697076476222065,15.395292325209963,17.968670129626194,-84.25801190803163,0.7916666666666666,1.0
mutual_lags_LGBM_0,Q_Power,2022-02-06,4664.227633386014,54.075014072079405,43.18807470112139,22.53341906736311,68.29515087754045,54.075014072079405,8.518307903381652,9.089245416704635,9.069565025297397,54.075014072079405,1.0,1.0
mutual_lags_LGBM_0,Q_Power,2022-02-07,11451.366708445546,98.52751915195273,62.81803180628237,32.92163835832434,107.01105881377656,98.52751915195273,14.839298898037336,13.981463517859616,14.006577578242947,-57.79017094176837,0.8333333333333334,0.9583333333333334
mutual_lags_LGBM_0,Q_Power,2022-02-08,29072.25931672097,143.17429510038775,101.22038991260244,53.09279881111771,170.50589232258505,143.17429510038775,24.381850964073205,20.837348234307733,21.418047810372528,-104.50409949573388,0.625,0.75
mutual_lags_LGBM_0,Q_Power,2022-02-09,36843.018101826434,133.35543020366262,99.20786031948019,51.99762964980689,191.94535186304051,133.35543020366262,20.8236968052503,17.528290384068317,21.80346293949113,-111.13496201906467,0.75,0.7916666666666666
mutual_lags_LGBM_0,Q_Power,2022-02-10,7744.206518164348,65.64864759236485,42.743841367308924,22.3087308735804,88.00117339083808,65.64864759236485,10.183659996947815,9.758996735558723,9.60618197137326,-8.618989910003892,1.0,1.0
mutual_lags_LGBM_0,Q_Power,2022-02-11,15518.629664870416,90.71229148260467,66.76635066122452,35.07365635120751,124.57379204660351,90.71229148260467,13.997723401114767,12.79490513573627,13.968362401802347,-62.68372670946766,0.75,1.0
mutual_lags_LGBM_0,Q_Power,2022-02-12,5173.356007524558,60.04259065587255,42.80849676517757,22.343036812760403,71.92604540446081,60.04259065587255,10.301613486687783,9.982270604264604,10.396760356853324,-13.080494717016121,1.0,1.0
mutual_lags_LGBM_0,Q_Power,2022-02-13,4968.699179790622,62.30836953572858,45.47053356283977,23.73392614943872,70.48900041701984,62.30836953572858,9.696096111358026,10.311661257139997,9.992521776237442,62.30836953572858,1.0,1.0
mutual_lags_LGBM_0,Q_Power,2022-02-14,10012.262756065964,71.3448579317557,48.39576566068401,25.23810103229552,100.06129499494779,71.3448579317557,7.729898488181266,8.15673848222165,8.409465949434157,50.74631182699102,0.875,1.0
mutual_lags_LGBM_0,Q_Power,2022-02-15,11149.927494246027,83.80692256967889,56.151767832443035,29.400510333543462,105.59321708446062,83.80692256967889,8.629639737724021,9.16684061890785,9.467569201274161,82.1771542797096,0.9166666666666666,1.0
mutual_lags_LGBM_0,Q_Power,2022-02-16,9894.774183654177,86.05064571259095,57.27935866207216,29.9167784400537,99.47247952903444,86.05064571259095,11.429266444135425,11.421039057043275,10.590685769460892,-2.870699317919886,0.7916666666666666,0.9166666666666666
mutual_lags_LGBM_0,Q_Power,2022-02-17,39822.89445776793,135.4227790254339,95.01256160868915,49.73168292151657,199.5567449568366,135.4227790254339,17.50603637039656,15.534743124814643,19.059202227248228,-80.37443538178391,0.75,0.8333333333333334
mutual_lags_LGBM_0,Q_Power,2022-02-18,26628.02214556116,121.16527639895855,81.25311326680605,42.60729021884649,163.1809490889214,121.16527639895855,12.613790632520852,13.902616430595419,13.610635108984644,112.4593195651928,0.75,0.9166666666666666
mutual_lags_LGBM_0,Q_Power,2022-02-19,19877.761021906415,110.35823339040017,88.21653461246039,46.36489671132185,140.98851379423223,110.35823339040017,13.762471116900462,14.97626503981437,15.116530839038445,84.09279351464613,0.625,0.8333333333333334
mutual_lags_LGBM_0,Q_Power,2022-02-20,12771.968909455949,102.77581585992225,67.51018692870562,35.529782087065904,113.01313600398827,102.77581585992225,16.107675132489312,17.80499482644321,16.32366191267204,102.77581585992225,0.7916666666666666,1.0
mutual_lags_LGBM_0,Q_Power,2022-02-21,5653.131850732875,63.32297183245381,49.33720655173672,25.703223724831975,75.18731176689904,63.32297183245381,8.85949482556499,9.38027554827941,7.997007598289262,36.0362171428431,0.7916666666666666,1.0
mutual_lags_LGBM_0,Q_Power,2022-02-22,9551.326026035927,73.51402370410835,48.10350432878338,25.08653922504295,97.7308857323821,73.51402370410835,7.910630753409818,8.267618422910369,8.390814518945168,58.01142077776183,0.9583333333333334,1.0
mutual_lags_LGBM_0,Q_Power,2022-02-23,13505.179443269937,98.63813956967881,59.10674396906279,30.942256303600885,116.21178702382103,98.63813956967881,11.676855179066347,11.76829500390249,11.90203795712565,-0.7592618343921819,0.7916666666666666,1.0
mutual_lags_LGBM_0,Q_Power,2022-02-24,23164.737176950497,137.53652605971754,94.37136176661897,49.593167609799345,152.19966221036924,137.53652605971754,14.118163541928277,15.254105438220824,14.422117764349348,113.0855983031599,0.4583333333333333,0.7916666666666666
mutual_lags_LGBM_0,Q_Power,2022-02-25,44254.6003962242,159.60187052678455,125.89245409778029,65.8017552542563,210.3677741390639,159.60187052678455,24.694270018708306,20.340009295946682,20.846639306006338,-109.16072278458755,0.5416666666666666,0.6666666666666666
mutual_lags_LGBM_0,Q_Power,2022-02-26,1965.2301436004848,38.249751273764666,33.55430918872547,17.358579955980876,44.33091634063619,38.249751273764666,6.35108190643453,6.3293403895906,6.23989090703557,0.4800671374879594,1.0,1.0
mutual_lags_LGBM_0,Q_Power,2022-02-27,13938.14298094871,92.44835028726538,70.35006758217145,36.9038683620733,118.05991267550857,92.44835028726538,13.619309966762334,15.019008731357378,14.625878582833135,92.25744683409789,0.75,0.9166666666666666
mutual_lags_LGBM_0,Q_Power,2022-02-28,31789.661497249646,143.65727890388254,104.23818813832933,54.71397658032515,178.29655492254932,143.65727890388254,23.044943701238548,19.85705703480445,21.18487402958691,-113.94627877102705,0.5833333333333334,0.7916666666666666
mutual_lags_LGBM_1,Q_Power,2022-01-01,14990.038306964445,113.16913482376883,77.68536200532175,40.929378080492334,122.43381194328813,113.16913482376883,24.562371001538985,21.520735152195826,24.385301225257916,-112.6785973355685,0.5833333333333334,0.9166666666666666
mutual_lags_LGBM_1,Q_Power,2022-01-02,1902.1708550589076,35.07001395646528,33.35515524906865,17.245391143680354,43.61388374197954,35.07001395646528,6.696216451046443,6.61491098338058,6.9973840042828845,-5.739323722738898,1.0,1.0
mutual_lags_LGBM_1,Q_Power,2022-01-03,25328.678416083156,135.20375115652664,91.1728000011769,47.99272659723827,159.1498615019289,135.20375115652664,21.016255890006406,18.349982957119263,20.530911475280707,-125.03909166690721,0.625,0.9166666666666666
mutual_lags_LGBM_1,Q_Power,2022-01-04,11669.88740591299,90.9944292129848,58.46026381058012,30.658913859547187,108.02725307029236,90.9944292129848,13.151757299067569,13.181992307378001,11.928611308358375,23.098883463454342,0.7916666666666666,1.0
mutual_lags_LGBM_1,Q_Power,2022-01-05,12157.851654512056,90.82606891983897,66.83439779017897,35.07015883440724,110.26264850125838,90.82606891983897,13.743761693800186,12.533483142027974,12.56825543318478,-78.62586405428476,0.6666666666666666,1.0
mutual_lags_LGBM_1,Q_Power,2022-01-06,26490.44502437967,128.9586342552446,102.53738464861094,53.98215953567601,162.75885544073992,128.9586342552446,21.15252531388796,18.922813611491787,18.508594798025776,-38.30029823502621,0.5416666666666666,0.875
mutual_lags_LGBM_1,Q_Power,2022-01-07,101786.94284880825,257.83515594063414,204.82729976512175,106.62083559038287,319.04066018112525,257.83515594063414,53.95105813305597,39.23545887045122,55.529027284904785,-257.83515594063414,0.20833333333333334,0.625
mutual_lags_LGBM_1,Q_Power,2022-01-08,5553.869587757389,60.29433300889815,41.38930856842921,21.554803397662187,74.5242885759897,60.29433300889815,12.679220722719863,11.64233661123587,13.228606095800815,-60.29433300889815,1.0,1.0
mutual_lags_LGBM_1,Q_Power,2022-01-09,35856.06025963766,133.07449098926315,100.64911836610666,52.8935096336107,189.35696517328762,133.07449098926315,16.003567348279283,18.711234328554614,20.73659260823361,130.07394693329599,0.5833333333333334,0.8333333333333334
mutual_lags_LGBM_1,Q_Power,2022-01-10,10504.882249049433,89.39322080217697,53.749742820882126,28.21951760889696,102.49332782698312,89.39322080217697,11.304334617324303,11.1907634729874,11.951364791895044,-20.547099942178846,0.875,1.0
mutual_lags_LGBM_1,Q_Power,2022-01-11,6568.528057239921,69.34701559002654,50.8713138300424,26.5873500528301,81.04645616706458,69.34701559002654,10.956527622401934,10.413596437088952,9.288842607286938,-14.27323128444551,0.8333333333333334,1.0
mutual_lags_LGBM_1,Q_Power,2022-01-12,18915.064576169487,122.33497849182034,90.2010376417913,47.476219097348206,137.53204926914123,122.33497849182034,20.717629121540536,18.169193508778754,17.592662734757553,-122.33497849182034,0.4166666666666667,0.8333333333333334
mutual_lags_LGBM_1,Q_Power,2022-01-13,5541.1657453437065,62.743621020665806,47.969223607149836,25.08387526257226,74.43900688042329,62.743621020665806,10.32085659229442,9.685309331410263,9.119215307401966,-48.228415722380724,0.875,1.0
mutual_lags_LGBM_1,Q_Power,2022-01-14,30074.34418504121,124.20386159572074,99.82545282959893,52.1018011007118,173.41956113726388,124.20386159572074,28.730674737482893,21.505746219007715,19.18278193624269,-99.3648567878916,0.6666666666666666,0.75
mutual_lags_LGBM_1,Q_Power,2022-01-15,6563.41120310225,67.84228256988739,46.279855352407736,24.16886855163322,81.01488260253328,67.84228256988739,14.965236823751823,14.078935978282322,13.713416550933811,-4.074439808832054,0.9166666666666666,1.0
mutual_lags_LGBM_1,Q_Power,2022-01-16,2988.121097791647,43.550018851069524,36.053783217486995,18.724373189719458,54.66370914776683,43.550018851069524,8.522591716035414,8.297082843447145,8.52647147178376,-14.106031820017522,1.0,1.0
mutual_lags_LGBM_1,Q_Power,2022-01-17,5432.796332874795,49.99068900332188,36.15040007988452,18.79908898823566,73.70750526828861,49.99068900332188,6.457486234461128,6.434487443605273,6.975363868325514,-0.5483196213806375,1.0,1.0
mutual_lags_LGBM_1,Q_Power,2022-01-18,7644.762466451968,73.09366189557652,47.98824208389224,25.06234963067818,87.434332309751,73.09366189557652,11.208118325159083,10.999944355941532,9.884033318649315,5.179767049064327,0.875,1.0
mutual_lags_LGBM_1,Q_Power,2022-01-19,10972.315384416192,79.65904774423142,55.64577227804269,29.10370493110466,104.74882044403265,79.65904774423142,11.391505348871416,11.283004248970434,11.69049717408738,-11.388908850234264,0.9166666666666666,1.0
mutual_lags_LGBM_1,Q_Power,2022-01-20,9834.140871765112,76.24812580692158,57.55034314820508,30.202606244293047,99.16723688681213,76.24812580692158,12.459769733414786,11.355250001963919,11.663416249935421,-61.39596923040721,0.8333333333333334,1.0
mutual_lags_LGBM_1,Q_Power,2022-01-21,14266.071546892983,105.92233139566724,69.97781115499357,36.75986309377141,119.44066119581298,105.92233139566724,16.71592914014276,15.854674357159329,16.585998261212332,-58.679334784474236,0.75,1.0
mutual_lags_LGBM_1,Q_Power,2022-01-22,1455.3317754778755,30.236899549606676,32.50031737745882,16.83090391821769,38.14881093137603,30.236899549606676,5.7407070613660505,5.673795644732406,5.572723210469589,5.4597990492693755,1.0,1.0
mutual_lags_LGBM_1,Q_Power,2022-01-23,8595.634611133528,74.6964812048493,50.12561051400812,26.25510099518949,92.71264536800537,74.6964812048493,13.571708892924372,12.802338625501672,13.751826060634105,-30.14818688363785,1.0,1.0
mutual_lags_LGBM_1,Q_Power,2022-01-24,16424.8697249378,103.60206639758148,70.12932785078601,36.836733790372406,128.1595479273308,103.60206639758148,15.13113965826667,13.780517535631166,15.495373376844373,-81.54110216333095,0.7083333333333334,1.0
mutual_lags_LGBM_1,Q_Power,2022-01-25,4744.821286480451,48.37905061385811,43.32778260987794,22.640096442493757,68.88266317790313,48.37905061385811,6.193025740808995,6.572841506137681,6.113000567195757,40.765916020219144,0.9166666666666666,1.0
mutual_lags_LGBM_1,Q_Power,2022-01-26,8800.723732376287,74.68864320845763,58.241572198871815,30.483464996125466,93.81217262368614,74.68864320845763,10.428434730075148,11.257296531450399,9.57715535859945,39.60873605825464,0.75,0.9583333333333334
mutual_lags_LGBM_1,Q_Power,2022-01-27,15902.100897927054,95.95901147336899,63.48333734275659,33.399898471469584,126.10353245618084,95.95901147336899,12.79539138783267,11.698272655866571,13.498717984648353,-84.68045188850368,0.75,1.0
mutual_lags_LGBM_1,Q_Power,2022-01-28,9151.061754150882,83.76572760132467,53.45789888642131,27.983408543111523,95.66118206540666,83.76572760132467,11.67976620532623,11.1543945017564,11.78408955651955,-53.8600761943664,0.9166666666666666,1.0
mutual_lags_LGBM_1,Q_Power,2022-01-29,8204.485104849266,66.77782091708148,46.45848542668828,24.29850681947519,90.57861284458527,66.77782091708148,12.275641100172148,11.09771744431876,12.019587079526886,-57.777195959437414,0.9166666666666666,1.0
mutual_lags_LGBM_1,Q_Power,2022-01-30,7004.134540825927,73.97956366756046,51.485627133181765,26.937389870962487,83.69070761336606,73.97956366756046,12.968341284299989,12.718932868829999,12.966643501533282,-18.39542552854557,0.9583333333333334,1.0
mutual_lags_LGBM_1,Q_Power,2022-01-31,22365.320960188194,113.38310901069792,80.80138797739754,42.563146269321095,149.55039605493593,113.38310901069792,15.403017912026018,13.814505417835186,16.497187714122244,-93.81204340039172,0.625,1.0
mutual_lags_LGBM_1,Q_Power,2022-02-01,7579.322471766394,80.27903828383486,52.93517272479608,27.73981157276765,87.0593043377122,80.27903828383486,10.574637788771662,11.298719220360264,10.145689740615138,80.27903828383486,0.875,1.0
mutual_lags_LGBM_1,Q_Power,2022-02-02,8468.704928143421,74.20796346674727,53.77587504448059,28.112101388030307,92.0255667091674,74.20796346674727,9.030256203723216,9.486981761353002,9.581402642575505,63.00373609091839,0.9166666666666666,0.9583333333333334
mutual_lags_LGBM_1,Q_Power,2022-02-03,8533.281850868267,75.15357462064436,47.45180560962893,24.794636320866275,92.37576441290359,75.15357462064436,9.721987575275676,9.528907240861935,10.086374261259476,-21.727247439048156,1.0,1.0
mutual_lags_LGBM_1,Q_Power,2022-02-04,11007.396433447248,87.77905690455583,61.950019325643915,32.48406881189355,104.91614000451621,87.77905690455583,11.900734356476676,11.00104639773409,11.653956473711713,-79.16351952304007,0.7916666666666666,1.0
mutual_lags_LGBM_1,Q_Power,2022-02-05,2348.517126186872,40.54442734681256,33.195603083714644,17.195880787895586,48.46150148506412,40.54442734681256,7.137271254569326,6.895623205550888,7.21014135007559,-19.914929760376967,1.0,1.0
mutual_lags_LGBM_1,Q_Power,2022-02-06,1983.9975020339052,36.85838949970377,34.197904669128555,17.71921056717485,44.54208686213417,36.85838949970377,6.158131318369886,6.437930914917252,6.18195974669022,36.07319678962788,1.0,1.0
mutual_lags_LGBM_1,Q_Power,2022-02-07,12260.338646370501,100.7280595220755,66.66489120726811,34.95499258444021,110.72641349908567,100.7280595220755,15.730893213133331,14.673208135652024,14.319404285679324,-57.17569721835215,0.7916666666666666,1.0
mutual_lags_LGBM_1,Q_Power,2022-02-08,30185.00434894799,137.88473256055116,102.22200865331088,53.76491656605233,173.73832147499294,137.88473256055116,22.521383628967463,18.80178820945492,20.626759798130248,-131.89470411384835,0.625,0.8333333333333334
mutual_lags_LGBM_1,Q_Power,2022-02-09,44099.419929203345,148.16808017672497,111.40072873480243,58.293756121119976,209.9986188745139,148.16808017672497,23.07287926710116,19.060649490297596,24.225314559856937,-148.16808017672497,0.75,0.75
mutual_lags_LGBM_1,Q_Power,2022-02-10,12991.679622218891,84.63406335819296,53.20599468416041,27.82614042625329,113.98104939953348,84.63406335819296,13.498989771042162,12.448005254903242,12.384264465641346,-30.242713430178515,0.9166666666666666,0.9583333333333334
mutual_lags_LGBM_1,Q_Power,2022-02-11,5870.1695173724265,59.68108133683655,44.18041545010532,23.043395769998654,76.61703150979179,59.68108133683655,8.76097018592034,8.78573865965225,9.19001117730819,10.85110699979522,1.0,1.0
mutual_lags_LGBM_1,Q_Power,2022-02-12,4023.77733228292,56.44994325265984,41.74359862582114,21.758744209091287,63.43325099884854,56.44994325265984,9.862592366768496,9.925421630554114,9.774670375560676,10.290667527057202,1.0,1.0
mutual_lags_LGBM_1,Q_Power,2022-02-13,942.2493471223069,26.122100826231303,29.15937397270857,15.060769881823838,30.69608032179853,26.122100826231303,4.130212024148095,4.146046460642763,4.189255204270917,4.823601259458893,1.0,1.0
mutual_lags_LGBM_1,Q_Power,2022-02-14,25674.527726406963,127.05897272165616,85.87720466899982,45.23371755745046,160.23272988502367,127.05897272165616,13.353117151856306,14.685655455589611,14.976525788234289,111.19955135067603,0.625,0.9583333333333334
mutual_lags_LGBM_1,Q_Power,2022-02-15,8191.155116794344,76.57788271772203,48.166637122698184,25.18167028731085,90.50500050712306,76.57788271772203,8.16498402381397,8.364955753525434,8.650913095088343,36.64280802721678,0.9166666666666666,1.0
mutual_lags_LGBM_1,Q_Power,2022-02-16,12971.492576539022,96.52618397146688,66.0100729132681,34.63860554151589,113.89246057812177,96.52618397146688,12.767155213138981,12.141746475037584,11.87996295090437,-40.8893490369586,0.625,1.0
mutual_lags_LGBM_1,Q_Power,2022-02-17,30498.26543088772,128.75257213127983,87.25925444775923,45.80120014701748,174.63752583819928,128.75257213127983,17.376728128249532,15.554988187279958,18.12044714477136,-86.14319682318103,0.7083333333333334,0.8333333333333334
mutual_lags_LGBM_1,Q_Power,2022-02-18,54601.214720032614,186.3065927249883,134.18678336822168,70.51297918282371,233.66902815741886,186.3065927249883,19.59283893972018,22.559806214292987,20.92803423010905,186.3065927249883,0.4583333333333333,0.8333333333333334
mutual_lags_LGBM_1,Q_Power,2022-02-19,30198.10106258103,126.72430347670108,101.27563003230381,53.11560645012249,173.77600830546498,126.72430347670108,15.09495111146487,17.173055541823846,17.358304701965764,126.04057097308815,0.625,0.7916666666666666
mutual_lags_LGBM_1,Q_Power,2022-02-20,11026.068272736267,97.90186950613213,64.94193678146819,34.1534257399761,105.00508688980867,97.90186950613213,15.400301640210982,16.874813269385616,15.54954349002476,97.90186950613213,0.7916666666666666,1.0
mutual_lags_LGBM_1,Q_Power,2022-02-21,7930.925868985271,81.74705311771412,53.49281763286253,28.019205665605238,89.05574585047992,81.74705311771412,11.258812441295648,12.061243199869185,10.323770126421483,69.94027953129914,0.75,1.0
mutual_lags_LGBM_1,Q_Power,2022-02-22,10837.34003183364,79.66380542455916,50.50311080944466,26.36847455323039,104.10254575097403,79.66380542455916,8.94502362553743,9.379934059720359,9.092744234505256,56.16611771919269,0.875,1.0
mutual_lags_LGBM_1,Q_Power,2022-02-23,13336.791804913228,85.58900105309867,55.57153252506735,29.144464285146427,115.48502848816909,85.58900105309867,9.91870568704038,9.757896595412944,10.327481273375405,-8.524411776119706,0.875,1.0
mutual_lags_LGBM_1,Q_Power,2022-02-24,21757.07334046016,137.03445312956524,93.5136611797094,49.295651556008515,147.5027909582058,137.03445312956524,14.363045631435245,15.366893668946663,14.369470259483588,103.54082736649302,0.375,0.9166666666666666
mutual_lags_LGBM_1,Q_Power,2022-02-25,60783.70582625885,172.2904081272187,142.70064314681176,74.37627328530967,246.543517104504,172.2904081272187,26.693225284197798,21.030135242192227,22.503971803450717,-133.7527852252846,0.5416666666666666,0.7916666666666666
mutual_lags_LGBM_1,Q_Power,2022-02-26,2495.713494657544,35.26270490216929,34.21356439613758,17.749473386409694,49.95711655667833,35.26270490216929,5.29667905849219,5.539418490802164,5.752597712379011,31.54352446428374,1.0,1.0
mutual_lags_LGBM_1,Q_Power,2022-02-27,3461.500774810547,41.16480733880659,37.335376801974505,19.362146465986786,58.83452026498174,41.16480733880659,5.845329461974935,6.032442705023921,6.512517228834077,21.93645006357527,1.0,1.0
mutual_lags_LGBM_1,Q_Power,2022-02-28,17919.89863738417,109.4699888869286,78.69264660949953,41.35448174456763,133.86522564648433,109.4699888869286,17.841720359546905,15.993264526053233,16.143337408900233,-74.01924799953503,0.625,0.9166666666666666
mutual_lags_LGBM_2,Q_Power,2022-01-01,61203.06636116724,198.49245709057132,154.25905930044726,81.66477808858498,247.3925349746173,198.49245709057132,41.746292894555445,32.01940608144829,42.7704812326493,-198.49245709057132,0.2916666666666667,0.8333333333333334
mutual_lags_LGBM_2,Q_Power,2022-01-02,1386.9839486324254,31.055265835263626,31.020536986344002,16.05041891829447,37.2422334001658,31.055265835263626,6.161055824271311,6.15411174485044,6.196336866993615,1.2841261146403535,1.0,1.0
mutual_lags_LGBM_2,Q_Power,2022-01-03,19410.333843164244,114.42376652961467,79.89831168230482,42.11936849246026,139.3209741681569,114.42376652961467,17.964259556219982,15.818983627746922,17.375436710834943,-105.96049369046015,0.6666666666666666,1.0
mutual_lags_LGBM_2,Q_Power,2022-01-04,5537.9509131671875,56.81484260023475,43.058364734209455,22.34141791033942,74.41741001383471,56.81484260023475,8.011933741134204,7.962298357563332,7.447952361319403,15.259442411511452,0.9166666666666666,1.0
mutual_lags_LGBM_2,Q_Power,2022-01-05,6677.311975207696,67.04475728806374,50.69239792557198,26.487514933346734,81.7148210253666,67.04475728806374,10.313357792872486,9.56840796666637,9.277464554762938,-53.59368866936298,0.875,1.0
mutual_lags_LGBM_2,Q_Power,2022-01-06,21506.271443655565,108.50936024802752,85.0054418258939,44.74802040381502,146.65016687223905,108.50936024802752,18.271493235236033,15.958012668097446,15.573643379695374,-70.99314744637825,0.5833333333333334,0.9583333333333334
mutual_lags_LGBM_2,Q_Power,2022-01-07,132322.96322698286,265.29062790678546,215.31481542265655,112.2953090641256,363.76223447051626,265.29062790678546,54.92388488374104,37.458556237371695,57.13468538346749,-265.29062790678546,0.5,0.7083333333333334
mutual_lags_LGBM_2,Q_Power,2022-01-08,8408.851776285777,79.44740739153893,51.39749689744718,26.91360257913888,91.69979158256456,79.44740739153893,16.857556171598542,15.270601354691596,17.43079996523356,-79.44740739153893,0.9583333333333334,1.0
mutual_lags_LGBM_2,Q_Power,2022-01-09,38112.73594913472,137.58687669343902,102.48660443229842,53.80622479838791,195.22483435550592,137.58687669343902,16.669502161699622,19.467543462102412,21.439743928543837,128.54236908301888,0.5833333333333334,0.8333333333333334
mutual_lags_LGBM_2,Q_Power,2022-01-10,7845.5858138753565,73.97270218465259,47.50416231475648,24.836005800144125,88.57531153699296,73.97270218465259,9.494801190222333,9.647270070602065,9.889729226866217,5.952451080134189,0.9166666666666666,1.0
mutual_lags_LGBM_2,Q_Power,2022-01-11,7218.192507720385,71.22458526404236,51.93646939978388,27.108697647437424,84.95994649080463,71.22458526404236,11.017254865451195,10.335872109097117,9.54033791732673,-26.97473144736494,0.75,1.0
mutual_lags_LGBM_2,Q_Power,2022-01-12,13059.429030290325,96.47014438831512,67.98981602169198,35.752398564562704,114.27785888040746,96.47014438831512,15.369351437187753,13.81692328153,13.873110823414002,-95.2363465808963,0.7083333333333334,1.0
mutual_lags_LGBM_2,Q_Power,2022-01-13,3250.6847414796284,46.179367571791964,37.87156399944252,19.66950986989207,57.014776518720375,46.179367571791964,6.847075323152131,6.721638260978009,6.71175155013963,-15.407946344181566,0.9583333333333334,1.0
mutual_lags_LGBM_2,Q_Power,2022-01-14,35747.223415717075,151.85255470016617,114.70370769045432,60.30960880097357,189.0693613881347,151.85255470016617,29.656441285869867,24.254042473475636,23.45301028365944,-15.664817859440431,0.5416666666666666,0.7916666666666666
mutual_lags_LGBM_2,Q_Power,2022-01-15,15819.116610613486,88.88197197238894,64.99053992922535,34.15958324818237,125.77406970680994,88.88197197238894,18.846309097655,15.997498208527979,17.96631037981623,-80.7490713294972,0.7916666666666666,1.0
mutual_lags_LGBM_2,Q_Power,2022-01-16,5100.199512182792,53.31938542767776,41.741535424362176,21.750651343981616,71.41568113644784,53.31938542767776,10.143877464897637,9.348718274210228,10.439173868026286,-46.742010466962505,1.0,1.0
mutual_lags_LGBM_2,Q_Power,2022-01-17,9846.218428853697,72.20651016020597,50.741274755146684,26.507834076657574,99.22811309731581,72.20651016020597,9.090653909862766,9.370764738799304,10.075209845495651,30.85011082853495,0.8333333333333334,1.0
mutual_lags_LGBM_2,Q_Power,2022-01-18,11751.922398714034,96.8341425583741,62.2017820579044,32.53136887321326,108.40628394476971,96.8341425583741,13.535308734173332,14.11533292547931,13.094321266831068,58.003346022828076,0.875,1.0
mutual_lags_LGBM_2,Q_Power,2022-01-19,10832.468528877882,74.90606331659595,51.62471112766091,27.058260970673313,104.07914550416852,74.90606331659595,10.301107992749193,10.29930609588971,10.992964971616663,-3.4116522944273577,0.875,1.0
mutual_lags_LGBM_2,Q_Power,2022-01-20,6740.045213455992,55.508171851189296,48.08323240378513,25.09142375036502,82.09777837101313,55.508171851189296,9.729413424333817,8.884390389383212,8.490896093797478,-44.45597668191687,0.875,1.0
mutual_lags_LGBM_2,Q_Power,2022-01-21,13570.562765386137,95.31225292802434,64.51215858035607,33.851881433844945,116.49275842465975,95.31225292802434,14.18417197720039,13.542006043988298,14.92460409912301,-53.32924425669464,0.9166666666666666,1.0
mutual_lags_LGBM_2,Q_Power,2022-01-22,2699.8420706044694,44.83196656976137,36.32159496459887,18.876825503571535,51.96000452852626,44.83196656976137,8.352078689538288,8.181376618230178,8.262624290047482,-3.635496116067621,1.0,1.0
mutual_lags_LGBM_2,Q_Power,2022-01-23,3591.4759316618342,51.44351270935764,39.511274399986455,20.513644170329112,59.928923998865805,51.44351270935764,9.369333627215193,9.689684595936528,9.470891095753236,21.43461933925929,1.0,1.0
mutual_lags_LGBM_2,Q_Power,2022-01-24,23642.323227616216,123.24122636789457,88.09826711616155,46.34945531450766,153.76060362659942,123.24122636789457,18.126601402341116,16.019944935352296,18.432729040965384,-108.76657891947336,0.5833333333333334,1.0
mutual_lags_LGBM_2,Q_Power,2022-01-25,6068.173071309949,53.35701427748765,44.9654181267555,23.427492052978078,77.89847926185689,53.35701427748765,6.817078181736007,7.220147117882142,6.741997918593357,31.741730827570603,0.9166666666666666,0.9583333333333334
mutual_lags_LGBM_2,Q_Power,2022-01-26,7022.198822939361,76.2268185386797,54.027122525712194,28.22688932691136,83.79856098370283,76.2268185386797,11.207335608879974,11.074453844404129,9.774392093308716,-15.982106911407476,0.7916666666666666,1.0
mutual_lags_LGBM_2,Q_Power,2022-01-27,14785.712838160056,87.20361907545949,60.5324376229828,31.729028331786385,121.59651655438184,87.20361907545949,10.913289756900806,10.186783405691447,12.267081987052505,-64.05519426603551,0.8333333333333334,1.0
mutual_lags_LGBM_2,Q_Power,2022-01-28,5250.511284457037,59.85216668289882,46.82227619223337,24.421518436511395,72.46041184299905,59.85216668289882,9.108771489472423,9.184491953823592,8.419950647355943,6.756867605696404,0.875,1.0
mutual_lags_LGBM_2,Q_Power,2022-01-29,11052.488233300659,87.36320683837887,58.65949935181653,30.735975293093663,105.13081486082308,87.36320683837887,15.904613338845417,14.505844920047242,15.72482686196803,-58.77992388803383,0.9166666666666666,1.0
mutual_lags_LGBM_2,Q_Power,2022-01-30,3171.0006221957797,44.571645818022745,39.370032600999934,20.404357189960944,56.311638425779975,44.571645818022745,7.618101086056976,8.068032795151817,7.812220199026838,36.20257060833606,0.875,1.0
mutual_lags_LGBM_2,Q_Power,2022-01-31,23027.931969926416,110.92207595310019,81.66317887261111,42.95535468232978,151.74956991677576,110.92207595310019,14.715302276117804,13.211856248369603,16.13910859037887,-93.79588620517949,0.7083333333333334,1.0
mutual_lags_LGBM_2,Q_Power,2022-02-01,2663.5000730571046,46.3287005685899,34.224485499231896,17.691466068853305,51.609108431139404,46.3287005685899,6.1235580133352085,6.288049050333948,5.8550355373330465,14.941622327464728,1.0,1.0
mutual_lags_LGBM_2,Q_Power,2022-02-02,6929.399655840726,68.33575020509339,47.312981247233544,24.661147864067967,83.24301565801618,68.33575020509339,8.674927820682461,8.95153444629972,8.823208548107603,43.99096187513006,0.9583333333333334,1.0
mutual_lags_LGBM_2,Q_Power,2022-02-03,8997.355689775195,69.72463849278894,48.60965178443947,25.336784434385013,94.85439204262076,69.72463849278894,9.000756459949018,8.852227390764455,9.35775580362219,-2.7293185381375955,0.9166666666666666,1.0
mutual_lags_LGBM_2,Q_Power,2022-02-04,4967.888472720405,57.93650661468377,41.27805683973934,21.450495239568095,70.48324958967488,57.93650661468377,7.577118007473199,7.596706213330838,7.691920489195782,12.393757306531901,1.0,1.0
mutual_lags_LGBM_2,Q_Power,2022-02-05,7507.9506866261945,62.21045118098939,46.40443880624434,24.208856857557446,86.64843153009865,62.21045118098939,10.902040222770955,9.931929135775007,11.063077611877365,-55.37908756849351,0.9583333333333334,1.0
mutual_lags_LGBM_2,Q_Power,2022-02-06,4667.0913394599675,57.29850624908433,41.29673346078945,21.447932108669857,68.3161133222607,57.29850624908433,9.14943171257445,9.738897967545727,9.61021531285745,57.067292430219766,1.0,1.0
mutual_lags_LGBM_2,Q_Power,2022-02-07,8806.333946955498,77.06660351055126,54.83508828446836,28.673461155418703,93.84206917452053,77.06660351055126,10.74024076565436,10.75834585547219,10.95571440398774,27.4462153199599,0.8333333333333334,1.0
mutual_lags_LGBM_2,Q_Power,2022-02-08,26855.607146513037,135.50957010848828,95.61922523704914,50.43466551962822,163.8768047849147,135.50957010848828,22.019500005965085,18.826352675066254,20.27144921029033,-124.22052187762601,0.5833333333333334,1.0
mutual_lags_LGBM_2,Q_Power,2022-02-09,52730.83517621054,163.88693613413076,124.56895397951375,65.66143402486729,229.6319559125222,163.88693613413076,25.606860125568303,20.831298979267906,26.79532984003773,-163.88693613413076,0.625,0.8333333333333334
mutual_lags_LGBM_2,Q_Power,2022-02-10,15629.844253736655,98.09134679118576,64.31465592166256,33.76117798423306,125.01937551330455,98.09134679118576,15.263712079106181,13.819225347341463,14.353430903012258,-66.87767531709444,0.7083333333333334,1.0
mutual_lags_LGBM_2,Q_Power,2022-02-11,13170.606786941467,74.40537485562794,58.3882113650641,30.640196034472638,114.76326410024014,74.40537485562794,11.00762266658566,9.952321983196448,11.457336416473032,-45.06046065924928,0.875,1.0
mutual_lags_LGBM_2,Q_Power,2022-02-12,6743.0519682637205,61.71734319048824,44.70239746465839,23.33004393280522,82.11608836436207,61.71734319048824,10.550328402004999,9.851019202156717,10.686754518817905,-36.27551174944159,1.0,1.0
mutual_lags_LGBM_2,Q_Power,2022-02-13,1834.3242464290481,36.1093018566993,32.73335265115188,16.89216482774667,42.82901173771172,36.1093018566993,5.648007797266595,5.870413506897408,5.790923238986336,34.28186739516071,1.0,1.0
mutual_lags_LGBM_2,Q_Power,2022-02-14,10008.59431699207,69.0016749745094,47.60121080118176,24.815831385358308,100.04296235614012,69.0016749745094,7.563723823395234,7.819051321129157,8.133273412739982,38.09776536509255,0.9166666666666666,1.0
mutual_lags_LGBM_2,Q_Power,2022-02-15,8073.358018211543,69.86284354559626,46.028927974940665,24.043856390872207,89.85186708250164,69.86284354559626,7.339284006026585,7.720377904131327,7.892323039493476,52.09147858540174,0.9583333333333334,1.0
mutual_lags_LGBM_2,Q_Power,2022-02-16,9039.315871770546,79.87126269803642,56.006401790930234,29.291012133654522,95.07531683760274,79.87126269803642,10.574019296134352,10.376610328662094,9.830158021942605,-4.182213718309427,0.7916666666666666,0.9583333333333334
mutual_lags_LGBM_2,Q_Power,2022-02-17,19050.300165683544,93.09511696617817,66.42696983722598,34.83820544170247,138.0228247996814,93.09511696617817,12.287606511188976,11.51998574800387,13.102069484886886,-42.32305676766339,0.7916666666666666,1.0
mutual_lags_LGBM_2,Q_Power,2022-02-18,60660.37031008403,206.45233796165016,148.47918067949533,78.11921180035529,246.2932607890115,206.45233796165016,21.680593538603677,24.97301578656011,23.19102900521218,206.45233796165016,0.2916666666666667,0.7916666666666666
mutual_lags_LGBM_2,Q_Power,2022-02-19,16855.92703754085,101.71399769034628,75.86912279460346,39.84284631167273,129.83037794576757,101.71399769034628,12.750420198483884,13.682984697702175,13.932470062371928,81.03580360798505,0.625,0.9166666666666666
mutual_lags_LGBM_2,Q_Power,2022-02-20,7221.153113684796,79.2378245633303,50.721807982559824,26.432710905075506,84.97736824404952,79.2378245633303,12.427070653184176,13.364199304379104,12.585173350803915,79.2378245633303,0.9166666666666666,1.0
mutual_lags_LGBM_2,Q_Power,2022-02-21,8507.011005772058,80.84221912542164,53.818385722824814,28.072835640796868,92.23345925298507,80.84221912542164,10.863406419948921,11.614575984721158,10.209499363345188,66.8182405996941,0.875,1.0
mutual_lags_LGBM_2,Q_Power,2022-02-22,7933.179883834695,72.59416164952279,46.96845946048603,24.455613937110755,89.06840002961036,72.59416164952279,7.844780920877303,8.241900444276297,8.2858224168381,66.06540091448859,0.9166666666666666,1.0
mutual_lags_LGBM_2,Q_Power,2022-02-23,14847.02237113007,93.70374181461143,68.57892405743537,36.04086482092348,121.84835809780151,93.70374181461143,11.151873812570921,11.107814301197811,11.306635513075285,0.2631497755950913,0.625,0.9583333333333334
mutual_lags_LGBM_2,Q_Power,2022-02-24,24890.9902446113,137.52066761632736,97.16655527195144,51.20404466728229,157.76878729524196,137.52066761632736,13.72508089904432,14.946026348641759,14.42045484363523,125.05230652507623,0.4166666666666667,0.9166666666666666
mutual_lags_LGBM_2,Q_Power,2022-02-25,54529.42463569636,153.97744420710268,127.34729410851632,66.665162185026,233.51536274021964,153.97744420710268,23.869622340593242,18.757338256608858,20.11199636978875,-125.62373846029074,0.5416666666666666,0.7916666666666666
mutual_lags_LGBM_2,Q_Power,2022-02-26,25557.792685496377,132.34045857648744,89.64990368039143,47.179111033645576,159.8680477315476,132.34045857648744,20.733948559066437,18.22244217654584,21.589422064314107,-132.34045857648744,0.6666666666666666,1.0
mutual_lags_LGBM_2,Q_Power,2022-02-27,8164.63092251667,51.98138245343758,46.3325045167883,24.168849812403426,90.35834727636772,51.98138245343758,6.8147590176661765,7.444133808606914,8.223763712055307,51.49694311973545,0.875,1.0
mutual_lags_LGBM_2,Q_Power,2022-02-28,12409.034400571787,91.08822525053284,64.08273522370514,33.65636643397549,111.39584552653562,91.08822525053284,14.68985014180586,13.322964614197758,13.432612619666035,-66.94020058100132,0.6666666666666666,1.0
own_lags_LGBM_0,Q_Power,2022-01-01,1902.1855786460656,37.859263399874834,36.64747306750862,19.03555654022229,43.61405253637944,37.859263399874834,8.298970288450931,7.901506797235615,8.157785633070237,-29.247448893932386,0.9166666666666666,1.0
own_lags_LGBM_0,Q_Power,2022-01-02,2974.86984552871,45.95164988529345,40.40803063428331,21.065872552767416,54.54236743604654,45.95164988529345,9.75659224410306,9.131600686920766,9.168554659741803,-44.695694958947676,1.0,1.0
own_lags_LGBM_0,Q_Power,2022-01-03,18759.714814063514,117.05644994697171,77.9974842440247,40.94113707818531,136.96610826793435,117.05644994697171,19.754943483636982,17.461943561035838,17.77521400785403,-85.62591297355162,0.75,0.9166666666666666
own_lags_LGBM_0,Q_Power,2022-01-04,8696.848132377889,73.07673083188735,48.402630212206056,25.325303008296032,93.25689321641532,73.07673083188735,10.971484279009767,10.776754579851703,9.579750379430058,8.61049110874711,0.9166666666666666,1.0
own_lags_LGBM_0,Q_Power,2022-01-05,8803.647855212768,75.8144227972073,58.672857423230084,30.733547802096165,93.8277563155635,75.8144227972073,11.28162538089198,10.377653182467094,10.490986151517104,-67.1733066371671,0.7083333333333334,1.0
own_lags_LGBM_0,Q_Power,2022-01-06,17820.728218159977,103.1704075608158,80.4631454627836,42.34309637863411,133.49430032087503,103.1704075608158,17.648690344043285,15.536753874376178,14.807378193156197,-51.200202584655194,0.5833333333333334,0.8333333333333334
own_lags_LGBM_0,Q_Power,2022-01-07,62016.4523273517,188.88508617056962,148.76122262108356,77.9603725663572,249.03102683672108,188.88508617056962,39.01416266750914,29.71242071673632,40.679499525239784,-187.60524145425953,0.5,0.75
own_lags_LGBM_0,Q_Power,2022-01-08,8586.855314915058,76.07249242126505,53.37536116987324,27.92199445621108,92.66528646108561,76.07249242126505,15.999453585740623,14.43121283631155,16.69034197323644,-76.07249242126505,1.0,1.0
own_lags_LGBM_0,Q_Power,2022-01-09,46939.62786833241,150.0140631522165,111.9384121008009,58.84499834277062,216.65555120590014,150.0140631522165,17.782656896287012,21.309178255925552,23.376234543285452,143.22557026067346,0.5833333333333334,0.8333333333333334
own_lags_LGBM_0,Q_Power,2022-01-10,9675.006815574057,77.55337677871871,50.27498347936339,26.256948589346667,98.3616125100339,77.55337677871871,8.89226717960666,9.201467144541377,10.368445038767165,20.61170157866313,0.9583333333333334,1.0
own_lags_LGBM_0,Q_Power,2022-01-11,9184.968074306324,77.57939388656324,57.56116272312013,30.21856384945727,95.83823910270014,77.57939388656324,12.067066856038105,11.244900134029196,10.391547109125256,-32.96152741564246,0.75,1.0
own_lags_LGBM_0,Q_Power,2022-01-12,16451.998426404884,111.8832850021828,82.84413433567848,43.63663261828301,128.26534382445197,111.8832850021828,18.321235231369823,16.265274512870455,16.089632932185193,-111.8832850021828,0.5416666666666666,0.9583333333333334
own_lags_LGBM_0,Q_Power,2022-01-13,7117.187896635741,74.49011590076482,53.031157499238304,27.752116254481063,84.36342748274124,74.49011590076482,11.04433101188217,10.438148190970375,10.82646162465924,-61.269646201778926,1.0,1.0
own_lags_LGBM_0,Q_Power,2022-01-14,32472.139200782247,127.8597511044624,105.07074900770704,54.763165849889866,180.2002752516828,127.8597511044624,30.1318680449477,22.093739788327028,19.747419221494415,-103.2120090932727,0.6666666666666666,0.75
own_lags_LGBM_0,Q_Power,2022-01-15,7967.249690015237,70.44174351827114,48.09201582583165,25.06237001178975,89.25945154444562,70.44174351827114,14.747955796818202,13.63836945792681,14.238863063679748,-13.726354951237909,0.875,1.0
own_lags_LGBM_0,Q_Power,2022-01-16,2051.4547344971334,32.815849199288884,32.54531862792535,16.858965896630945,45.29298769674102,32.815849199288884,6.340651726503068,6.119840176976312,6.424874418010109,-13.116897957666616,1.0,1.0
own_lags_LGBM_0,Q_Power,2022-01-17,7312.59964899845,56.66433491873323,40.48289298614777,21.127551444165785,85.51373953347175,56.66433491873323,6.767971997097049,6.6387947257380455,7.906559447271529,-16.999858523503587,0.9166666666666666,1.0
own_lags_LGBM_0,Q_Power,2022-01-18,6578.821081046958,63.84076870646746,39.95910089789411,20.794642578344426,81.10993207398806,63.84076870646746,8.572746520246634,8.540807380409275,8.63281806683017,16.229102981902486,0.9583333333333334,1.0
own_lags_LGBM_0,Q_Power,2022-01-19,10486.33527376743,77.80728131021174,53.9583012702389,28.308382145892054,102.40280891541711,77.80728131021174,11.29658507374905,10.9397228648293,11.418738084856432,-16.609921667379393,0.875,1.0
own_lags_LGBM_0,Q_Power,2022-01-20,10219.739196041633,80.71935245902675,63.80023216761691,33.47825093372187,101.092725732575,80.71935245902675,14.889137734689688,13.347948246336557,12.347364570493012,-74.96779785231803,0.7083333333333334,0.9583333333333334
own_lags_LGBM_0,Q_Power,2022-01-21,14586.61889665634,96.95366311192545,67.6947164029556,35.45344118285672,120.77507564334762,96.95366311192545,13.839526615201594,13.031171466056737,15.181626637216747,-66.8939861558941,0.8333333333333334,1.0
own_lags_LGBM_0,Q_Power,2022-01-22,2432.3398189236077,39.87651882657179,35.38622241122162,18.32804322798871,49.3187572727011,39.87651882657179,7.410356877192487,7.1648660755765885,7.349325007776955,-12.247044316634652,1.0,1.0
own_lags_LGBM_0,Q_Power,2022-01-23,2959.368422773127,47.16914013512408,36.415326474891444,18.914559285211592,54.400077415139094,47.16914013512408,8.63159384696753,8.66093200577724,8.683967438693623,0.5097939772055587,1.0,1.0
own_lags_LGBM_0,Q_Power,2022-01-24,19073.55854669124,114.49355604377119,79.37738967524434,41.66162093958181,138.1070546593882,114.49355604377119,16.72265394465048,15.220933356065242,17.12437272566126,-88.66694002500913,0.5833333333333334,1.0
own_lags_LGBM_0,Q_Power,2022-01-25,9543.389549622005,79.17327536524938,57.71225952753383,30.28617520278114,97.69027356713669,79.17327536524938,11.063576714716993,12.006207934257098,10.004046608468958,59.49598815893006,0.7916666666666666,1.0
own_lags_LGBM_0,Q_Power,2022-01-26,11803.661367943498,91.38947754900408,69.34777760611831,36.40833948645866,108.64465641688733,91.38947754900408,13.635934638837998,14.352815978472854,11.71866547615818,28.000308685600483,0.6666666666666666,0.875
own_lags_LGBM_0,Q_Power,2022-01-27,17417.215205989545,90.93861090072876,64.1835066621959,33.708094384002244,131.9742975203488,90.93861090072876,11.299411224254264,10.417569211272964,12.792489664248816,-59.99602714982507,0.8333333333333334,1.0
own_lags_LGBM_0,Q_Power,2022-01-28,5028.5464321435575,58.97178746040783,43.826472096131134,22.80824981912644,70.91224458542796,58.97178746040783,8.201624571518758,8.315546561148876,8.296099665592743,-8.790815343485527,0.9583333333333334,1.0
own_lags_LGBM_0,Q_Power,2022-01-29,7327.7962352678005,67.09920581975251,47.616784884300564,24.86051542243744,85.60254806527549,67.09920581975251,12.074089577719088,11.133497070119668,12.077434337353646,-45.09416945018637,1.0,1.0
own_lags_LGBM_0,Q_Power,2022-01-30,7331.377959303606,72.2500166630576,52.5313747848843,27.500906374783558,85.62346617197652,72.2500166630576,12.569151431803046,12.346931217450944,12.663500061443392,-17.053774968663827,0.9166666666666666,1.0
own_lags_LGBM_0,Q_Power,2022-01-31,7170.414185698563,74.33843641749691,48.73388912072062,25.488430143240986,84.67829819793596,74.33843641749691,10.743100588516667,10.882055468164625,10.816206670061206,-3.5888030585264374,0.9583333333333334,1.0
own_lags_LGBM_0,Q_Power,2022-02-01,5820.788617173028,65.90649613675738,43.24088155820534,22.545588360973586,76.29409293761233,65.90649613675738,8.881413125362814,9.452313755442667,8.329283409330959,60.73627866581301,0.9583333333333334,1.0
own_lags_LGBM_0,Q_Power,2022-02-02,11216.193188665087,85.45093198134428,54.83310813074204,28.722370106129755,105.90653043445946,85.45093198134428,10.475805351732797,11.093997492863572,11.03304480069003,68.09268608148152,0.9166666666666666,0.9583333333333334
own_lags_LGBM_0,Q_Power,2022-02-03,9619.221375849185,83.19729714764219,53.25844742535656,27.857866280527404,98.07762933436547,83.19729714764219,10.743031345219729,10.739524641503868,11.165923654226571,-12.239800312431589,0.9166666666666666,1.0
own_lags_LGBM_0,Q_Power,2022-02-04,5636.468386055312,67.87486624971055,47.56998323331171,24.873724455261527,75.07641697667326,67.87486624971055,9.56598287531497,9.385718823691008,9.011383407698432,-25.593697342433625,0.9583333333333334,1.0
own_lags_LGBM_0,Q_Power,2022-02-05,5672.85452259966,70.25080999219023,47.718379491047905,24.905270032091906,75.31835448680262,70.25080999219023,12.385159531637635,12.16060593443416,12.492919573590047,-14.583850901984642,0.9583333333333334,1.0
own_lags_LGBM_0,Q_Power,2022-02-06,3721.588087530287,53.401166665845125,38.628132438693605,20.079246195897344,61.00482019914727,53.401166665845125,8.952787361485253,9.50281499453488,8.956546046516856,53.0252693171391,1.0,1.0
own_lags_LGBM_0,Q_Power,2022-02-07,10912.864119729618,91.43195394530153,63.952109907309165,33.549351558322535,104.46465488254684,91.43195394530153,14.684356751108337,13.597065223059577,12.997878837181913,-54.838244503258274,0.75,1.0
own_lags_LGBM_0,Q_Power,2022-02-08,25202.968966438697,129.86403933431814,96.01504813369517,50.49488664843457,158.7544297537511,129.86403933431814,21.73880065438906,18.545567116214556,19.426910405672334,-110.07298671922392,0.625,0.875
own_lags_LGBM_0,Q_Power,2022-02-09,63453.06570417475,170.43820030596848,136.7803862486545,71.21877421120928,251.8989196169264,170.43820030596848,26.502966899467612,21.155885621666148,27.86645416815344,-149.1670236541589,0.75,0.75
own_lags_LGBM_0,Q_Power,2022-02-10,15936.090701846486,103.44182078978945,64.05772643915758,33.53857303008501,126.23822995371286,103.44182078978945,15.115857086994719,14.26934414310336,15.136350715509138,-46.09610332028316,0.9166666666666666,0.9583333333333334
own_lags_LGBM_0,Q_Power,2022-02-11,9779.497477674771,71.15857432099135,54.18631530718863,28.35175870439504,98.89134177305297,71.15857432099135,11.187266310529086,10.242251217393388,10.957376755296725,-48.99129085709868,0.875,1.0
own_lags_LGBM_0,Q_Power,2022-02-12,4225.68067016889,57.43328999002872,40.068734069395255,20.80879804321373,65.00523571350918,57.43328999002872,9.938228736766753,9.630202988843523,9.944943181321394,-13.445866135351224,1.0,1.0
own_lags_LGBM_0,Q_Power,2022-02-13,2634.759576647681,44.94438303699163,32.4690197924752,16.79814815003297,51.329909182149166,44.94438303699163,7.119277933441904,7.45548209474902,7.207823436290854,43.34926262458356,1.0,1.0
own_lags_LGBM_0,Q_Power,2022-02-14,15949.849812568951,95.70704407819255,59.3069403588835,31.08508627498126,126.29271480401769,95.70704407819255,10.137607648831407,10.8826169669026,11.28105306575033,76.07897400818796,0.875,1.0
own_lags_LGBM_0,Q_Power,2022-02-15,7298.977925631592,63.43523226507882,42.224156499102975,22.019607662559405,85.43405600597218,63.43523226507882,6.537466996156516,6.8141141383382395,7.166203373822731,37.93254108815091,1.0,1.0
own_lags_LGBM_0,Q_Power,2022-02-16,10933.386497055164,92.68387195322315,60.44078767997498,31.688293745944225,104.56283516171108,92.68387195322315,12.231578968399782,11.976957921919913,11.407070285469224,-8.126891585445605,0.7083333333333334,0.9583333333333334
own_lags_LGBM_0,Q_Power,2022-02-17,37105.499673481914,141.17694782636246,99.3238584961867,52.18883198495513,192.62787875456115,141.17694782636246,19.17461225451674,17.151809184506902,19.869035459263227,-81.86785873200823,0.7916666666666666,0.875
own_lags_LGBM_0,Q_Power,2022-02-18,40803.867030927875,153.87573475439066,105.71111235064656,55.489385229815845,201.99967086836523,153.87573475439066,16.950912409788753,19.310671295200894,17.285038586244,148.03592032034132,0.5416666666666666,0.875
own_lags_LGBM_0,Q_Power,2022-02-19,21819.439143869455,114.05279913292433,85.50524187343649,45.1332352635775,147.71404518145678,114.05279913292433,14.132562986781554,15.399012979596435,15.622601072929845,86.13706977573192,0.625,0.9166666666666666
own_lags_LGBM_0,Q_Power,2022-02-20,9823.734282028325,91.50677037534997,56.84180016892501,29.760940552091824,99.11475309976979,91.50677037534997,14.385150133584194,15.689990573109172,14.533823641581128,91.50677037534997,0.75,1.0
own_lags_LGBM_0,Q_Power,2022-02-21,7017.620879551964,74.149089464847,49.45930177899291,25.799531289566346,83.77124136332208,74.149089464847,10.24099166224877,10.939540145670472,9.364229357800083,54.03145314165342,0.75,1.0
own_lags_LGBM_0,Q_Power,2022-02-22,6593.373696458532,64.28493758677668,40.425347187305455,21.00424715031672,81.19959172593501,64.28493758677668,7.532149883246479,7.781392331281754,7.3374161891027745,39.011645081843824,0.875,1.0
own_lags_LGBM_0,Q_Power,2022-02-23,13268.907663437929,93.87676551722376,59.80515924948554,31.369789492205324,115.19074469521381,93.87676551722376,11.19149263362396,11.142743364190071,11.327513184582052,-5.208318882926349,0.875,1.0
own_lags_LGBM_0,Q_Power,2022-02-24,18639.999335552675,117.75453548853847,76.62014981187126,40.38231919550906,136.52838289364112,117.75453548853847,11.895683936058782,12.848015595423497,12.347772819015201,111.1114273721866,0.5833333333333334,0.9166666666666666
own_lags_LGBM_0,Q_Power,2022-02-25,43752.635783006765,156.41152863292808,121.50476170446125,63.683831849992316,209.17130726513798,156.41152863292808,23.737553782974523,19.880931394947,20.429927982357377,-85.88675741621329,0.5,0.8333333333333334
own_lags_LGBM_0,Q_Power,2022-02-26,1670.498767739451,22.200364801370345,30.574957250414798,15.805675219188887,40.87173556064693,22.200364801370345,3.2090290165974014,3.349267467664286,3.6216668041959004,15.088945545495207,1.0,1.0
own_lags_LGBM_0,Q_Power,2022-02-27,13618.098609311775,89.20867211146306,64.09605545996602,33.723219046427715,116.6966092451352,89.20867211146306,12.99331826053235,14.302451854156942,14.113342236868009,83.97057844180614,0.7083333333333334,1.0
own_lags_LGBM_0,Q_Power,2022-02-28,35756.59739292254,145.78525069752067,109.92345595230442,57.76842943106393,189.09414954705113,145.78525069752067,23.260571430370682,19.77732720900778,21.49868210621699,-120.45670867906898,0.5416666666666666,0.875
own_lags_LGBM_1,Q_Power,2022-01-01,14473.778105495185,105.21992759000523,74.16115145613826,39.00659846791484,120.3070160277246,105.21992759000523,22.53210135027206,19.75504458114276,22.67243301963643,-105.21992759000523,0.625,0.9583333333333334
own_lags_LGBM_1,Q_Power,2022-01-02,1655.7697629833774,31.45422177261321,31.425263852751538,16.246161790346424,40.691150917409274,31.45422177261321,5.8750677887658895,5.962907288423569,6.275938999399069,6.046910076904584,1.0,1.0
own_lags_LGBM_1,Q_Power,2022-01-03,28532.57838791231,137.7947236944291,101.92877640967578,53.467003455889056,168.91589146055,137.7947236944291,21.70754694133708,18.556096550172022,20.924354906809274,-131.5696670006209,0.4583333333333333,0.8333333333333334
own_lags_LGBM_1,Q_Power,2022-01-04,9993.196664768422,83.31413174472463,56.24169553856516,29.422752822462105,99.96597753620189,83.31413174472463,13.780041160806492,12.979016124023138,10.921788319041013,-10.515927792598537,0.6666666666666666,1.0
own_lags_LGBM_1,Q_Power,2022-01-05,13526.03047796339,95.93039523919434,71.16453655632402,37.35274794089721,116.30146378254828,95.93039523919434,14.186342430332092,12.860654426877991,13.274577723237933,-90.41720058076596,0.625,0.9583333333333334
own_lags_LGBM_1,Q_Power,2022-01-06,21334.360387012868,115.29983630860704,90.51893570492223,47.65398302673816,146.06286450365428,115.29983630860704,18.71326731623586,16.814071479852053,16.548236283976614,-37.31282466936342,0.5416666666666666,0.9583333333333334
own_lags_LGBM_1,Q_Power,2022-01-07,76369.75903751796,200.8033287050107,160.99657450131056,83.95040315900681,276.35078982611566,200.8033287050107,41.392714181353945,30.5618769568013,43.2462884197514,-200.8033287050107,0.5833333333333334,0.7083333333333334
own_lags_LGBM_1,Q_Power,2022-01-08,9350.904741045737,75.76464874149728,52.602288161422855,27.51209405373196,96.70007622047532,75.76464874149728,15.746409836971917,14.101463130689416,16.622800919616548,-75.1689546395646,0.875,1.0
own_lags_LGBM_1,Q_Power,2022-01-09,36285.1436136602,136.63169093152754,98.21898431192703,51.6331097800558,190.48659693968025,136.63169093152754,16.864704155124784,19.495847206010144,21.29090024060111,120.01275314857632,0.5833333333333334,0.875
own_lags_LGBM_1,Q_Power,2022-01-10,10108.992549315202,80.59838967673764,50.715165415873,26.501461236481152,100.54348586216415,80.59838967673764,10.277915453051671,10.219496587212353,10.775545930911813,-10.872139305196596,0.875,1.0
own_lags_LGBM_1,Q_Power,2022-01-11,10405.83997169073,81.3299972408239,61.604037095688284,32.323777761606486,102.00901907032892,81.3299972408239,12.851461114378251,11.774771439610522,10.8939301452757,-43.60285100261632,0.75,0.9583333333333334
own_lags_LGBM_1,Q_Power,2022-01-12,16138.27776895511,112.80374093998712,82.26455261674438,43.29414575882095,127.03652139819914,112.80374093998712,18.806280972983668,16.671415479982766,16.222001213731748,-109.18998639787533,0.5416666666666666,0.9583333333333334
own_lags_LGBM_1,Q_Power,2022-01-13,4682.295930010593,60.5052404860153,44.835401195368966,23.390679888461744,68.42730398028694,60.5052404860153,9.713000248645825,9.260512527498497,8.793887031741047,-44.9635096855991,1.0,1.0
own_lags_LGBM_1,Q_Power,2022-01-14,21756.596187231047,109.84678884802274,85.2577393775337,44.682930751219565,147.50117351136922,109.84678884802274,24.33290113677794,19.273639324380035,16.96539036545314,-79.69724563155054,0.625,0.7916666666666666
own_lags_LGBM_1,Q_Power,2022-01-15,8471.910000138627,72.34833257978836,48.03136914785383,25.08095340676219,92.04297909204497,72.34833257978836,14.937054182206785,14.032770281086007,14.624254725068878,-4.425076109988841,0.9166666666666666,1.0
own_lags_LGBM_1,Q_Power,2022-01-16,3725.5033343976015,48.32804085042192,37.709971840633294,19.603798294402186,61.03690141543558,48.32804085042192,9.19801332825384,8.722470125293224,9.461939913447429,-30.89852748220657,1.0,1.0
own_lags_LGBM_1,Q_Power,2022-01-17,6791.317111640397,58.69964469225823,42.658737223011194,22.23698325118433,82.4094479513144,58.69964469225823,8.1092210131863,7.684034817538232,8.190552857607456,-41.51113899252318,0.9166666666666666,1.0
own_lags_LGBM_1,Q_Power,2022-01-18,6018.0673924059565,67.99080273700376,45.66388209347797,23.82416845143636,77.57620377671208,67.99080273700376,10.125290376765093,10.418964628050063,9.194003176011734,30.57114844716366,0.9583333333333334,1.0
own_lags_LGBM_1,Q_Power,2022-01-19,12620.42571882243,90.54239175077889,60.565657067322626,31.81935226851861,112.34066814303014,90.54239175077889,13.607068093981647,13.328488967246708,13.287700579803182,-8.75386101576914,0.8333333333333334,1.0
own_lags_LGBM_1,Q_Power,2022-01-20,7743.608859331308,63.866043710270986,51.53878807635447,26.990191826064613,87.99777758177366,63.866043710270986,11.226318742582675,10.189880278668591,9.769371301213557,-54.42684451734119,0.875,1.0
own_lags_LGBM_1,Q_Power,2022-01-21,12590.795387447237,93.54973249809514,64.72516370147942,33.953349986771116,112.20871350945629,93.54973249809514,14.040731388012528,13.437405242060732,14.648617341647311,-54.955059832582776,0.8333333333333334,1.0
own_lags_LGBM_1,Q_Power,2022-01-22,2537.648113662358,38.6986119587323,34.484429668891714,17.883822198060233,50.37507432910008,38.6986119587323,7.126327662710631,6.82179845277155,7.132234332477675,-21.872485470427193,1.0,1.0
own_lags_LGBM_1,Q_Power,2022-01-23,3839.899579168917,54.093232569555404,39.704812353849945,20.65770685239106,61.96692326692457,54.093232569555404,9.866487987705336,9.782536741219523,9.958711753956903,-3.5422148672814893,1.0,1.0
own_lags_LGBM_1,Q_Power,2022-01-24,20873.952674639015,118.77800422363669,85.21399642280365,44.85778306340355,144.47820830367124,118.77800422363669,17.566992678422643,15.910259587419628,17.765181606885537,-92.47305465437307,0.5833333333333334,1.0
own_lags_LGBM_1,Q_Power,2022-01-25,4690.118968866168,48.657624256553646,41.286497498619404,21.451964586276002,68.48444326170848,48.657624256553646,6.183919118227304,6.509778248394987,6.1482001177077255,38.32660716919833,0.9166666666666666,1.0
own_lags_LGBM_1,Q_Power,2022-01-26,7278.803738147857,71.31996908003117,53.122774666825,27.846477051861456,85.31590554022068,71.31996908003117,10.170378597205033,10.713667164377206,9.14519791373879,30.460794621455438,0.75,0.9583333333333334
own_lags_LGBM_1,Q_Power,2022-01-27,19338.843092636816,100.38582214905504,71.16195828739873,37.37909374273499,139.0641689747464,100.38582214905504,12.857509634779078,11.761198568168812,14.12144500074627,-78.07559902998943,0.75,1.0
own_lags_LGBM_1,Q_Power,2022-01-28,9106.075931514886,82.38913775109346,54.87598839154767,28.73720764531289,95.42576136198697,82.38913775109346,11.23298148868071,10.807326681598289,11.59043209609699,-48.12111214895803,0.9166666666666666,1.0
own_lags_LGBM_1,Q_Power,2022-01-29,4394.679158413032,54.00212639176641,39.32514405729919,20.464556425053363,66.29237632196505,54.00212639176641,9.684953824100399,9.150391212709781,9.720042549028738,-32.972903373981104,1.0,1.0
own_lags_LGBM_1,Q_Power,2022-01-30,5906.516599069412,66.46095181257293,48.93701855037554,25.591293497370888,76.85386521879958,66.46095181257293,11.476256964466113,11.535768012154517,11.648831463764068,-8.37160579872098,0.9166666666666666,1.0
own_lags_LGBM_1,Q_Power,2022-01-31,25323.71821505191,116.6826911158132,88.46111466877376,46.588621227972034,159.13427731023856,116.6826911158132,15.485605016626877,13.887331203585932,16.97727532012632,-93.56544814652592,0.5416666666666666,1.0
own_lags_LGBM_1,Q_Power,2022-02-01,2658.187421167954,43.931978071813454,33.65523766100146,17.42634173985825,51.5576126403071,43.931978071813454,5.902655196568207,6.114157856213548,5.5521370053317884,29.94092073390185,1.0,1.0
own_lags_LGBM_1,Q_Power,2022-02-02,11365.020830798714,79.88566829893777,56.45439654398145,29.59868337039835,106.60685170662678,79.88566829893777,9.372739544232918,9.983061394551179,10.31448267255491,70.40630449912224,0.8333333333333334,0.9583333333333334
own_lags_LGBM_1,Q_Power,2022-02-03,13836.089001536007,87.90965611379197,58.576500187645024,30.722174653240078,117.62690594220358,87.90965611379197,11.044053488467892,10.721540294849683,11.798370166929534,-21.35654860351742,0.875,1.0
own_lags_LGBM_1,Q_Power,2022-02-04,3848.8840030704087,53.34303969674329,40.08244068280744,20.881589252017786,62.039374618627555,53.34303969674329,7.211060676926174,6.895031452634118,7.082070424580486,-47.43624005873704,1.0,1.0
own_lags_LGBM_1,Q_Power,2022-02-05,790.6590700658993,23.129421611142835,28.28222110069234,14.58675918058043,28.11866053114727,23.129421611142835,4.102590820239118,4.0486073776049025,4.113176830328162,-6.8987458474860714,1.0,1.0
own_lags_LGBM_1,Q_Power,2022-02-06,2555.0982897263398,43.21587683521155,34.4069109552725,17.855852199096873,50.54798007563052,43.21587683521155,7.069304597965763,7.420835204781512,7.24824971029587,43.21587683521155,1.0,1.0
own_lags_LGBM_1,Q_Power,2022-02-07,14285.705542820908,103.286816567716,74.10125163595069,38.9715523914714,119.52282435928674,103.286816567716,16.186120705978958,14.80334939791605,14.683154731972065,-65.78034219838251,0.75,0.9583333333333334
own_lags_LGBM_1,Q_Power,2022-02-08,18691.965231678896,104.50643021917068,79.16747040270302,41.52793452874368,136.71856213286804,104.50643021917068,17.89485367016503,15.340485555789035,15.633558505429624,-96.15631102276761,0.625,0.9166666666666666
own_lags_LGBM_1,Q_Power,2022-02-09,37667.98208051006,131.80688833295116,104.46612690404432,54.90524367143809,194.08241053869375,131.80688833295116,20.624625710131053,17.13281612574776,21.550278084275686,-125.33551968182674,0.75,0.7916666666666666
own_lags_LGBM_1,Q_Power,2022-02-10,15259.152484749904,98.8218159553267,61.43383667262943,32.20093076481202,123.52794212140792,98.8218159553267,14.508162871115852,13.559126219575992,14.460318401423281,-51.285298466566466,0.9166666666666666,1.0
own_lags_LGBM_1,Q_Power,2022-02-11,10111.39740727938,69.73633809549308,53.76707872022141,28.166495542790823,100.55544444374647,69.73633809549308,10.686910609355726,9.730377686972979,10.738373236655141,-49.52396003685186,0.875,1.0
own_lags_LGBM_1,Q_Power,2022-02-12,4107.5839749200395,50.10241278280696,38.93879309100922,20.249815636935917,64.09043590833221,50.10241278280696,8.765250368792733,8.26099850189886,8.675554690644265,-32.642915395380015,1.0,1.0
own_lags_LGBM_1,Q_Power,2022-02-13,1677.9831747726264,31.157272385898803,30.60344564049485,15.829058665922638,40.96319292697563,31.157272385898803,4.796776004415574,4.98010012427447,4.996756055793249,27.040160702310967,1.0,1.0
own_lags_LGBM_1,Q_Power,2022-02-14,27655.057589788066,137.94054437689525,88.2986616277086,46.51817749303776,166.2980985753838,137.94054437689525,14.934225748327668,16.415730856096197,16.259143890839418,124.21968997990565,0.75,0.9166666666666666
own_lags_LGBM_1,Q_Power,2022-02-15,6585.98251935084,70.13880251020531,44.31158265775888,23.116492766651163,81.15406656077587,70.13880251020531,7.658080204336319,7.932443816099532,7.923497798260878,52.574044107147756,0.9583333333333334,1.0
own_lags_LGBM_1,Q_Power,2022-02-16,12409.420345908822,94.97999582158859,66.42778143824067,34.910011804290534,111.3975778278362,94.97999582158859,12.691760930423058,12.02232909211726,11.689665798567846,-35.71449880137795,0.5833333333333334,0.9583333333333334
own_lags_LGBM_1,Q_Power,2022-02-17,27557.58805312964,114.63444238835416,81.4825113650727,42.77857067381611,166.0047832236458,114.63444238835416,15.065634023836584,13.536158375912741,16.133482383175295,-74.08348205842982,0.7916666666666666,0.9166666666666666
own_lags_LGBM_1,Q_Power,2022-02-18,38338.62601041035,146.65519676529428,100.02651679386008,52.62224464336538,195.80251788577783,146.65519676529428,15.09553195911357,17.01934660365122,16.473947234159258,146.18330339446928,0.7083333333333334,0.9166666666666666
own_lags_LGBM_1,Q_Power,2022-02-19,23116.189871377745,116.21639800043802,87.34779675772718,45.9066280920979,152.04009297345797,116.21639800043802,14.23934951299091,15.783480537448765,15.91896418059558,107.92112519120963,0.7083333333333334,0.875
own_lags_LGBM_1,Q_Power,2022-02-20,8653.856325078008,86.4543000780139,54.34776687706462,28.416619633160593,93.02610561061883,86.4543000780139,13.66523162786101,14.831762682763907,13.731350644724163,86.4543000780139,0.875,1.0
own_lags_LGBM_1,Q_Power,2022-02-21,4108.792430918881,54.47958806172653,37.37649938082359,19.416861732736738,64.099862955539,54.47958806172653,7.179151882759753,7.499675616661294,6.880183716488301,41.25789418793334,1.0,1.0
own_lags_LGBM_1,Q_Power,2022-02-22,13472.364508983002,89.63454063683064,56.46848603059994,29.536037505684977,116.07051524389388,89.63454063683064,9.97715624830804,10.562955336892331,10.230793623835712,69.55660165124739,0.875,1.0
own_lags_LGBM_1,Q_Power,2022-02-23,18454.037774366854,108.78588257334481,74.34260822889023,39.07436113327159,135.84563951178873,108.78588257334481,12.781799300865234,12.706204093913506,13.12650166797524,-6.171468519298742,0.6666666666666666,0.9583333333333334
own_lags_LGBM_1,Q_Power,2022-02-24,27415.234361026814,138.76361288858007,98.6684992241246,52.08019311258645,165.57546424825998,138.76361288858007,13.338185824745016,14.50551901623438,14.550790425059517,128.46373962696006,0.4166666666666667,0.9583333333333334
own_lags_LGBM_1,Q_Power,2022-02-25,41323.368156954806,143.68735538824174,116.09382811735298,60.64688124375419,203.28149979020424,143.68735538824174,21.951492167884243,18.107907584890395,18.767940881431784,-96.5944024508741,0.5,0.8333333333333334
own_lags_LGBM_1,Q_Power,2022-02-26,994.7944136349475,26.149654527448973,27.93662508186712,14.41001113585383,31.540361659862867,26.149654527448973,4.188732448660494,4.214312134060788,4.2659360145923,1.3381772578920466,1.0,1.0
own_lags_LGBM_1,Q_Power,2022-02-27,7292.345217992234,55.40642067401412,45.939992003388475,24.004420723584776,85.39522948029494,55.40642067401412,7.509786038431186,8.062594593129193,8.76562511899288,49.0475538971254,0.875,1.0
own_lags_LGBM_1,Q_Power,2022-02-28,32782.71929580668,135.37670399278127,106.51352999712901,55.89808219663206,181.05998811390296,135.37670399278127,21.693123525089195,18.282411593733762,19.963752916039926,-114.8198303851595,0.5416666666666666,0.875
own_lags_LGBM_2,Q_Power,2022-01-01,30469.777969731982,145.60497143552126,110.09353661978123,58.1501910454738,174.5559450999363,145.60497143552126,30.65962372194027,25.36302878748901,31.374465253970698,-145.60497143552126,0.375,1.0
own_lags_LGBM_2,Q_Power,2022-01-02,1981.1710066435646,38.71183197354602,34.676748846264324,17.992003084435687,44.51034718628428,38.71183197354602,7.895954458148936,7.664234428623221,7.724021842832477,-16.437686909775536,1.0,1.0
own_lags_LGBM_2,Q_Power,2022-01-03,13869.45167757587,99.73262425364688,69.36223898268418,36.4024606976231,117.76863622194098,99.73262425364688,16.17305656134994,14.471832324637985,15.144562648846405,-82.42516247216967,0.7083333333333334,0.9166666666666666
own_lags_LGBM_2,Q_Power,2022-01-04,6334.168772428403,63.15150764642087,44.600815537207204,23.231752686495582,79.58749130628759,63.15150764642087,9.856831216697797,9.525822812299074,8.278636338140577,-8.71593758773855,0.9166666666666666,1.0
own_lags_LGBM_2,Q_Power,2022-01-05,9712.968233273477,78.9212132818124,62.719145348534646,32.89248940576429,98.55439225764358,78.9212132818124,11.634440602708668,10.628597328593438,10.920895062607013,-74.25711937814138,0.75,0.9583333333333334
own_lags_LGBM_2,Q_Power,2022-01-06,24426.857604876965,112.8804364188614,91.64569960285242,48.08857076628137,156.29093897240801,112.8804364188614,19.29965987767105,16.572015584758685,16.200995539126144,-67.87927425825417,0.625,0.875
own_lags_LGBM_2,Q_Power,2022-01-07,117708.04948748213,244.9298282724806,204.65099358860047,106.64040501907012,343.08606717190094,244.9298282724806,50.37787206509451,34.98401003058585,52.74965342647513,-244.16785918138314,0.5416666666666666,0.625
own_lags_LGBM_2,Q_Power,2022-01-08,6987.634546653707,72.8433369774188,51.329254969967536,26.93178097030115,83.59207227155999,72.8433369774188,15.544231563072003,14.182879486932476,15.981863692492398,-72.8433369774188,1.0,1.0
own_lags_LGBM_2,Q_Power,2022-01-09,43943.08229883382,145.5372490516895,106.48651621480268,55.95068252697569,209.62605348294332,145.5372490516895,17.395045079171265,20.772858750952597,22.678626237626677,140.88100877829626,0.5833333333333334,0.8333333333333334
own_lags_LGBM_2,Q_Power,2022-01-10,5833.489183022695,64.08158403030343,41.78227335836842,21.737114648808248,76.37728185149491,64.08158403030343,7.886856459022266,8.031105853760725,8.567343030222057,13.272596466962883,1.0,1.0
own_lags_LGBM_2,Q_Power,2022-01-11,12086.22134524218,85.21325010286944,68.03240108646713,35.69646730182646,109.93735191117794,85.21325010286944,13.21026012357649,11.92662237225096,11.414081219304403,-61.41661444332249,0.7083333333333334,0.9166666666666666
own_lags_LGBM_2,Q_Power,2022-01-12,16291.49810950184,114.79502178832426,84.97087961127768,44.76997812315924,127.63815303231961,114.79502178832426,18.61351870676637,16.594959643510652,16.508361932529102,-110.83992565235324,0.5416666666666666,1.0
own_lags_LGBM_2,Q_Power,2022-01-13,3632.211929432731,49.100787412199566,41.12968376831511,21.479244744168643,60.267834948940475,49.100787412199566,7.477384978451866,7.1883508881428595,7.136353383674518,-32.116891211804756,1.0,1.0
own_lags_LGBM_2,Q_Power,2022-01-14,26625.25449430995,131.44445320418504,96.27172122001302,50.36776693617295,163.17246855493102,131.44445320418504,26.121006468135178,21.70853777636866,20.301061900569863,-17.066101853829657,0.5833333333333334,0.8333333333333334
own_lags_LGBM_2,Q_Power,2022-01-15,8650.729335739294,73.828148866307,48.52681402844967,25.311277727037055,93.00929703927072,73.828148866307,14.853816498830511,14.871327360744047,14.92337993706305,27.77845274561318,0.9583333333333334,1.0
own_lags_LGBM_2,Q_Power,2022-01-16,5723.623348284862,53.21064473843976,43.55171725915854,22.732883450254423,75.65463203456126,53.21064473843976,9.94531680860053,9.182118819139289,10.417883994701993,-36.26200970422777,0.9583333333333334,1.0
own_lags_LGBM_2,Q_Power,2022-01-17,5781.260816398283,62.8790238176362,43.26844997935143,22.54020921139666,76.03460275689145,62.8790238176362,9.541570783395361,9.140725617880504,8.773715256934622,-32.166479474260285,0.9583333333333334,1.0
own_lags_LGBM_2,Q_Power,2022-01-18,13357.640893403071,101.45559574385055,63.5079726524397,33.28930830215299,115.57526073257664,101.45559574385055,14.188290764070421,14.140625995326769,13.71925366289962,36.80741761118992,0.8333333333333334,1.0
own_lags_LGBM_2,Q_Power,2022-01-19,12600.432152470012,90.05443967223589,61.07795965031156,32.0919230807071,112.25164654681022,90.05443967223589,13.354275854923634,12.837150806368665,13.216090354011722,-16.46951413000809,0.875,1.0
own_lags_LGBM_2,Q_Power,2022-01-20,5768.26298621391,59.13050518885503,49.749998461826976,26.05527387334629,75.94908153634191,59.13050518885503,10.740640297131943,9.879241098373322,9.044992093746348,-51.40319599780668,0.875,1.0
own_lags_LGBM_2,Q_Power,2022-01-21,13213.95712981326,98.33109293493187,68.42551045663153,35.96635733223176,114.95197749413995,98.33109293493187,14.965589402293226,14.548008870222576,15.3973134366697,-43.775273743731454,0.8333333333333334,1.0
own_lags_LGBM_2,Q_Power,2022-01-22,1807.139542438139,34.692033306141774,33.30036075279005,17.258502075588968,42.51046391699506,34.692033306141774,6.534941166774237,6.612235189515152,6.393813588802135,13.73550715881701,1.0,1.0
own_lags_LGBM_2,Q_Power,2022-01-23,2835.5235092664784,43.27381669297623,37.41722859603649,19.459858952866778,53.24963388856752,43.27381669297623,7.942484651091046,8.306613430633778,7.966827761398487,21.32011644188868,0.9166666666666666,1.0
own_lags_LGBM_2,Q_Power,2022-01-24,19699.722640330143,110.83562271878384,83.91238409776787,44.16814073036657,140.35570041979108,110.83562271878384,16.14799597490115,14.332591944190638,16.57726932676994,-105.75400479073348,0.6666666666666666,1.0
own_lags_LGBM_2,Q_Power,2022-01-25,9290.212682626101,68.44330920970019,52.12435164442521,27.203349011896652,96.38574937523752,68.44330920970019,8.68160680799986,9.384673607266137,8.648247179530294,62.88541222454549,0.875,0.9583333333333334
own_lags_LGBM_2,Q_Power,2022-01-26,6757.907534803278,73.0787631172467,52.85345776289264,27.661020924995466,82.20649326423843,73.0787631172467,10.738007273394201,10.951814668706287,9.370724084982506,7.934615491053232,0.75,1.0
own_lags_LGBM_2,Q_Power,2022-01-27,22600.232797145367,108.18397116064953,78.33873106396733,41.315789996799666,150.33373805352332,108.18397116064953,13.940920379827492,12.608024389121708,15.218423936789101,-88.77511443248842,0.7916666666666666,1.0
own_lags_LGBM_2,Q_Power,2022-01-28,4878.248922443669,60.73853176483846,43.79779398376389,22.873943442897225,69.84446236061717,60.73853176483846,8.808730707067228,8.697765769754458,8.544643714609663,-13.736887469057072,1.0,1.0
own_lags_LGBM_2,Q_Power,2022-01-29,6512.305951095215,66.60170238647224,48.93923603767556,25.641455559394036,80.69885966415644,66.60170238647224,11.688964015161636,11.40775813240081,11.98788685352513,-16.734246895497396,0.9166666666666666,1.0
own_lags_LGBM_2,Q_Power,2022-01-30,3347.4751984916807,48.21225244513773,39.90494362465975,20.79367155547041,57.85736943978425,48.21225244513773,8.333244521108957,8.546870828149727,8.45032139782884,6.407354271415201,1.0,1.0
own_lags_LGBM_2,Q_Power,2022-01-31,19908.728956796895,102.29017769580037,75.99170957828049,40.05256804731005,141.09829537169077,102.29017769580037,13.364606108613897,12.183554001574855,14.883171554233178,-77.3535177077572,0.7083333333333334,1.0
own_lags_LGBM_2,Q_Power,2022-02-01,4536.831935855344,56.12443050325254,37.90182744207688,19.643527663703086,67.35600890681799,56.12443050325254,7.398767111842577,7.771798800283354,7.093022922639773,37.83225256457426,1.0,1.0
own_lags_LGBM_2,Q_Power,2022-02-02,10573.572105646248,85.53611744572551,54.1966852294569,28.29135463258591,102.8278761117152,85.53611744572551,10.674111818300574,11.147458148315698,11.044043569493288,61.61576259484942,0.875,0.9583333333333334
own_lags_LGBM_2,Q_Power,2022-02-03,8975.792389338189,70.62416915102203,48.72439911074046,25.40778981644003,94.74065858615396,70.62416915102203,9.15224286632565,9.108672788184483,9.478481969000404,4.597338925868574,0.9166666666666666,1.0
own_lags_LGBM_2,Q_Power,2022-02-04,2465.856775141085,44.147850050458295,36.124642776976266,18.806825535500348,49.657393962441134,44.147850050458295,6.449413906870982,6.349700311958495,5.861274215504695,0.7973598565459289,1.0,1.0
own_lags_LGBM_2,Q_Power,2022-02-05,2592.8598323480924,47.35226571877609,37.64090471312941,19.573511095739732,50.92013189641296,47.35226571877609,8.419697009920869,8.453289533003733,8.420800376788529,1.3703526892461966,0.9583333333333334,1.0
own_lags_LGBM_2,Q_Power,2022-02-06,5169.160110889816,61.752499931320834,39.28116960407937,20.420072040698773,71.89687135675527,61.752499931320834,9.893557307704304,10.557874804365436,10.357247671822018,61.752499931320834,1.0,1.0
own_lags_LGBM_2,Q_Power,2022-02-07,6517.229749069043,70.01658671486805,49.4789618250515,25.861309897399916,80.72936113378479,70.01658671486805,10.908285620343952,10.418520438309269,9.953490781322868,-4.11160143934119,0.875,1.0
own_lags_LGBM_2,Q_Power,2022-02-08,25668.83122609352,127.01913759112192,98.4215295705037,51.822630145721156,160.21495319130958,127.01913759112192,21.188326607136787,17.924716604327852,19.00132953231189,-121.94918733724353,0.5416666666666666,0.875
own_lags_LGBM_2,Q_Power,2022-02-09,52988.486716922576,157.4706682044631,125.61728958860915,66.0798679758644,230.19228205333596,157.4706682044631,24.200030242640445,19.57139443697781,25.74627724577365,-157.4706682044631,0.7083333333333334,0.8333333333333334
own_lags_LGBM_2,Q_Power,2022-02-10,13987.467867791405,80.61253087241363,63.50349368546485,33.3193518024365,118.26862588104846,80.61253087241363,13.605535680334102,11.964232481434511,11.795804927189586,-61.22068866392751,0.7083333333333334,1.0
own_lags_LGBM_2,Q_Power,2022-02-11,16171.396604425527,88.78118498287074,70.18230239259645,36.892565227383905,127.16680622090628,88.78118498287074,14.266698157991273,12.567457164398471,13.671000324581176,-85.09091960425059,0.8333333333333334,0.9583333333333334
own_lags_LGBM_2,Q_Power,2022-02-12,1685.4331448017047,36.769512460569956,32.81935075240193,16.982046333550922,41.05402714474799,36.769512460569956,6.363021377757798,6.387160969890743,6.366877333489744,2.4341209754771307,1.0,1.0
own_lags_LGBM_2,Q_Power,2022-02-13,4282.399916516707,57.434892987617275,36.955191493982404,19.11494263049875,65.44004826187636,57.434892987617275,9.018722182821897,9.558147082671288,9.210952287325359,57.030684321032254,1.0,1.0
own_lags_LGBM_2,Q_Power,2022-02-14,11524.394108247545,83.15949524723209,51.41633459017919,26.85825808253433,107.35173081160613,83.15949524723209,9.254982680130064,9.728045506473034,9.80206512321694,50.16678987061842,0.9166666666666666,1.0
own_lags_LGBM_2,Q_Power,2022-02-15,9609.449319956266,84.42951225785872,49.24524553775117,25.669559518832973,98.02779871014276,84.42951225785872,9.378059019446338,9.95126982750327,9.53790242406899,81.38414869772477,1.0,1.0
own_lags_LGBM_2,Q_Power,2022-02-16,10424.020072990823,90.40422219384658,61.326064136286526,32.09131378364332,102.09809044732826,90.40422219384658,12.128167592529698,11.660763600111366,11.126502323822288,-21.306894380934818,0.7916666666666666,1.0
own_lags_LGBM_2,Q_Power,2022-02-17,19549.952197885028,96.18608179677368,67.3775038216661,35.44977484237425,139.821143600977,96.18608179677368,12.873995744639535,11.99625488324682,13.53708731724556,-30.17039611450775,0.875,1.0
own_lags_LGBM_2,Q_Power,2022-02-18,59915.180300190754,192.66949811230975,134.24601317543176,70.37500984729087,244.775775558348,192.66949811230975,19.360287240492536,22.343736229071684,21.642786723840572,192.66949811230975,0.4583333333333333,0.7916666666666666
own_lags_LGBM_2,Q_Power,2022-02-19,22990.341301041408,121.4681264964873,86.43827941371097,45.44389501306508,151.62566174972298,121.4681264964873,15.089702640955593,16.78766654828953,16.63832977145227,118.95207256883039,0.5,0.875
own_lags_LGBM_2,Q_Power,2022-02-20,7206.567279744901,74.72570399909428,49.59912050915343,25.863621854677827,84.89150298907954,74.72570399909428,11.670560739891872,12.597880969871674,11.868522940553799,74.72570399909428,0.8333333333333334,1.0
own_lags_LGBM_2,Q_Power,2022-02-21,3420.2067534485377,42.0699499007355,35.079887379590964,18.179684461993663,58.48253374682511,42.0699499007355,5.393439100322208,5.46345618512935,5.3129804126376134,15.505409933335121,1.0,1.0
own_lags_LGBM_2,Q_Power,2022-02-22,13314.367297937213,91.3736983271187,55.134450496843975,28.789735190983762,115.38789926997204,91.3736983271187,9.941277484178034,10.553817614730928,10.429299281166353,79.65035566089934,0.8333333333333334,1.0
own_lags_LGBM_2,Q_Power,2022-02-23,10144.297068540518,85.01725507594398,52.50209587779708,27.44064368786924,100.718901247683,85.01725507594398,9.93882901709276,10.070880625385325,10.258492316855985,23.696842115036457,0.9166666666666666,1.0
own_lags_LGBM_2,Q_Power,2022-02-24,32426.218051996486,154.1148272296603,105.45996837417273,55.54378856770091,180.07281319509752,154.1148272296603,15.201560840154471,16.7837606174224,16.160522962267112,147.87914944192275,0.375,0.875
own_lags_LGBM_2,Q_Power,2022-02-25,53116.53566418905,170.03705539713042,137.64067572589633,72.10015502714931,230.47024897845068,170.03705539713042,26.528192598580286,21.344380700490692,22.209646734212434,-154.47777640240676,0.5416666666666666,0.7083333333333334
own_lags_LGBM_2,Q_Power,2022-02-26,3733.315337181626,49.124863104218456,38.18633488571353,19.860859650391777,61.10086200031572,49.124863104218456,7.797044328174592,7.586972313494783,8.014007317313721,-12.351574484298993,1.0,1.0
own_lags_LGBM_2,Q_Power,2022-02-27,5562.293115922178,59.66378217464747,43.57320575972188,22.690608888916938,74.58078248397625,59.66378217464747,8.99665408933061,9.330931126827185,9.439165016654732,27.840466365858106,0.9583333333333334,1.0
own_lags_LGBM_2,Q_Power,2022-02-28,18585.728800475772,96.90636042804336,78.87006001529956,41.4250976775056,136.3294861740327,96.90636042804336,15.491793085597298,13.472071165566815,14.290602286205218,-92.92724428901742,0.6666666666666666,1.0
seasonal_naive_lag168,Q_Power,2022-01-01,87645.9975,244.64999999999998,183.22776424653617,96.15560634942403,296.0506671162894,244.64999999999998,51.126125538398604,37.959970440661664,52.71635198103806,-241.25,0.4583333333333333,0.625
seasonal_naive_lag168,Q_Power,2022-01-02,7744.361250000003,64.68750000000001,57.61124682223501,30.106336247709446,88.00205253288131,64.68750000000001,14.381892980097883,12.810702099888516,12.906846240179576,-38.2875,0.9583333333333334,1.0
seasonal_naive_lag168,Q_Power,2022-01-03,8328.956250000003,72.43750000000001,55.83421344739511,29.099558780014764,91.2631154958015,72.43750000000001,11.28424070264985,10.487080318452586,10.999753241083464,-53.66250000000002,1.0,1.0
seasonal_naive_lag168,Q_Power,2022-01-04,9630.00375,83.6875,63.02457146266403,32.95704409795358,98.1325825095824,83.6875,14.627174766483938,13.541123754387522,10.97073378559958,-29.662500000000005,1.0,1.0
seasonal_naive_lag168,Q_Power,2022-01-05,9448.867500000002,78.05000000000003,61.37136739331229,32.05716584267618,97.20528535012899,78.05000000000003,12.92048122861984,12.519192818012167,10.80033902409493,-10.174999999999983,0.9583333333333334,1.0
seasonal_naive_lag168,Q_Power,2022-01-06,28214.22,126.2,93.67187353642869,49.149812450630826,167.97089033520064,126.2,21.81066571966197,18.433489297626146,18.112665949049156,-107.94999999999999,0.75,0.9583333333333334
seasonal_naive_lag168,Q_Power,2022-01-07,120064.44374999998,253.13749999999996,199.09068522803213,103.49860598455155,346.50316556995546,253.13749999999996,53.01899288959405,36.83742954025487,54.517310073762985,-250.5625,0.6666666666666666,0.6666666666666666
seasonal_naive_lag168,Q_Power,2022-01-08,954.7575000000003,24.450000000000006,34.959925262951124,18.005134100989093,30.899150473758986,24.450000000000006,5.2399976769002095,5.162178425012036,5.364341935660807,-8.30000000000001,1.0,1.0
seasonal_naive_lag168,Q_Power,2022-01-09,45776.2725,146.1,117.6574419219575,61.95238246431298,213.95390274542785,146.1,17.272898631507402,20.83174105879291,22.766318003856718,140.54999999999998,0.5833333333333334,0.9166666666666666
seasonal_naive_lag168,Q_Power,2022-01-10,16687.226250000003,90.5125,76.7876123476646,40.29949412398211,129.17904725612433,90.5125,12.395335374873103,14.21844358741981,12.101006049667436,89.4375,0.7916666666666666,0.8333333333333334
seasonal_naive_lag168,Q_Power,2022-01-11,17131.32375,109.8125,72.03231497126215,37.62704605156099,130.88668285964008,109.8125,16.1683624944691,16.44385262311069,14.709083298451235,-16.262500000000006,0.8333333333333334,1.0
seasonal_naive_lag168,Q_Power,2022-01-12,7249.811250000002,59.83750000000001,48.78641045497377,25.314176098673574,85.14582344425358,59.83750000000001,7.892161274162114,7.51711267857305,8.60506920726227,-27.287500000000033,0.9583333333333334,1.0
seasonal_naive_lag168,Q_Power,2022-01-13,11753.58375,83.8625,60.28383075627827,31.492188665618745,108.41394628921134,83.8625,11.242764258201776,11.403979786934453,12.188652508039167,-8.712499999999991,0.9583333333333334,1.0
seasonal_naive_lag168,Q_Power,2022-01-14,117878.11130647034,246.9492480025377,202.39815500065433,104.81591426120144,343.3338190543867,246.9492480025377,32.529892214075225,37.616165125507564,38.14030830354641,183.1507519974623,0.5833333333333334,0.6666666666666666
seasonal_naive_lag168,Q_Power,2022-01-15,13352.131121592936,96.97283631345363,68.22806799774328,35.66505470111346,115.55142197996932,96.97283631345363,19.956574551031178,20.1216955346041,19.601771168621774,38.927163686546386,0.9583333333333334,1.0
seasonal_naive_lag168,Q_Power,2022-01-16,51256.97999999999,165.54999999999998,121.7135897520157,63.98305989164513,226.40004416960699,165.54999999999998,30.552587031860963,24.485757590168454,32.412324710604246,-130.975,0.5833333333333334,0.9166666666666666
seasonal_naive_lag168,Q_Power,2022-01-17,8273.655000000004,69.825,57.65195460245646,29.989883684414327,90.95963390427649,69.825,10.197444425456997,9.501069682025753,9.742909966163186,-31.300000000000015,0.875,1.0
seasonal_naive_lag168,Q_Power,2022-01-18,4700.3174999999965,49.724999999999994,45.50309409587052,23.590238805312328,68.55886157164511,49.724999999999994,6.9014700334003445,6.711989886223682,6.724024272747249,-7.049999999999997,1.0,1.0
seasonal_naive_lag168,Q_Power,2022-01-19,11277.472500000003,75.80000000000001,58.24912079857986,30.4246764582538,106.1954448175627,75.80000000000001,10.746325117561323,10.729502022395849,11.124156149104786,-13.974999999999987,0.9583333333333334,1.0
seasonal_naive_lag168,Q_Power,2022-01-20,3376.342499999999,49.87499999999998,42.487453688311746,22.00547456957614,58.10630344463498,49.87499999999998,8.425613348074977,7.981063547987908,7.629208971490848,-34.29999999999998,1.0,1.0
seasonal_naive_lag168,Q_Power,2022-01-21,18533.92791347088,107.97424800253766,77.63453017341777,40.621873342127365,136.13936944716207,107.97424800253766,16.615674929747275,17.112084811868,16.90730052887652,-8.850751997462323,0.875,1.0
seasonal_naive_lag168,Q_Power,2022-01-22,13077.431657662266,95.97283631345363,66.56420356669776,34.77623046591864,114.35659866252698,95.97283631345363,18.04628396694472,20.033001516222104,17.68799250138524,47.87283631345361,0.9166666666666666,1.0
seasonal_naive_lag168,Q_Power,2022-01-23,3122.3662499999996,43.38749999999999,42.11238743503025,21.826007281876844,55.878137495804204,43.38749999999999,7.825854133056613,8.290120965679552,7.98775716850002,32.4125,1.0,1.0
seasonal_naive_lag168,Q_Power,2022-01-24,15569.025,109.2,69.44535224897248,36.2223362074346,124.77589911517367,109.2,16.700988867822534,15.934416408546978,16.33263535746336,-48.07499999999999,0.875,1.0
seasonal_naive_lag168,Q_Power,2022-01-25,16097.459999999997,94.04999999999997,73.59394251552038,38.616437598081525,126.87576600753982,94.04999999999997,12.163350839327768,13.266970747242535,11.883815330184952,51.9,0.75,1.0
seasonal_naive_lag168,Q_Power,2022-01-26,23242.18875,127.1875,89.90723033368452,47.17355920945571,152.4538905702311,127.1875,17.67054991982889,20.158685493082917,16.30896472134511,98.46250000000002,0.7083333333333334,0.8333333333333334
seasonal_naive_lag168,Q_Power,2022-01-27,17396.448749999996,110.0625,74.63602253882753,39.0738712951539,131.89559791744375,110.0625,16.149409394950585,17.581254760484022,15.482679796026025,57.13749999999997,0.875,1.0
seasonal_naive_lag168,Q_Power,2022-01-28,8594.13375,81.8625,57.445986306943475,29.987961207434598,92.70455085916765,81.8625,12.210919398064117,13.2621989573629,11.516345156241755,72.21249999999999,1.0,1.0
seasonal_naive_lag168,Q_Power,2022-01-29,7131.731249999998,69.8625,50.89719482447947,26.45151383901354,84.44957815169948,69.8625,12.184776932072799,12.569475677781528,12.57480988165414,12.987500000000011,1.0,1.0
seasonal_naive_lag168,Q_Power,2022-01-30,2016.6712499999994,36.0875,38.50649355332031,19.910263839013545,44.90736298203224,36.0875,6.144203371538201,6.406460517282005,6.325175821045942,27.3625,1.0,1.0
seasonal_naive_lag168,Q_Power,2022-01-31,7395.011249999999,69.76249999999999,51.062793507084876,26.60580991345579,85.99425126134885,69.76249999999999,9.869498352217294,10.219801839602015,10.150410126766452,18.687500000000004,1.0,1.0
seasonal_naive_lag168,Q_Power,2022-02-01,8239.222500000002,80.675,51.37291946216063,26.70725945304864,90.77016304931925,80.675,10.003286521288631,10.149963959686064,10.195731505031514,-0.14999999999999147,1.0,1.0
seasonal_naive_lag168,Q_Power,2022-02-02,8447.306249999996,65.9375,52.32740194269758,27.225328558110977,91.9092283179442,65.9375,7.83014988252257,7.829150897533221,8.513557133634603,-5.362500000000035,0.9583333333333334,1.0
seasonal_naive_lag168,Q_Power,2022-02-03,7904.504999999995,83.64999999999996,54.209935582305796,28.1681256811188,88.90728316622882,83.64999999999996,11.578976689248362,12.015434132667409,11.226680982418461,34.225,1.0,1.0
seasonal_naive_lag168,Q_Power,2022-02-04,6029.700000000002,59.00000000000002,50.52111577397611,26.304287724842904,77.65114294071918,59.00000000000002,7.527093272410984,7.891513566279036,7.8331148248336335,42.37500000000001,0.9583333333333334,1.0
seasonal_naive_lag168,Q_Power,2022-02-05,1404.157500000001,32.45,39.02495738631196,20.216343527136473,37.472089613471,32.45,5.667996574842817,5.7179360623067605,5.770684212866225,6.74999999999999,1.0,1.0
seasonal_naive_lag168,Q_Power,2022-02-06,2418.6037500000007,44.76250000000001,41.96764896423705,21.801643009811468,49.179302048727784,44.76250000000001,7.446018393027558,7.5999348613409206,7.507652312465932,25.68749999999999,1.0,1.0
seasonal_naive_lag168,Q_Power,2022-02-07,10377.292499999998,80.92499999999997,57.2408542447693,29.814507260066176,101.86899675563708,80.92499999999997,11.428492374210263,11.042623185997387,11.504220346512657,16.149999999999988,0.9583333333333334,1.0
seasonal_naive_lag168,Q_Power,2022-02-08,25609.45875,123.71249999999999,87.62889782252512,45.89804924606153,160.02955586390908,123.71249999999999,21.68350653780328,18.152580437469037,18.506675642320207,-122.78749999999998,0.75,0.9166666666666666
seasonal_naive_lag168,Q_Power,2022-02-09,39493.58249999999,164.27499999999998,111.05814629883342,58.43517632449926,198.72992351430116,164.27499999999998,25.633800787988047,21.853680002989794,26.858777845902306,-162.87499999999997,0.75,1.0
seasonal_naive_lag168,Q_Power,2022-02-10,9630.547499999999,84.275,59.57780198702978,31.087639461695755,98.13535295702563,84.275,14.074721393839267,12.863345007930715,12.33172373426983,-61.69999999999999,0.9583333333333334,1.0
seasonal_naive_lag168,Q_Power,2022-02-11,21010.455000000013,107.37500000000004,73.48467243303055,38.447407123627706,144.94983615030412,107.37500000000004,16.86294020457381,14.876205443364036,16.534175119819842,-103.80000000000003,0.875,1.0
seasonal_naive_lag168,Q_Power,2022-02-12,2044.4662500000002,32.91250000000001,39.29187547387681,20.332224387140005,45.21577434922463,32.91250000000001,5.680618107066745,5.894764779819802,5.699010843921129,15.1875,1.0,1.0
seasonal_naive_lag168,Q_Power,2022-02-13,1498.0650000000007,32.45000000000001,36.642031781001194,18.886842786381965,38.70484465800116,32.45000000000001,5.300544572112411,5.50213048333193,5.20407345040494,27.325000000000006,1.0,1.0
seasonal_naive_lag168,Q_Power,2022-02-14,38615.534999999996,146.39999999999998,112.39410973033608,59.00031283222015,196.50835860084933,146.39999999999998,15.420705335870238,17.90897369265357,17.256265562611425,144.95,0.625,0.9166666666666666
seasonal_naive_lag168,Q_Power,2022-02-15,66599.73,216.72500000000002,160.96051004187078,84.70023094427671,258.06923489637427,216.72500000000002,23.147796858246082,27.45698776340913,24.48316764572978,216.72500000000002,0.4166666666666667,0.8333333333333334
seasonal_naive_lag168,Q_Power,2022-02-16,68872.70625,204.0625,155.6592232322599,81.3365197357715,262.43609936515975,204.0625,21.89620690274133,25.955401849291366,25.114998230796445,200.88749999999996,0.5416666666666666,0.75
seasonal_naive_lag168,Q_Power,2022-02-17,12796.173750000004,90.36250000000003,64.9458606271251,33.908287940778834,113.12017393020577,90.36250000000003,12.038353101850346,12.3456980565929,12.717485002550887,27.13749999999999,0.9583333333333334,1.0
seasonal_naive_lag168,Q_Power,2022-02-18,88646.58375,240.81250000000003,182.54018920549424,95.55815857585566,297.7357616242967,240.81250000000003,25.258698032564265,30.322487516767165,27.050745598022974,240.81250000000003,0.5,0.7083333333333334
seasonal_naive_lag168,Q_Power,2022-02-19,42552.19875,153.5625,116.16621656360992,60.94375068111881,206.2818429964208,153.5625,18.277607292658228,21.368581563105597,21.03451818368605,152.5375,0.75,0.8333333333333334
seasonal_naive_lag168,Q_Power,2022-02-20,1129.78125,28.9375,35.41976001359782,18.2773362074346,33.61221876044484,28.9375,4.559449417932756,4.581115289733717,4.596080922789811,6.062499999999981,1.0,1.0
seasonal_naive_lag168,Q_Power,2022-02-21,11606.192916666667,80.72916666666667,57.930811995608416,30.21359351216388,107.73204220039025,80.72916666666667,9.497587815591885,8.896452670360103,10.195222058513997,-56.554166666666674,0.9583333333333334,1.0
seasonal_naive_lag168,Q_Power,2022-02-22,6791.332500000003,68.12500000000001,49.05183370692331,25.49505738945553,82.40954131652477,68.12500000000001,7.634869813841705,7.589373061665869,7.7757169353688145,-9.075000000000012,1.0,1.0
seasonal_naive_lag168,Q_Power,2022-02-23,18715.571250000008,114.6375,77.90968342890054,40.9666863064135,136.80486559329682,114.6375,13.798380858706496,14.243509877502255,13.832579185520363,16.2375,0.8333333333333334,1.0
seasonal_naive_lag168,Q_Power,2022-02-24,86177.89875,243.11250000000004,184.2775124495062,96.25494078840309,293.56072412705345,243.11250000000004,23.70247902675268,27.74046902477228,25.492843286320984,243.11250000000004,0.375,0.7916666666666666
seasonal_naive_lag168,Q_Power,2022-02-25,81708.4875,200.42499999999998,155.25472378171378,80.9104612074346,285.8469651754239,200.42499999999998,31.05443778003244,23.79967143178297,26.17881400208986,-124.62500000000001,0.75,0.7916666666666666
seasonal_naive_lag168,Q_Power,2022-02-26,24675.483750000003,123.71249999999999,85.66008012729536,44.98405067690095,157.08432050971862,123.71249999999999,19.472245923386755,17.010951703653905,20.181896041925814,-117.0625,0.875,1.0
seasonal_naive_lag168,Q_Power,2022-02-27,11029.590000000002,80.175,60.98686736503934,31.819617113972953,105.02185486840347,80.175,11.713798344457453,11.934809115396845,12.684161607372396,2.4750000000000085,0.9166666666666666,1.0
seasonal_naive_lag168,Q_Power,2022-02-28,26282.335416666665,129.02083333333334,92.34991084330022,48.449068868358914,162.11827601065423,129.02083333333334,22.048234262731555,18.842449045416153,19.026464389512554,-113.72083333333332,0.7083333333333334,1.0
seasonal_naive_lag24,Q_Power,2022-01-01,117099.33,250.80000000000004,176.29851679681363,92.61020559099775,342.19779368078923,250.80000000000004,52.03296354873882,36.49272613088917,54.041533116061096,-250.80000000000004,0.5416666666666666,0.8333333333333334
seasonal_naive_lag24,Q_Power,2022-01-02,3749.9925,44.875,51.38906147979518,26.580229466939247,61.23718233230526,44.875,8.045201649595057,8.547462316022838,8.953734879660805,37.099999999999994,1.0,1.0
seasonal_naive_lag24,Q_Power,2022-01-03,64304.5875,175.35,132.32483461527696,69.72157815114979,253.5834921677671,175.35,20.307980224353486,24.63468123542904,26.6271852400205,157.35,0.9583333333333334,1.0
seasonal_naive_lag24,Q_Power,2022-01-04,15957.423750000002,104.96249999999999,79.44748539283866,41.51976894062347,126.32269689173043,104.96249999999999,12.658672621061504,13.766452410561348,13.759708976501816,104.28750000000001,1.0,1.0
seasonal_naive_lag24,Q_Power,2022-01-05,10520.313749999996,70.8625,55.33127162472268,28.609407098518194,102.56858071553879,70.8625,10.247476752608831,9.668804079275402,9.805753031325132,-40.16249999999998,0.9583333333333334,1.0
seasonal_naive_lag24,Q_Power,2022-01-06,17311.18125000001,96.73750000000003,69.72710495805605,36.25033911606206,131.57196224880136,96.73750000000003,14.480150200516364,13.429038067801732,13.884104772156444,-25.912500000000033,1.0,1.0
seasonal_naive_lag24,Q_Power,2022-01-07,123315.40500000001,239.07500000000002,173.09961166496123,91.03305841430767,351.1629322693385,239.07500000000002,48.83779987762934,33.45196250864335,51.4887201852151,-232.42500000000004,0.7083333333333334,0.7916666666666666
seasonal_naive_lag24,Q_Power,2022-01-08,1020.67875,26.08749999999999,42.66016655225894,21.878179028342757,31.948063321584925,26.08749999999999,5.769806801821162,5.673272407486274,5.72361023503277,-8.537500000000009,1.0,1.0
seasonal_naive_lag24,Q_Power,2022-01-09,71380.20749999999,192.79999999999998,142.1205832189256,74.82865051957081,267.1707459659459,192.79999999999998,23.510367440730132,29.318026351093092,30.043436763474162,185.95000000000002,0.9166666666666666,1.0
seasonal_naive_lag24,Q_Power,2022-01-10,19675.811250000002,107.1375,89.54259408849083,46.89684130904451,140.27049315518929,107.1375,13.206378043441433,14.977787200861458,14.323673919582875,106.23750000000001,0.7916666666666666,0.9583333333333334
seasonal_naive_lag24,Q_Power,2022-01-11,22209.04875,129.26250000000002,95.89454043818824,50.20384228489888,149.02700678065034,129.26250000000002,20.5263747860527,19.957509284623942,17.3143574717455,-1.4125000000000132,0.6666666666666666,0.9583333333333334
seasonal_naive_lag24,Q_Power,2022-01-12,8834.448749999998,70.8875,57.94684979561641,30.001894214905917,93.99174830802967,70.8875,11.86374432652581,10.847108637262675,10.19413985259752,-51.1875,1.0,1.0
seasonal_naive_lag24,Q_Power,2022-01-13,1809.9337499999995,31.21249999999998,42.966235392838634,22.03144657220241,42.54331616129612,31.21249999999998,4.248871420001672,4.262058273092164,4.536453318314769,-7.3374999999999915,1.0,1.0
seasonal_naive_lag24,Q_Power,2022-01-14,23040.788790218037,122.66174800253766,89.86419009080781,46.94205741557651,151.79192597176583,122.66174800253766,24.6964058327835,20.761416172040082,18.94460875548254,-40.56174800253766,0.75,1.0
seasonal_naive_lag24,Q_Power,2022-01-15,87568.02092251653,251.78458431599128,168.37599626148258,88.69735854728488,295.9189431626785,251.78458431599128,49.86640255587999,41.68276903551489,50.8949102983378,-152.76108831091594,0.5,0.9583333333333334
seasonal_naive_lag24,Q_Power,2022-01-16,11828.777731591146,90.89783631345362,66.7656876013461,34.6417115334939,108.7601844959411,90.89783631345362,17.97001577884205,18.80878762377002,17.796497650758155,16.04783631345362,0.9583333333333334,1.0
seasonal_naive_lag24,Q_Power,2022-01-17,89807.54625,220.1875,159.16487669718643,83.92598604588663,299.6790720921299,220.1875,24.544938276101494,30.297269977939845,30.723479959535354,205.9125,0.8333333333333334,1.0
seasonal_naive_lag24,Q_Power,2022-01-18,11198.703749999999,93.16249999999998,68.92352859643265,35.80265463322212,105.82392805977294,93.16249999999998,13.988355414282546,14.400834406643892,12.59782627068508,22.837500000000006,1.0,1.0
seasonal_naive_lag24,Q_Power,2022-01-19,15521.366249999997,101.58749999999998,71.54599276171861,37.18987841053532,124.58477535397331,101.58749999999998,15.990570188594083,14.653198418829927,14.908643968300554,-58.11249999999999,1.0,1.0
seasonal_naive_lag24,Q_Power,2022-01-20,11749.98375,64.66250000000001,56.362340465302395,29.245810607290128,108.39734198770742,64.66250000000001,9.75731803971845,8.88333732327018,9.891202508652173,-27.662499999999984,0.9583333333333334,1.0
seasonal_naive_lag24,Q_Power,2022-01-21,7274.3062500000015,67.81250000000001,54.404845367093436,28.05424262483399,85.28954361467765,67.81250000000001,10.582579452666915,10.647139380817915,10.618516343707185,-15.112500000000006,0.9583333333333334,1.0
seasonal_naive_lag24,Q_Power,2022-01-22,31433.471250000006,124.43750000000001,81.88326437834588,42.597696572202416,177.294870907198,124.43750000000001,21.381950933770874,18.183617449958298,22.934088971824828,-96.03750000000002,0.9583333333333334,1.0
seasonal_naive_lag24,Q_Power,2022-01-23,2005.26375,39.612500000000004,44.17022090008501,22.655591309044514,44.780171393151235,39.612500000000004,7.267409697894482,7.276383146027389,7.2927693653058405,0.5875000000000009,1.0,1.0
seasonal_naive_lag24,Q_Power,2022-01-24,46335.345,137.22500000000002,108.06460495805602,56.7437820985182,215.25646331759705,137.22500000000002,15.783511168603779,19.036877042836213,20.524229733772064,125.42500000000001,1.0,1.0
seasonal_naive_lag24,Q_Power,2022-01-25,24180.13124999999,131.83749999999998,95.74857234936037,50.1776965722024,155.49961816673374,131.83749999999998,15.562727376618883,17.14103848471047,16.658506151975107,122.81249999999999,0.875,1.0
seasonal_naive_lag24,Q_Power,2022-01-26,9624.7425,89.80000000000001,65.4177536247389,33.94965368840766,98.1057720014475,89.80000000000001,13.088780195338082,13.097671344607967,11.514850374264695,-11.549999999999978,1.0,1.0
seasonal_naive_lag24,Q_Power,2022-01-27,14626.93125,100.9875,71.33961562876054,37.16144639299147,120.94185069693617,100.9875,14.2465270846854,13.292737249251207,14.206084051345172,-68.98750000000003,1.0,1.0
seasonal_naive_lag24,Q_Power,2022-01-28,7326.633749999997,67.68749999999999,54.35237669718646,28.097729466939253,85.59575778039469,67.68749999999999,9.982006775668491,9.64639641031731,9.522218509856328,-0.037499999999984844,1.0,1.0
seasonal_naive_lag24,Q_Power,2022-01-29,55316.71874999999,161.73749999999998,106.76632597254877,55.83276236167609,235.19506531813118,161.73749999999998,29.685163991910123,22.880977825183997,29.111731089411872,-155.26250000000002,0.875,1.0
seasonal_naive_lag24,Q_Power,2022-01-30,2693.7787499999977,43.987499999999976,49.52703940786078,25.59643447030778,51.901625697081954,43.987499999999976,7.485253212923647,7.6376629747787375,7.7098350239905304,14.962499999999993,1.0,1.0
seasonal_naive_lag24,Q_Power,2022-01-31,27355.4025,131.175,95.9980288710995,50.26322288799188,165.3946870367969,131.175,16.978062255660312,19.302259547722358,19.08589927795864,116.75,1.0,1.0
seasonal_naive_lag24,Q_Power,2022-02-01,13171.162499999997,103.97499999999998,77.97975478738329,40.73068999325504,114.76568520250292,103.97499999999998,12.868219409655884,13.858533516515104,13.14039272681316,103.97499999999998,1.0,1.0
seasonal_naive_lag24,Q_Power,2022-02-02,8491.008750000003,71.3875,57.66197814646182,29.753639554658548,92.14666977162008,71.3875,10.186524899023198,9.618783067667891,9.217236927049711,-16.76250000000002,0.9583333333333334,1.0
seasonal_naive_lag24,Q_Power,2022-02-03,11570.069999999994,70.75,61.86952129191875,32.098473252955834,107.56425986358106,70.75,9.481174779462464,8.943339538254454,9.495369749026976,-29.39999999999998,0.9583333333333334,1.0
seasonal_naive_lag24,Q_Power,2022-02-04,7816.676250000001,66.9375,59.650391962936375,30.89846411606206,88.41196892955162,66.9375,8.52819904258665,8.572243189720973,8.88693429808985,8.112500000000017,1.0,1.0
seasonal_naive_lag24,Q_Power,2022-02-05,69251.46375000001,190.88750000000002,124.7930469870415,65.49774043185154,263.1567284908368,190.88750000000002,33.25596350004327,25.708445643883227,33.94611656959943,-190.88750000000002,0.8333333333333334,1.0
seasonal_naive_lag24,Q_Power,2022-02-06,4185.824999999998,55.79999999999998,54.19918162657783,28.075348943991987,64.69795205414154,55.79999999999998,9.089775036248298,9.453336510771495,9.358882972032367,33.9,1.0,1.0
seasonal_naive_lag24,Q_Power,2022-02-07,28988.493749999994,116.68749999999999,90.93335495805604,47.607104466939255,170.26007679429725,116.68749999999999,13.512786614828418,15.362393258914084,16.588183029764547,107.21249999999999,1.0,1.0
seasonal_naive_lag24,Q_Power,2022-02-08,5194.226249999998,42.51250000000001,45.97882597254877,23.687345695009423,72.07098063714686,42.51250000000001,6.892791748296097,6.246249115358253,6.359624518493587,-34.962499999999984,1.0,1.0
seasonal_naive_lag24,Q_Power,2022-02-09,23698.207499999993,110.07499999999999,76.02610858124443,39.50200578272872,153.94222130396844,110.07499999999999,16.820642538035912,15.372843303766931,17.997138769670958,-56.85,1.0,1.0
seasonal_naive_lag24,Q_Power,2022-02-10,26914.695000000003,124.22500000000001,89.37402524791109,46.818211923079616,164.05698705023204,124.22500000000001,16.104993885382754,17.33271476048618,18.177494878548437,71.77499999999999,0.9583333333333334,1.0
seasonal_naive_lag24,Q_Power,2022-02-11,10179.146250000005,75.41250000000001,57.87758288612167,29.952881838728842,100.89175511408257,75.41250000000001,11.95651728354776,11.019344761791517,11.612418917098147,-33.98750000000002,1.0,1.0
seasonal_naive_lag24,Q_Power,2022-02-12,34628.317500000005,129.525,84.95898901602703,44.2716768353603,186.0868547211221,129.525,22.629574081151272,19.06631993108001,22.42808597216511,-71.89999999999999,0.9166666666666666,1.0
seasonal_naive_lag24,Q_Power,2022-02-13,4063.376250000001,50.037500000000016,52.52302887109951,27.218617624833993,63.744617419826135,50.037500000000016,7.704537558721269,8.197797304616666,8.024617111699143,46.0375,1.0,1.0
seasonal_naive_lag24,Q_Power,2022-02-14,97350.44625,230.61249999999998,170.95645278414295,90.29075578272871,312.01033035782643,230.61249999999998,22.244129386685792,27.25015427300918,27.182449057771365,224.83749999999998,0.7916666666666666,1.0
seasonal_naive_lag24,Q_Power,2022-02-15,3554.9962500000033,49.81250000000002,51.75980423341838,26.72346411606206,59.623789295884265,49.81250000000002,5.9414018528841845,6.116869365661913,5.627259376412112,36.81250000000002,1.0,1.0
seasonal_naive_lag24,Q_Power,2022-02-16,20250.52875,119.9375,79.52339118994007,41.38604087044802,142.304352533575,119.9375,16.119074063719445,14.938417749254814,14.761311364440544,-72.6875,0.9583333333333334,1.0
seasonal_naive_lag24,Q_Power,2022-02-17,30449.152500000007,136.35,91.3085073834527,47.72550435469435,174.49685527252348,136.35,18.341630779376903,16.36896293355898,19.189697939939833,-101.97500000000002,0.875,1.0
seasonal_naive_lag24,Q_Power,2022-02-18,47148.00375000001,179.68750000000003,126.64965930588214,66.57552551957085,217.13591077940106,179.68750000000003,18.418508816518756,20.8809533617748,20.184503917548938,179.68750000000003,0.9166666666666666,1.0
seasonal_naive_lag24,Q_Power,2022-02-19,79325.28000000001,206.22500000000002,140.72187514391695,73.52049606598443,281.647439185944,206.22500000000002,31.31860554695203,24.406648445546764,28.24806520101363,-160.175,0.7916666666666666,0.8333333333333334
seasonal_naive_lag24,Q_Power,2022-02-20,26943.31125000001,112.6875,80.856250188789,42.15641620931964,164.14417823974145,112.6875,17.294081769459492,14.792167224555698,17.897913399114536,-100.43750000000001,0.9583333333333334,1.0
seasonal_naive_lag24,Q_Power,2022-02-21,56431.405416666676,176.22083333333333,128.3790977116792,67.64632595816732,237.55295286875867,176.22083333333333,19.08190656256207,22.488425446997347,22.25478846558619,162.22083333333333,1.0,1.0
seasonal_naive_lag24,Q_Power,2022-02-22,13883.646666666673,92.94166666666668,73.59485858124441,38.39229087044803,117.82888723342283,92.94166666666668,9.649296434838096,10.358773617688648,10.608265563323348,84.29166666666667,1.0,1.0
seasonal_naive_lag24,Q_Power,2022-02-23,18665.29500000001,100.57500000000005,68.71061945080965,35.676314993255055,136.6209903345749,100.57500000000005,11.171933445667285,10.520254704354903,12.135746606334848,-47.37499999999999,1.0,1.0
seasonal_naive_lag24,Q_Power,2022-02-24,43960.237499999996,145.92499999999998,107.69503974066474,56.53618341430768,209.66696807079555,145.92499999999998,12.931636701247998,14.410995249728199,15.301735437529493,124.89999999999998,0.9583333333333334,1.0
seasonal_naive_lag24,Q_Power,2022-02-25,68373.615,192.94999999999996,129.14547395925896,67.72254499277783,261.48348896249644,192.94999999999996,28.79067893788627,22.80384061446188,25.20245559038662,-188.04999999999998,0.7916666666666666,0.9166666666666666
seasonal_naive_lag24,Q_Power,2022-02-26,59213.79374999999,161.8875,122.66570258528225,64.38815691930726,243.338845542589,161.8875,24.267576811856415,19.69947971064506,26.409592365260302,-152.61249999999998,0.7916666666666666,1.0
seasonal_naive_lag24,Q_Power,2022-02-27,4373.557500000001,40.25000000000001,49.44929698704154,25.51170973009714,66.13287760259644,40.25000000000001,5.3813527870483,5.643541133556649,6.3677892696818095,19.09999999999998,1.0,1.0
seasonal_naive_lag24,Q_Power,2022-02-28,13709.265,77.875,67.22157959573718,35.03871630904451,117.08657053650516,77.875,9.332287954802302,10.003602141693278,11.48408265590149,46.02500000000001,1.0,1.0
