statistic,p_value,n,mean_difference,standard_error,ci_low,ci_high,hac_lag,status,target,loss,model_a,model_b,p_holm,better_model
-0.9529924064340483,0.34454879043652886,59,-3951.7607030171794,4146.68645451653,-12252.255480291136,4348.734074256777,3,ok,P_Power,SE,LagDrop_LGBM,SFS_LGBM,1.0,
-0.38192852114810716,0.703910179030028,59,-1445.2743082021786,3784.1486775001,-9020.0708785592,6129.522262154842,3,ok,P_Power,SE,LagDrop_LGBM,SFS_LGBM_1,1.0,
-0.7022658499825959,0.4853222805639711,59,-2553.764483687258,3636.464002557646,-9832.938058071662,4725.409090697147,3,ok,P_Power,SE,LagDrop_LGBM,SFS_LGBM_2,1.0,
-0.751328135497147,0.4554930411695164,59,-2890.5589911225466,3847.2657345779944,-10591.698078180181,4810.580095935089,3,ok,P_Power,SE,LagDrop_LGBM,SFS_shared_LGBM,1.0,
-3.2527420784356655,0.0019075954340343497,59,-35913.59155394235,11041.020372329736,-58014.595076038524,-13812.588031846179,3,ok,P_Power,SE,LagDrop_LGBM,mi_top_k_nolags_LGBM,0.13162408494837013,
1.97111802140053,0.053488131478568186,59,10008.471691866276,5077.560847805044,-155.37063399638646,20172.31401772894,3,ok,P_Power,SE,LagDrop_LGBM,mutual_lags_LGBM_0,1.0,
2.2554379297970355,0.027894094311541124,59,12145.742872726201,5385.092940163148,1366.3081806545542,22925.17756479785,3,ok,P_Power,SE,LagDrop_LGBM,mutual_lags_LGBM_1,1.0,
1.3877016694374964,0.17053640674878057,59,7288.295821887917,5252.062444258801,-3224.849400607488,17801.441044383322,3,ok,P_Power,SE,LagDrop_LGBM,mutual_lags_LGBM_2,1.0,
1.8563188123277938,0.06848999844721096,59,9799.882196254903,5279.20211289892,-767.5889754713353,20367.35336798114,3,ok,P_Power,SE,LagDrop_LGBM,own_lags_LGBM_0,1.0,
1.7829289963301782,0.07983110926035403,59,9867.520523703835,5534.443908879298,-1210.872613720956,20945.913661128627,3,ok,P_Power,SE,LagDrop_LGBM,own_lags_LGBM_1,1.0,
1.9121207546646841,0.06080413830092655,59,9674.120532944236,5059.366940787546,-453.3027311365877,19801.54379702506,3,ok,P_Power,SE,LagDrop_LGBM,own_lags_LGBM_2,1.0,
-3.8680202343199386,0.00028019325518506295,59,-50318.49945279811,13008.85114465926,-76358.54423770531,-24278.454667890906,3,ok,P_Power,SE,LagDrop_LGBM,seasonal_naive_lag168,0.02381642669073035,LagDrop_LGBM
-0.81908809431332,0.4160891332711093,59,-6976.811203341367,8517.778797884195,-24026.99794914775,10073.375542465015,3,ok,P_Power,SE,LagDrop_LGBM,seasonal_naive_lag24,1.0,
1.4518437225347094,0.15193318673646283,59,2506.486394815001,1726.416112086112,-949.3109216578105,5962.283711287812,3,ok,P_Power,SE,SFS_LGBM,SFS_LGBM_1,1.0,
1.3990917850431779,0.16711071439124522,59,1397.9962193299223,999.2169450746779,-602.1538100802502,3398.146248740095,3,ok,P_Power,SE,SFS_LGBM,SFS_LGBM_2,1.0,
1.1687245771356336,0.24729585527078568,59,1061.201711894633,907.9998253270905,-756.3574140634241,2878.76083785269,3,ok,P_Power,SE,SFS_LGBM,SFS_shared_LGBM,1.0,
-2.4134383497059386,0.018982058468678533,59,-31961.83085092517,13243.276280423532,-58471.128528814836,-5452.533173035503,3,ok,P_Power,SE,SFS_LGBM,mi_top_k_nolags_LGBM,1.0,
2.2688226784333847,0.027016181258374537,59,13960.232394883455,6153.073366016843,1643.5178568991632,26276.946932867744,3,ok,P_Power,SE,SFS_LGBM,mutual_lags_LGBM_0,1.0,
2.5715239382358397,0.012710885247377228,59,16097.503575743382,6259.908117669269,3566.9360474621153,28628.071104024646,3,ok,P_Power,SE,SFS_LGBM,mutual_lags_LGBM_1,0.7712622940919077,
1.8687609555705462,0.06670873571959991,59,11240.056524905096,6014.710705186702,-799.6950557426462,23279.80810555284,3,ok,P_Power,SE,SFS_LGBM,mutual_lags_LGBM_2,1.0,
2.1768020634198275,0.0335791752927433,59,13751.642899272081,6317.360282940837,1106.0723672647146,26397.213431279448,3,ok,P_Power,SE,SFS_LGBM,own_lags_LGBM_0,1.0,
2.16952220509383,0.03415369343446522,59,13819.281226721012,6369.734863406637,1068.8715812704831,26569.69087217154,3,ok,P_Power,SE,SFS_LGBM,own_lags_LGBM_1,1.0,
2.2682729078182167,0.027051753431942095,59,13625.881235961415,6007.161302767461,1601.241426131117,25650.521045791713,3,ok,P_Power,SE,SFS_LGBM,own_lags_LGBM_2,1.0,
-3.5201523072086807,0.0008468397542816371,59,-46366.73874978094,13171.79903120375,-72732.95916818877,-20000.518331373118,3,ok,P_Power,SE,SFS_LGBM,seasonal_naive_lag168,0.061819302062559506,
-0.34856234332291,0.7286800129469428,59,-3025.050500324182,8678.64976889302,-20397.25548149035,14347.154480841986,3,ok,P_Power,SE,SFS_LGBM,seasonal_naive_lag24,1.0,
-0.7878999904135143,0.4339635252049454,59,-1108.4901754850791,1406.8919773730536,-3924.690444896384,1707.7100939262257,3,ok,P_Power,SE,SFS_LGBM_1,SFS_LGBM_2,1.0,
-1.1609893623413279,0.2504023302192263,59,-1445.2846829203684,1244.8733208077908,-3937.169374727264,1046.6000088865273,3,ok,P_Power,SE,SFS_LGBM_1,SFS_shared_LGBM,1.0,
-2.7303031400198026,0.0083661313340422,59,-34468.31724574018,12624.355420654934,-59738.710217328844,-9197.924274151519,3,ok,P_Power,SE,SFS_LGBM_1,mi_top_k_nolags_LGBM,0.5354324053787008,
2.3204528803857545,0.023854747009622528,59,11453.746000068455,4935.995941518267,1573.2766222614173,21334.215377875495,3,ok,P_Power,SE,SFS_LGBM_1,mutual_lags_LGBM_0,1.0,
2.763699068243389,0.00764687902384908,59,13591.01718092838,4917.690691109452,3747.189742916322,23434.84461894044,3,ok,P_Power,SE,SFS_LGBM_1,mutual_lags_LGBM_1,0.4970471365501902,
1.8059269838510092,0.07611954475934436,59,8733.570130090095,4836.0593801341765,-946.854485489057,18413.994745669246,3,ok,P_Power,SE,SFS_LGBM_1,mutual_lags_LGBM_2,1.0,
2.220929716545698,0.03027489428496483,59,11245.156504457078,5063.265361655445,1109.9297031644237,21380.383305749732,3,ok,P_Power,SE,SFS_LGBM_1,own_lags_LGBM_0,1.0,
2.242109771925076,0.028793274292910356,59,11312.79483190601,5045.602571988633,1212.9239455081934,21412.665718303826,3,ok,P_Power,SE,SFS_LGBM_1,own_lags_LGBM_1,1.0,
2.331859969645616,0.02320233560347499,59,11119.394841146415,4768.46593958911,1574.2731973198534,20664.516484972977,3,ok,P_Power,SE,SFS_LGBM_1,own_lags_LGBM_2,1.0,
-3.68133854604623,0.0005106330174600358,59,-48873.22514459593,13275.93877424991,-75447.90390745364,-22298.546381738215,3,ok,P_Power,SE,SFS_LGBM_1,seasonal_naive_lag168,0.041361274414262905,SFS_LGBM_1
-0.7348114790488469,0.4654150463617204,59,-5531.536895139183,7527.831359275039,-20600.128544696825,9537.054754418457,3,ok,P_Power,SE,SFS_LGBM_1,seasonal_naive_lag24,1.0,
-0.7931249402619253,0.4309376473613834,59,-336.79450743528895,424.6424369457659,-1186.8086979796694,513.2196831090914,3,ok,P_Power,SE,SFS_LGBM_2,SFS_shared_LGBM,1.0,
-2.5735744903067688,0.01264364416544111,59,-33359.827070255094,12962.448608308447,-59306.98708684019,-7412.66705367,3,ok,P_Power,SE,SFS_LGBM_2,mi_top_k_nolags_LGBM,0.7712622940919077,
2.3065028000852066,0.024674755324730208,59,12562.236175553533,5446.443063103787,1659.9958697371494,23464.476481369915,3,ok,P_Power,SE,SFS_LGBM_2,mutual_lags_LGBM_0,1.0,
2.6390377459826517,0.010659710583399033,59,14699.50735641346,5570.025430212278,3549.8900656239566,25849.124647202963,3,ok,P_Power,SE,SFS_LGBM_2,mutual_lags_LGBM_1,0.66090205617074,
1.840497660813285,0.07081278642187437,59,9842.060305575173,5347.49949164626,-862.1229233109061,20546.243534461253,3,ok,P_Power,SE,SFS_LGBM_2,mutual_lags_LGBM_2,1.0,
2.204381955536928,0.03147882858193388,59,12353.64667994216,5604.131647381928,1135.7583779261113,23571.534981958208,3,ok,P_Power,SE,SFS_LGBM_2,own_lags_LGBM_0,1.0,
2.1691377856011553,0.03418426956522503,59,12421.285007391089,5726.369753846066,958.7105504369702,23883.85946434521,3,ok,P_Power,SE,SFS_LGBM_2,own_lags_LGBM_1,1.0,
2.3009845958936337,0.02500597809116525,59,12227.885016631493,5314.196817507397,1590.3643328379676,22865.40570042502,3,ok,P_Power,SE,SFS_LGBM_2,own_lags_LGBM_2,1.0,
-3.6331570086694382,0.0005947228350481056,59,-47764.734969110854,13146.89534615065,-74081.10524572823,-21448.36469249347,3,ok,P_Power,SE,SFS_LGBM_2,seasonal_naive_lag168,0.04600180446968318,SFS_LGBM_2
-0.5394016668717609,0.5916745215659251,59,-4423.046719654107,8199.91296153272,-20836.95586322329,11990.862423915078,3,ok,P_Power,SE,SFS_LGBM_2,seasonal_naive_lag24,1.0,
-2.5255630011642776,0.014305771232995146,59,-33023.032562819804,13075.513280641298,-59196.516110852725,-6849.549014786888,3,ok,P_Power,SE,SFS_shared_LGBM,mi_top_k_nolags_LGBM,0.8440405027467136,
2.3306690762032374,0.023269696010905064,59,12899.030682988821,5534.475406522281,1820.5744961813598,23977.48686979628,3,ok,P_Power,SE,SFS_shared_LGBM,mutual_lags_LGBM_0,1.0,
2.684651663747219,0.009449906875289075,59,15036.30186384875,5600.839046232605,3825.0044191216184,26247.599308575882,3,ok,P_Power,SE,SFS_shared_LGBM,mutual_lags_LGBM_1,0.5953441331432117,
1.8826054504191885,0.06477287002225214,59,10178.854813010461,5406.791322496169,-644.0139103548627,21001.723536375786,3,ok,P_Power,SE,SFS_shared_LGBM,mutual_lags_LGBM_2,1.0,
2.2336063046648666,0.029380249867158502,59,12690.441187377446,5681.592660655359,1317.4978207523636,24063.38455400253,3,ok,P_Power,SE,SFS_shared_LGBM,own_lags_LGBM_0,1.0,
2.216005990647715,0.03062880739876229,59,12758.079514826379,5757.240534849515,1233.7104757884372,24282.44855386432,3,ok,P_Power,SE,SFS_shared_LGBM,own_lags_LGBM_1,1.0,
2.33774372656356,0.02287207574238229,59,12564.679524066782,5374.703557663537,1806.0414405940792,23323.317607539484,3,ok,P_Power,SE,SFS_shared_LGBM,own_lags_LGBM_2,1.0,
-3.5973813902273606,0.0006655500875221072,59,-47427.940461675564,13184.01784990555,-73818.61950311437,-21037.261420236748,3,ok,P_Power,SE,SFS_shared_LGBM,seasonal_naive_lag168,0.05058180665168015,
-0.4973602753886224,0.6208153215443989,59,-4086.2522122188157,8215.879744368287,-20532.122344155505,12359.617919717872,3,ok,P_Power,SE,SFS_shared_LGBM,seasonal_naive_lag24,1.0,
3.652087448977878,0.0005602167871331047,59,45922.06324580863,12574.195959809505,20752.075343989563,71092.0511476277,3,ok,P_Power,SE,mi_top_k_nolags_LGBM,mutual_lags_LGBM_0,0.04481734297064838,mutual_lags_LGBM_0
3.7758345164096863,0.0003775523840060719,59,48059.33442666855,12728.135785030789,22581.20248519778,73537.46636813933,3,ok,P_Power,SE,mi_top_k_nolags_LGBM,mutual_lags_LGBM_1,0.030959295488497896,mutual_lags_LGBM_1
3.379006194122477,0.0013057314017475452,59,43201.88737583027,12785.382711335851,17609.16326106108,68794.61149059946,3,ok,P_Power,SE,mi_top_k_nolags_LGBM,mutual_lags_LGBM_2,0.09401266092582326,
3.594924074691756,0.0006706994562621196,59,45713.47375019725,12716.1166134272,20259.400794670317,71167.54670572418,3,ok,P_Power,SE,mi_top_k_nolags_LGBM,own_lags_LGBM_0,0.05058180665168015,
3.5805711437192747,0.0007015437401779219,59,45781.11207764618,12785.980291985376,20187.191775242653,71375.03238004971,3,ok,P_Power,SE,mi_top_k_nolags_LGBM,own_lags_LGBM_1,0.05191423677316622,
3.6398478098237574,0.0005823013224010529,59,45587.712086886575,12524.620387656798,20516.960474632084,70658.46369914107,3,ok,P_Power,SE,mi_top_k_nolags_LGBM,own_lags_LGBM_2,0.04600180446968318,own_lags_LGBM_2
-0.773415464750256,0.4424174128258803,59,-14404.907898855754,18625.058012652036,-51687.01216600065,22877.196368289144,3,ok,P_Power,SE,mi_top_k_nolags_LGBM,seasonal_naive_lag168,1.0,
1.956128520207131,0.05527160242178906,59,28936.780350600988,14792.883009311128,-674.3922100520867,58547.95291125406,3,ok,P_Power,SE,mi_top_k_nolags_LGBM,seasonal_naive_lag24,1.0,
2.03731267811854,0.04619024354475909,59,2137.2711808599247,1049.0638986420565,37.34163296255474,4237.200728757294,3,ok,P_Power,SE,mutual_lags_LGBM_0,mutual_lags_LGBM_1,1.0,
-2.064118338101367,0.04348925064456817,59,-2720.1758699783613,1317.8391082366209,-5358.1174542259705,-82.23428573075171,3,ok,P_Power,SE,mutual_lags_LGBM_0,mutual_lags_LGBM_2,1.0,
-0.21673918213630772,0.8291721761813163,59,-208.5894956113762,962.3986468685382,-2135.0396937658456,1717.860702543093,3,ok,P_Power,SE,mutual_lags_LGBM_0,own_lags_LGBM_0,1.0,
-0.09892626086788309,0.9215379362099607,59,-140.95116816244337,1424.8104287564747,-2993.0191149967486,2711.1167786718615,3,ok,P_Power,SE,mutual_lags_LGBM_0,own_lags_LGBM_1,1.0,
-0.2756795189872641,0.7837740652472658,59,-334.3511589220419,1212.8255307115808,-2762.0852289651375,2093.3829111210534,3,ok,P_Power,SE,mutual_lags_LGBM_0,own_lags_LGBM_2,1.0,
-4.380449803054619,5.027183251323709e-05,59,-60326.971144664385,13771.866784684209,-87894.35767688579,-32759.584612442974,3,ok,P_Power,SE,mutual_lags_LGBM_0,seasonal_naive_lag168,0.0043736494286516275,mutual_lags_LGBM_0
-3.3319121879794857,0.0015054398077922442,59,-16985.282895207645,5097.758265204384,-27189.554744613146,-6781.0110458021445,3,ok,P_Power,SE,mutual_lags_LGBM_0,seasonal_naive_lag24,0.10688622635324935,
-3.327702489873444,0.0015246327296356554,59,-4857.447050838286,1459.699917772102,-7779.353897848065,-1935.540203828506,3,ok,P_Power,SE,mutual_lags_LGBM_1,mutual_lags_LGBM_2,0.10688622635324935,
-1.8669902799209324,0.0669598187955096,59,-2345.860676471301,1256.493245680234,-4861.00517505982,169.28382211721873,3,ok,P_Power,SE,mutual_lags_LGBM_1,own_lags_LGBM_0,1.0,
-2.1897742670687577,0.032576421544723504,59,-2278.2223490223682,1040.3914153544272,-4360.792035491933,-195.65266255280358,3,ok,P_Power,SE,mutual_lags_LGBM_1,own_lags_LGBM_1,1.0,
-2.3638985455664447,0.0214541513472886,59,-2471.6223397819667,1045.5703965881112,-4564.558883537056,-378.6857960268767,3,ok,P_Power,SE,mutual_lags_LGBM_1,own_lags_LGBM_2,1.0,
-4.473183190694844,3.6475735357066024e-05,59,-62464.24232552431,13964.159226803633,-90416.54400120515,-34511.94064984347,3,ok,P_Power,SE,mutual_lags_LGBM_1,seasonal_naive_lag168,0.003319291917493008,mutual_lags_LGBM_1
-3.8343610632857104,0.0003125555482231026,59,-19122.554076067565,4987.1552940507945,-29105.430024316513,-9139.678127818615,3,ok,P_Power,SE,mutual_lags_LGBM_1,seasonal_naive_lag24,0.025942110502517518,mutual_lags_LGBM_1
1.5159667376460888,0.13495931402036324,59,2511.5863743669856,1656.7555949590565,-804.7702670179997,5827.943015751971,3,ok,P_Power,SE,mutual_lags_LGBM_2,own_lags_LGBM_0,1.0,
1.4000425010475772,0.16682719299157342,59,2579.2247018159173,1842.2474316929815,-1108.4341923255797,6266.883595957414,3,ok,P_Power,SE,mutual_lags_LGBM_2,own_lags_LGBM_1,1.0,
1.9398795926723544,0.05726211944430071,59,2385.8247110563193,1229.8828855504564,-76.05336440102292,4847.7027865136615,3,ok,P_Power,SE,mutual_lags_LGBM_2,own_lags_LGBM_2,1.0,
-4.443915652465383,4.037431062595504e-05,59,-57606.79527468603,12963.07125962823,-83555.20166330447,-31658.3888860676,3,ok,P_Power,SE,mutual_lags_LGBM_2,seasonal_naive_lag168,0.0036336879563359536,mutual_lags_LGBM_2
-2.8878852705115667,0.005442917708131139,59,-14265.107025229281,4939.637724147652,-24152.866222999015,-4377.347827459545,3,ok,P_Power,SE,mutual_lags_LGBM_2,seasonal_naive_lag24,0.35923256873665516,
0.05686588671501332,0.9548474828533393,59,67.63832744893233,1189.435905359319,-2313.2763205789342,2448.5529754767986,3,ok,P_Power,SE,own_lags_LGBM_0,own_lags_LGBM_1,1.0,
-0.07407794338286396,0.9412032631680445,59,-125.76166331066602,1697.6937745244932,-3524.064974500863,3272.5416478795314,3,ok,P_Power,SE,own_lags_LGBM_0,own_lags_LGBM_2,1.0,
-4.431168087923753,4.2196482153801545e-05,59,-60118.381649053015,13567.16343324764,-87276.00990364072,-32960.75339446531,3,ok,P_Power,SE,own_lags_LGBM_0,seasonal_naive_lag168,0.0037554869116883374,own_lags_LGBM_0
-3.6364393883057367,0.0005885977922700666,59,-16776.693399596264,4613.49457756609,-26011.606158519542,-7541.780640672985,3,ok,P_Power,SE,own_lags_LGBM_0,seasonal_naive_lag24,0.04600180446968318,own_lags_LGBM_0
-0.11416823238807101,0.9094987332571972,59,-193.39999075959824,1693.9912856162064,-3584.291965167224,3197.491983648028,3,ok,P_Power,SE,own_lags_LGBM_1,own_lags_LGBM_2,1.0,
-4.319549940014788,6.196564547626314e-05,59,-60186.01997650194,13933.40065800834,-88076.75168723796,-32295.288265765917,3,ok,P_Power,SE,own_lags_LGBM_1,seasonal_naive_lag168,0.005329045510958631,own_lags_LGBM_1
-3.840944917798476,0.0003059553521452056,59,-16844.3317270452,4385.46557879302,-25622.79485223229,-8065.868601858107,3,ok,P_Power,SE,own_lags_LGBM_1,seasonal_naive_lag24,0.02570024958019727,own_lags_LGBM_1
-4.4010258986255275,4.682915862894625e-05,59,-59992.61998574234,13631.50805462846,-87279.04799395874,-32706.191977525945,3,ok,P_Power,SE,own_lags_LGBM_2,seasonal_naive_lag168,0.00412096595934727,own_lags_LGBM_2
-3.1077788788945493,0.002918282296350361,59,-16650.931736285598,5357.8238301846,-27375.781374136106,-5926.08209843509,3,ok,P_Power,SE,own_lags_LGBM_2,seasonal_naive_lag24,0.19844319615182454,
3.0898586699610795,0.003073392698695345,59,43341.68824945675,14027.0778954439,15263.441174679538,71419.93532423396,3,ok,P_Power,SE,seasonal_naive_lag168,seasonal_naive_lag24,0.2059173108125881,
-0.9280036607622922,0.35725161517652704,59,-10.471720614261862,11.284137182885736,-33.05937530673761,12.11593407821388,3,ok,P_Power,AE,LagDrop_LGBM,SFS_LGBM,1.0,
-0.4333940405720537,0.6663361724768087,59,-4.59709249498285,10.607188988835583,-25.829688151567858,16.63550316160216,3,ok,P_Power,AE,LagDrop_LGBM,SFS_LGBM_1,1.0,
-0.8946712688715522,0.3746606597028471,59,-9.44642234334088,10.558539959884529,-30.581636388087873,11.688791701406116,3,ok,P_Power,AE,LagDrop_LGBM,SFS_LGBM_2,1.0,
-0.9289631142607095,0.3567583649506596,59,-10.24464750368872,11.028045512702244,-32.31967902241421,11.830384015036772,3,ok,P_Power,AE,LagDrop_LGBM,SFS_shared_LGBM,1.0,
-3.6477691177187723,0.0005679155944556813,59,-75.68205054963063,20.747489248157343,-117.21266252978248,-34.151438569478785,3,ok,P_Power,AE,LagDrop_LGBM,mi_top_k_nolags_LGBM,0.04032200720635337,LagDrop_LGBM
2.686163688501804,0.009412044632441099,59,28.27873317204131,10.52755395849076,7.205544348047969,49.35192199603465,3,ok,P_Power,AE,LagDrop_LGBM,mutual_lags_LGBM_0,0.40471791919496725,
2.825342288167878,0.006466611765580243,59,32.84999514326842,11.626908102724197,9.576209907495489,56.12378037904136,3,ok,P_Power,AE,LagDrop_LGBM,mutual_lags_LGBM_1,0.3039307529822714,
1.985623600927083,0.05180941201924407,59,21.233850625132394,10.6937944408086,-0.1721046788893048,42.63980592915409,3,ok,P_Power,AE,LagDrop_LGBM,mutual_lags_LGBM_2,1.0,
2.443595323356391,0.01760535899416744,59,27.561877415110477,11.279231528914929,4.9840424559592655,50.13971237426169,3,ok,P_Power,AE,LagDrop_LGBM,own_lags_LGBM_0,0.5809768468075256,
2.3606303271592264,0.021626930491133813,59,26.570079860023327,11.255502208174061,4.039744297086003,49.10041542296065,3,ok,P_Power,AE,LagDrop_LGBM,own_lags_LGBM_1,0.6704348452251482,
2.470767526785175,0.016442531380137116,59,26.097289186888887,10.56242196158585,4.954304471462876,47.2402739023149,3,ok,P_Power,AE,LagDrop_LGBM,own_lags_LGBM_2,0.570580833228019,
-4.28620278413427,6.944707878710957e-05,59,-94.44822137267079,22.035406659311267,-138.5568801528645,-50.339562592477066,3,ok,P_Power,AE,LagDrop_LGBM,seasonal_naive_lag168,0.005347425066607437,LagDrop_LGBM
-0.5970120377399336,0.5528228523451668,59,-9.109715301106693,15.258846933125001,-39.65361599503892,21.43418539282553,3,ok,P_Power,AE,LagDrop_LGBM,seasonal_naive_lag24,1.0,
1.6234118295102307,0.109924671623574,59,5.874628119279013,3.6186924429713794,-1.368971813561033,13.118228052119058,3,ok,P_Power,AE,SFS_LGBM,SFS_LGBM_1,1.0,
0.48784354908494476,0.6274997709871393,59,1.0252982709209877,2.101694842217663,-3.181701041083971,5.232297582925947,3,ok,P_Power,AE,SFS_LGBM,SFS_LGBM_2,1.0,
0.12066816113855312,0.9043709347296386,59,0.22707311057314417,1.8817980520347466,-3.539754951815254,3.9939011729615426,3,ok,P_Power,AE,SFS_LGBM,SFS_shared_LGBM,1.0,
-2.554245425907924,0.013290500364919387,59,-65.21032993536878,25.5301739112205,-116.31452542672741,-14.106134444010145,3,ok,P_Power,AE,SFS_LGBM,mi_top_k_nolags_LGBM,0.5050390138669367,
2.8539112531164363,0.005978734260371847,59,38.750453786303176,13.578016395565262,11.571100967289517,65.92980660531683,3,ok,P_Power,AE,SFS_LGBM,mutual_lags_LGBM_0,0.2989367130185923,
3.2945882258728343,0.0016838732015962152,59,43.321715757530285,13.14935669875803,17.00041854836406,69.64301296669652,3,ok,P_Power,AE,SFS_LGBM,mutual_lags_LGBM_1,0.10440013849896534,
2.418107123202158,0.018762793234856318,59,31.70557123939426,13.111731459360835,5.45958912977455,57.95155334901397,3,ok,P_Power,AE,SFS_LGBM,mutual_lags_LGBM_2,0.6004093835154022,
2.773434526457218,0.007448170845238317,59,38.033598029372335,13.713537372723346,10.582970500912893,65.48422555783178,3,ok,P_Power,AE,SFS_LGBM,own_lags_LGBM_0,0.33646695616250244,
2.8704887183210612,0.005711469147992803,59,37.04180047428519,12.904353268439532,11.21093091526306,62.872670033307315,3,ok,P_Power,AE,SFS_LGBM,own_lags_LGBM_1,0.29128492654763294,
2.91017934757378,0.005115854136066176,59,36.569009801150756,12.565895580160166,11.41563691440081,61.722382687900705,3,ok,P_Power,AE,SFS_LGBM,own_lags_LGBM_2,0.26602441507544117,
-3.4394793599402047,0.0010859061275794277,59,-83.97650075840895,24.4154687295082,-132.84937139786678,-35.10363011895112,3,ok,P_Power,AE,SFS_LGBM,seasonal_naive_lag168,0.0705838982926628,
0.08713748882138891,0.9308623722844505,59,1.3620053131551688,15.630532065790364,-29.925904009430152,32.64991463574049,3,ok,P_Power,AE,SFS_LGBM,seasonal_naive_lag24,1.0,
-1.5898925547683325,0.11729565287494997,59,-4.849329848358025,3.050099098718425,-10.954766542638321,1.2561068459222717,3,ok,P_Power,AE,SFS_LGBM_1,SFS_LGBM_2,1.0,
-1.8245483254173718,0.07322112393787292,59,-5.647555008705868,3.0953167586909323,-11.843504683545266,0.5483946661335306,3,ok,P_Power,AE,SFS_LGBM_1,SFS_shared_LGBM,1.0,
-2.9362073731952445,0.004757103328587609,59,-71.08495805464779,24.209788008703075,-119.5461139991184,-22.623802110177174,3,ok,P_Power,AE,SFS_LGBM_1,mi_top_k_nolags_LGBM,0.2582019843277845,
2.780118965347164,0.007314499047010922,59,32.87582566702416,11.825330526069353,9.20485479719476,56.54679653685356,3,ok,P_Power,AE,SFS_LGBM_1,mutual_lags_LGBM_0,0.33646695616250244,
3.344227214626395,0.0014505955150157356,59,37.44708763825126,11.197530919691028,15.032794217048849,59.86138105945368,3,ok,P_Power,AE,SFS_LGBM_1,mutual_lags_LGBM_1,0.09138751744599134,
2.2698612255716606,0.026949096479363017,59,25.830943120115244,11.379965801041324,3.0514666071959837,48.6104196330345,3,ok,P_Power,AE,SFS_LGBM_1,mutual_lags_LGBM_2,0.8084728943808905,
2.737322071525213,0.008209999816494461,59,32.15896991009333,11.748332519809999,8.642127295637604,55.67581252454906,3,ok,P_Power,AE,SFS_LGBM_1,own_lags_LGBM_0,0.3612399919257563,
2.84193657773808,0.006178933152284673,59,31.16717235500618,10.966878219292417,9.214580476956982,53.11976423305538,3,ok,P_Power,AE,SFS_LGBM_1,own_lags_LGBM_1,0.2989367130185923,
2.850488024200651,0.006035344870155619,59,30.694381681871743,10.768114589949636,9.139658435890151,52.24910492785334,3,ok,P_Power,AE,SFS_LGBM_1,own_lags_LGBM_2,0.2989367130185923,
-3.78132943374114,0.0003709372937878975,59,-89.85112887768793,23.761782847042706,-137.41550505707568,-42.286752698300184,3,ok,P_Power,AE,SFS_LGBM_1,seasonal_naive_lag168,0.027078422446516516,SFS_LGBM_1
-0.33349827901433093,0.7399608780884063,59,-4.512622806123841,13.53117269288795,-31.59820776646622,22.57296215421854,3,ok,P_Power,AE,SFS_LGBM_1,seasonal_naive_lag24,1.0,
-0.7604195280167195,0.4500841226817479,59,-0.7982251603478435,1.0497168088643467,-2.8994616500527486,1.3030113293570618,3,ok,P_Power,AE,SFS_LGBM_2,SFS_shared_LGBM,1.0,
-2.6575645901842955,0.010152226462346123,59,-66.23562820628977,24.923431193706755,-116.12529619162335,-16.3459602209562,3,ok,P_Power,AE,SFS_LGBM_2,mi_top_k_nolags_LGBM,0.4263935114185372,
3.000764368160108,0.0039656651908715305,59,37.72515551538219,12.571848664849695,12.55986623492462,62.89044479583976,3,ok,P_Power,AE,SFS_LGBM_2,mutual_lags_LGBM_0,0.22604291587967723,
3.4935418538118963,0.0009195401840519076,59,42.29641748660929,12.10703041684145,18.06156302013958,66.531271953079,3,ok,P_Power,AE,SFS_LGBM_2,mutual_lags_LGBM_1,0.06252873251552972,
2.5393195356827656,0.013810379843141445,59,30.680272968473272,12.08208440779157,6.495353364478351,54.86519257246819,3,ok,P_Power,AE,SFS_LGBM_2,mutual_lags_LGBM_2,0.5109840541962335,
2.94092899293505,0.004694581533232446,59,37.00829975845136,12.583880755827783,11.818925631112123,62.19767388579059,3,ok,P_Power,AE,SFS_LGBM_2,own_lags_LGBM_0,0.2582019843277845,
3.0289675359793056,0.0036599687583428945,59,36.01650220336421,11.890686108565239,12.214707921366298,59.818296485362126,3,ok,P_Power,AE,SFS_LGBM_2,own_lags_LGBM_1,0.21593815674223077,
3.063979079211455,0.0033110513583585292,59,35.543711530229764,11.600507252607379,12.322773337731963,58.76464972272757,3,ok,P_Power,AE,SFS_LGBM_2,own_lags_LGBM_2,0.2019741328598703,
-3.53958188672242,0.0007972476538262256,59,-85.00179902932993,24.014644031315193,-133.0723318623376,-36.931266196322284,3,ok,P_Power,AE,SFS_LGBM_2,seasonal_naive_lag168,0.05501008811400957,
0.02304850915211013,0.9816906924015796,59,0.3367070422341799,14.608625660430356,-28.905634361582003,29.579048446050365,3,ok,P_Power,AE,SFS_LGBM_2,seasonal_naive_lag24,1.0,
-2.584086702102741,0.01230397717338276,59,-65.43740304594192,25.323222704831746,-116.12734068910723,-14.747465402776605,3,ok,P_Power,AE,SFS_shared_LGBM,mi_top_k_nolags_LGBM,0.47985510976192763,
2.9736559625487424,0.004281766280394872,59,38.52338067573004,12.954888245616472,12.591354369331949,64.45540698212812,3,ok,P_Power,AE,SFS_shared_LGBM,mutual_lags_LGBM_0,0.2397789117021128,
3.484927027443989,0.0009443209253037042,59,43.09464264695713,12.366010050593452,18.34138411956851,67.84790117434576,3,ok,P_Power,AE,SFS_shared_LGBM,mutual_lags_LGBM_1,0.06326950199534818,
2.532367358994875,0.014058761310373596,59,31.478498128821112,12.430462751389783,6.596223503348092,56.36077275429413,3,ok,P_Power,AE,SFS_shared_LGBM,mutual_lags_LGBM_2,0.5109840541962335,
2.921443964732146,0.004957616927760444,59,37.8065249187992,12.94104058650514,11.902217713758745,63.71083212383965,3,ok,P_Power,AE,SFS_shared_LGBM,own_lags_LGBM_0,0.26275369717130354,
3.0233327191735593,0.003719230307469751,59,36.81472736371205,12.17686929732812,12.440075189099044,61.189379538325056,3,ok,P_Power,AE,SFS_shared_LGBM,own_lags_LGBM_1,0.21593815674223077,
3.0533703476819625,0.0034133493499275986,59,36.341936690577604,11.902236726104135,12.517021335499408,60.1668520456558,3,ok,P_Power,AE,SFS_shared_LGBM,own_lags_LGBM_2,0.20480096099565592,
-3.469829884629267,0.0009892857675466078,59,-84.20357386898208,24.26734931357558,-132.7799512838262,-35.62719645413796,3,ok,P_Power,AE,SFS_shared_LGBM,seasonal_naive_lag168,0.06529286065807612,
0.0765491479465889,0.9392456633378121,59,1.1349322025820225,14.826189879656212,-28.542911302782965,30.812775707947008,3,ok,P_Power,AE,SFS_shared_LGBM,seasonal_naive_lag24,1.0,
4.446777908532893,3.997582547949327e-05,59,103.96078372167196,23.37890172616498,57.16282737629429,150.75874006704964,3,ok,P_Power,AE,mi_top_k_nolags_LGBM,mutual_lags_LGBM_0,0.003238041863838955,mutual_lags_LGBM_0
4.545317321396255,2.8366861807220906e-05,59,108.53204569289906,23.87777090545564,60.73549418903409,156.32859719676404,3,ok,P_Power,AE,mi_top_k_nolags_LGBM,mutual_lags_LGBM_1,0.002326082668192114,mutual_lags_LGBM_1
4.171147611702809,0.00010260181592211248,59,96.91590117476302,23.234828924023276,50.4063378764222,143.42546447310383,3,ok,P_Power,AE,mi_top_k_nolags_LGBM,mutual_lags_LGBM_2,0.007695136194158436,mutual_lags_LGBM_2
4.391728730584653,4.8355334651952275e-05,59,103.24392796474112,23.508721576024275,56.186108956110985,150.30174697337125,3,ok,P_Power,AE,mi_top_k_nolags_LGBM,own_lags_LGBM_0,0.00382007143750423,own_lags_LGBM_0
4.359937355260241,5.394823911559614e-05,59,102.25213040965396,23.452660457675456,55.306529921803396,149.19773089750453,3,ok,P_Power,AE,mi_top_k_nolags_LGBM,own_lags_LGBM_1,0.0042079626510164985,own_lags_LGBM_1
4.411369636953953,4.518621994810987e-05,59,101.77933973651953,23.0720497516046,55.59561435366386,147.9630651193752,3,ok,P_Power,AE,mi_top_k_nolags_LGBM,own_lags_LGBM_2,0.0036148975958487897,own_lags_LGBM_2
-0.5990139634776891,0.551496180064373,59,-18.766170823040145,31.32843634243446,-81.47684960062222,43.94450795454193,3,ok,P_Power,AE,mi_top_k_nolags_LGBM,seasonal_naive_lag168,1.0,
2.474160232799397,0.016302309520800543,59,66.57233524852394,26.90704278808994,12.712037252960343,120.43263324408754,3,ok,P_Power,AE,mi_top_k_nolags_LGBM,seasonal_naive_lag24,0.570580833228019,
1.3622873621414178,0.1783743159847038,59,4.571261971227102,3.3555783443820597,-2.14565787014159,11.288181812595795,3,ok,P_Power,AE,mutual_lags_LGBM_0,mutual_lags_LGBM_1,1.0,
-2.1950725488137657,0.03217449158995748,59,-7.044882546908923,3.209407611933388,-13.469209877464793,-0.6205552163530523,3,ok,P_Power,AE,mutual_lags_LGBM_0,mutual_lags_LGBM_2,0.9330602561087669,
-0.2606308430896819,0.7953003357664881,59,-0.7168557569308343,2.75046402195832,-6.2225076791972285,4.78879616533556,3,ok,P_Power,AE,mutual_lags_LGBM_0,own_lags_LGBM_0,1.0,
-0.41912114415680074,0.6766758044248056,59,-1.7086533120179859,4.07675283349281,-9.869160737359175,6.451854113323203,3,ok,P_Power,AE,mutual_lags_LGBM_0,own_lags_LGBM_1,1.0,
-0.5780676199246167,0.5654562155371021,59,-2.181443985152424,3.773683060533466,-9.735291347044967,5.3724033767401185,3,ok,P_Power,AE,mutual_lags_LGBM_0,own_lags_LGBM_2,1.0,
-5.628503026922037,5.535381714661766e-07,59,-122.72695454471211,21.80454624572276,-166.37349599862873,-79.0804130907955,3,ok,P_Power,AE,mutual_lags_LGBM_0,seasonal_naive_lag168,4.760428274609119e-05,mutual_lags_LGBM_0
-4.201925616871789,9.24725111688124e-05,59,-37.38844847314801,8.897932015508312,-55.199594561326656,-19.577302384969364,3,ok,P_Power,AE,mutual_lags_LGBM_0,seasonal_naive_lag24,0.007027910848829743,mutual_lags_LGBM_0
-3.4228199914032778,0.0011426805486345706,59,-11.616144518136027,3.3937351503470894,-18.409443505144054,-4.822845531127998,3,ok,P_Power,AE,mutual_lags_LGBM_1,mutual_lags_LGBM_2,0.07313155511261252,
-1.65728787954171,0.10286136932401853,59,-5.2881177281579355,3.190826285183633,-11.675250492080206,1.0990150357643351,3,ok,P_Power,AE,mutual_lags_LGBM_1,own_lags_LGBM_0,1.0,
-2.6459898490283997,0.010466626886529069,59,-6.279915283245088,2.37337089012305,-11.030733290365738,-1.5290972761244381,3,ok,P_Power,AE,mutual_lags_LGBM_1,own_lags_LGBM_1,0.4291317023476918,
-2.595346625170831,0.011949367136247465,59,-6.752705956379527,2.6018512867949,-11.960877168302659,-1.5445347444563957,3,ok,P_Power,AE,mutual_lags_LGBM_1,own_lags_LGBM_2,0.47797468544989863,
-5.8227918181050144,2.665962022262601e-07,59,-127.2982165159392,21.862058698393838,-171.05988165192358,-83.53655137995483,3,ok,P_Power,AE,mutual_lags_LGBM_1,seasonal_naive_lag168,2.4260254402589667e-05,mutual_lags_LGBM_1
-5.775740725717005,3.183563233003701e-07,59,-41.95971044437511,7.264818910160861,-56.501825475993044,-27.41759541275718,3,ok,P_Power,AE,mutual_lags_LGBM_1,seasonal_naive_lag24,2.833371277373294e-05,mutual_lags_LGBM_1
1.7266465785159402,0.08955435541424124,59,6.32802678997809,3.664923018245607,-1.0081136936904702,13.664167273646651,3,ok,P_Power,AE,mutual_lags_LGBM_2,own_lags_LGBM_0,1.0,
1.4345548717791563,0.15678418435457844,59,5.336229234890937,3.719780497676514,-2.1097204244906065,12.78217889427248,3,ok,P_Power,AE,mutual_lags_LGBM_2,own_lags_LGBM_1,1.0,
1.4735712509268237,0.14600397660139647,59,4.8634385617565,3.3004434354277548,-1.7431167683716033,11.469993891884604,3,ok,P_Power,AE,mutual_lags_LGBM_2,own_lags_LGBM_2,1.0,
-5.783616496792348,3.090466792582438e-07,59,-115.68207199780318,20.001684423917393,-155.71979342151405,-75.6443505740923,3,ok,P_Power,AE,mutual_lags_LGBM_2,seasonal_naive_lag168,2.781420113324194e-05,mutual_lags_LGBM_2
-3.6028920383621603,0.0006541391271882305,59,-30.343565926239084,8.42200254771802,-47.20203567752196,-13.485096174956205,3,ok,P_Power,AE,mutual_lags_LGBM_2,seasonal_naive_lag24,0.045789738903176135,mutual_lags_LGBM_2
-0.2866714705507029,0.775385469297486,59,-0.9917975550871518,3.45970093634321,-7.917141409278997,5.9335462991046946,3,ok,P_Power,AE,own_lags_LGBM_0,own_lags_LGBM_1,1.0,
-0.3255549184771532,0.7459327129271056,59,-1.4645882282215896,4.498743975586324,-10.469802700845781,7.540626244402601,3,ok,P_Power,AE,own_lags_LGBM_0,own_lags_LGBM_2,1.0,
-5.713819878480464,4.01898814933464e-07,59,-122.01009878778129,21.35350805287,-164.75378920504727,-79.26640837051532,3,ok,P_Power,AE,own_lags_LGBM_0,seasonal_naive_lag168,3.536709571414483e-05,own_lags_LGBM_0
-4.6496844613576025,1.9661191164912e-05,59,-36.67159271621717,7.886899212405888,-52.458936765381324,-20.884248667053015,3,ok,P_Power,AE,own_lags_LGBM_0,seasonal_naive_lag24,0.0016318788666876962,own_lags_LGBM_0
-0.13561005429258058,0.8925991219561228,59,-0.47279067313443807,3.4863983765863376,-7.451575260242875,6.505993913974,3,ok,P_Power,AE,own_lags_LGBM_1,own_lags_LGBM_2,1.0,
-5.605172401874209,6.040601895151152e-07,59,-121.01830123269411,21.59046904466829,-164.2363206103031,-77.80028185508512,3,ok,P_Power,AE,own_lags_LGBM_1,seasonal_naive_lag168,5.1345116108784795e-05,own_lags_LGBM_1
-5.131428348146217,3.4840074580742456e-06,59,-35.67979516113002,6.953189782727791,-49.59811671979625,-21.76147360246379,3,ok,P_Power,AE,own_lags_LGBM_1,seasonal_naive_lag24,0.0002926566264782366,own_lags_LGBM_1
-5.63786960205431,5.344511998358094e-07,59,-120.54551055955966,21.38139387183337,-163.3450205082043,-77.746000610915,3,ok,P_Power,AE,own_lags_LGBM_2,seasonal_naive_lag168,4.649725438571541e-05,own_lags_LGBM_2
-4.146917006919071,0.000111324129229486,59,-35.20700448799559,8.489922617031691,-52.201431029548004,-18.21257794644318,3,ok,P_Power,AE,own_lags_LGBM_2,seasonal_naive_lag24,0.008237985562981965,own_lags_LGBM_2
3.6643205719424925,0.000538944913026995,59,85.33850607156411,23.28903937199068,38.72042877170359,131.95658337142464,3,ok,P_Power,AE,seasonal_naive_lag168,seasonal_naive_lag24,0.03880403373794364,seasonal_naive_lag24
-0.4151369975715885,0.6795733246546725,59,-2.616036341130933,6.301621769280656,-15.230102815170255,9.99803013290839,3,ok,P_Power,CRPS,LagDrop_LGBM,SFS_LGBM,1.0,
0.1460112118088705,0.8844188278387111,59,0.8062416045911437,5.521778736050205,-10.246799434941932,11.85928264412422,3,ok,P_Power,CRPS,LagDrop_LGBM,SFS_LGBM_1,1.0,
-0.058754756227391694,0.9533494136284906,59,-0.35117533932903033,5.976968706497859,-12.315378101314728,11.613027422656668,3,ok,P_Power,CRPS,LagDrop_LGBM,SFS_LGBM_2,1.0,
-0.059874003576079506,0.9524618139591188,59,-0.3707594156254534,6.19232711162106,-12.766048862503895,12.024530031252988,3,ok,P_Power,CRPS,LagDrop_LGBM,SFS_shared_LGBM,1.0,
-3.3327051497231452,0.0015018501734624082,59,-55.33825058542256,16.60460439772766,-88.57597752566889,-22.10052364517623,3,ok,P_Power,CRPS,LagDrop_LGBM,mi_top_k_nolags_LGBM,0.10062396162198135,
2.4294686361296836,0.01823867557941706,59,26.054513601219444,10.724367136809857,4.587360397074573,47.52166680536432,3,ok,P_Power,CRPS,LagDrop_LGBM,mutual_lags_LGBM_0,0.8936951033914359,
2.545308958765281,0.013599589839269888,59,29.83365253381423,11.721033877272964,6.371454089418318,53.29585097821014,3,ok,P_Power,CRPS,LagDrop_LGBM,mutual_lags_LGBM_1,0.7386509434586145,
1.7593904122574207,0.0837849747076657,59,19.5484893760549,11.110944586183589,-2.692482667477641,41.78946141958744,3,ok,P_Power,CRPS,LagDrop_LGBM,mutual_lags_LGBM_2,1.0,
2.2916695551950577,0.025574068244005193,59,25.757611957417875,11.239671050752992,3.258965899084558,48.25625801575119,3,ok,P_Power,CRPS,LagDrop_LGBM,own_lags_LGBM_0,1.0,
2.157618082826914,0.03511173227952857,59,25.371864996325584,11.759201129369167,1.833266496086921,48.91046349656425,3,ok,P_Power,CRPS,LagDrop_LGBM,own_lags_LGBM_1,1.0,
2.256530679723219,0.027821485735851154,59,24.33816329580141,10.785655836412857,2.748327430080689,45.92799916152214,3,ok,P_Power,CRPS,LagDrop_LGBM,own_lags_LGBM_2,1.0,
-4.090463120814419,0.00013451834270810804,59,-78.35535506752083,19.155619486900576,-116.6994935140829,-40.01121662095876,3,ok,P_Power,CRPS,LagDrop_LGBM,seasonal_naive_lag168,0.010626949073940536,LagDrop_LGBM
0.027586500391806254,0.9780866500613572,59,0.4045497765118848,14.664773377055258,-28.9501834933672,29.75928304639097,3,ok,P_Power,CRPS,LagDrop_LGBM,seasonal_naive_lag24,1.0,
1.0014860391422817,0.3207519122597557,59,3.422277945722077,3.417199852983544,-3.4179907468136115,10.262546638257765,3,ok,P_Power,CRPS,SFS_LGBM,SFS_LGBM_1,1.0,
1.462637926387417,0.1489644569235172,59,2.264861001801903,1.5484768724655624,-0.8347522276069457,5.364474231210751,3,ok,P_Power,CRPS,SFS_LGBM,SFS_LGBM_2,1.0,
1.607179352959377,0.11344597402163502,59,2.2452769255054794,1.3970294736372406,-0.5511813977404008,5.04173524875136,3,ok,P_Power,CRPS,SFS_LGBM,SFS_shared_LGBM,1.0,
-2.5246330267224537,0.014339834285014619,59,-52.722214244291614,20.883119917327946,-94.52432050630857,-10.920107982274658,3,ok,P_Power,CRPS,SFS_LGBM,mi_top_k_nolags_LGBM,0.7386509434586145,
2.4022944677987748,0.019514739916229814,59,28.670549942350377,11.934652610935427,4.780747143841346,52.56035274085941,3,ok,P_Power,CRPS,SFS_LGBM,mutual_lags_LGBM_0,0.9171927760628013,
2.5542471693313935,0.013290440691011369,59,32.44968887494517,12.704208607751646,7.019452382580294,57.87992536731004,3,ok,P_Power,CRPS,SFS_LGBM,mutual_lags_LGBM_1,0.7386509434586145,
1.8580966368865381,0.06823304770378805,59,22.164525717185832,11.928618392165614,-1.7131982801085073,46.04224971448017,3,ok,P_Power,CRPS,SFS_LGBM,mutual_lags_LGBM_2,1.0,
2.3073812684537436,0.024622387741782718,59,28.373648298548808,12.296905018026335,3.7587185230922096,52.9885780740054,3,ok,P_Power,CRPS,SFS_LGBM,own_lags_LGBM_0,1.0,
2.1862838468674832,0.03284361094289506,59,27.98790133745652,12.801586297935515,2.3627422200849217,53.613060454828116,3,ok,P_Power,CRPS,SFS_LGBM,own_lags_LGBM_1,1.0,
2.247561282815639,0.02842244007130113,59,26.954199636932348,11.992642800451428,2.948316862160244,50.96008241170445,3,ok,P_Power,CRPS,SFS_LGBM,own_lags_LGBM_2,1.0,
-4.005441785290206,0.0001784760124564388,59,-75.7393187263899,18.909104859428727,-113.59000453304401,-37.88863291973578,3,ok,P_Power,CRPS,SFS_LGBM,seasonal_naive_lag168,0.01354784852275145,SFS_LGBM
0.20130310935097842,0.8411658922992754,59,3.02058611764282,15.005163742286422,-27.015512497754063,33.0566847330397,3,ok,P_Power,CRPS,SFS_LGBM,seasonal_naive_lag24,1.0,
-0.39956735595968124,0.6909428338796579,59,-1.1574169439201736,2.896675433207722,-6.955742804466045,4.640908916625698,3,ok,P_Power,CRPS,SFS_LGBM_1,SFS_LGBM_2,1.0,
-0.42004436693844477,0.6760050774465021,59,-1.1770010202165975,2.8020873813767406,-6.785988323621158,4.431986283187964,3,ok,P_Power,CRPS,SFS_LGBM_1,SFS_shared_LGBM,1.0,
-2.859907728824961,0.00588075083165072,59,-56.14449219001369,19.631574691775654,-95.44135849184414,-16.847625888183252,3,ok,P_Power,CRPS,SFS_LGBM_1,mi_top_k_nolags_LGBM,0.37048730239399535,
2.791989272753919,0.0070825523079644055,59,25.2482719966283,9.043112107563474,7.146516379833024,43.35002761342358,3,ok,P_Power,CRPS,SFS_LGBM_1,mutual_lags_LGBM_0,0.43911824309379316,
2.969961742588752,0.004326614405579415,59,29.02741092922309,9.773664930754798,9.46329495315408,48.5915269052921,3,ok,P_Power,CRPS,SFS_LGBM_1,mutual_lags_LGBM_1,0.28122993636266197,
2.0570012592692786,0.04419269541721518,59,18.742247771463756,9.111442050415507,0.5037149133709207,36.98078062955659,3,ok,P_Power,CRPS,SFS_LGBM_1,mutual_lags_LGBM_2,1.0,
2.6694095761453407,0.009839437746921807,59,24.951370352826736,9.347149487961609,6.241017795854795,43.66172290979868,3,ok,P_Power,CRPS,SFS_LGBM_1,own_lags_LGBM_0,0.5903662648153084,
2.4808553340534396,0.01602875674892371,59,24.56562339173444,9.902078148022023,4.744460433466283,44.386786350002595,3,ok,P_Power,CRPS,SFS_LGBM_1,own_lags_LGBM_1,0.8014378374461855,
2.55718599112891,0.01319019541890383,59,23.531921691210268,9.202272252720158,5.111572429075764,41.95227095334477,3,ok,P_Power,CRPS,SFS_LGBM_1,own_lags_LGBM_2,0.7386509434586145,
-4.287352260622046,6.917519200176533e-05,59,-79.16159667211197,18.463982397524415,-116.12127306418645,-42.201920280037484,3,ok,P_Power,CRPS,SFS_LGBM_1,seasonal_naive_lag168,0.0056723657441447575,SFS_LGBM_1
-0.032773349405203434,0.9739678556545162,59,-0.401691828079256,12.25666083477813,-24.936064118292776,24.132680462134267,3,ok,P_Power,CRPS,SFS_LGBM_1,seasonal_naive_lag24,1.0,
-0.03196352261422024,0.9746108821887576,59,-0.01958407629642366,0.6127008131359999,-1.2460380065007575,1.2068698539079101,3,ok,P_Power,CRPS,SFS_LGBM_2,SFS_shared_LGBM,1.0,
-2.654396457620886,0.01023741267712733,59,-54.987075246093525,20.715471906324797,-96.4535975533033,-13.520552938883746,3,ok,P_Power,CRPS,SFS_LGBM_2,mi_top_k_nolags_LGBM,0.6040073479505125,
2.38351200904277,0.0204429244316032,59,26.40568894054847,11.078479504348342,4.229702818949747,48.58167506214719,3,ok,P_Power,CRPS,SFS_LGBM_2,mutual_lags_LGBM_0,0.9403745238537471,
2.532714606621988,0.014046259804139444,59,30.184827873143266,11.917974411417134,6.328410118214066,54.04124562807247,3,ok,P_Power,CRPS,SFS_LGBM_2,mutual_lags_LGBM_1,0.7386509434586145,
1.7945418574768537,0.0779385018956572,59,19.89966471538393,11.088994459768738,-2.297369376324802,42.096698807092665,3,ok,P_Power,CRPS,SFS_LGBM_2,mutual_lags_LGBM_2,1.0,
2.281408013744141,0.02621311491779742,59,26.108787296746907,11.444155161837264,3.2008218180263057,49.01675277546751,3,ok,P_Power,CRPS,SFS_LGBM_2,own_lags_LGBM_0,1.0,
2.13475758367815,0.03701769788651963,59,25.72304033565462,12.049630614888963,1.603084056339675,49.842996614969564,3,ok,P_Power,CRPS,SFS_LGBM_2,own_lags_LGBM_1,1.0,
2.206111061673579,0.03135108548217184,59,24.689338635130436,11.191339848684157,2.2874379890080654,47.09123928125281,3,ok,P_Power,CRPS,SFS_LGBM_2,own_lags_LGBM_2,1.0,
-4.198642501785602,9.350505410865222e-05,59,-78.00417972819177,18.57842855042269,-115.1929449855159,-40.81541447086765,3,ok,P_Power,CRPS,SFS_LGBM_2,seasonal_naive_lag168,0.007573909382800829,SFS_LGBM_2
0.05292834057068623,0.9579708848690045,59,0.7557251158409175,14.278269594181598,-27.825336774171685,29.33678700585352,3,ok,P_Power,CRPS,SFS_LGBM_2,seasonal_naive_lag24,1.0,
-2.6341842121106587,0.010796430049888502,59,-54.9674911697971,20.86698831352953,-96.73730651844346,-13.197675821150739,3,ok,P_Power,CRPS,SFS_shared_LGBM,mi_top_k_nolags_LGBM,0.6261929428935331,
2.3822410993977976,0.020507134157391214,59,26.425273016844898,11.092610661248727,4.221000311407476,48.629545722282316,3,ok,P_Power,CRPS,SFS_shared_LGBM,mutual_lags_LGBM_0,0.9403745238537471,
2.545083838051261,0.013607459637530761,59,30.204411949439685,11.8677473401296,6.448534601284148,53.960289297595224,3,ok,P_Power,CRPS,SFS_shared_LGBM,mutual_lags_LGBM_1,0.7386509434586145,
1.7995972565400875,0.07712638605082521,59,19.919248791680356,11.068725915918087,-2.2372134014243663,42.075710984785076,3,ok,P_Power,CRPS,SFS_shared_LGBM,mutual_lags_LGBM_2,1.0,
2.2843252015618063,0.026030019193790294,59,26.12837137304333,11.438113695536526,3.2324992030467925,49.024243543039866,3,ok,P_Power,CRPS,SFS_shared_LGBM,own_lags_LGBM_0,1.0,
2.146684008185123,0.036012355684141725,59,25.74262441195104,11.991808907969972,1.7384108543389623,49.74683796956312,3,ok,P_Power,CRPS,SFS_shared_LGBM,own_lags_LGBM_1,1.0,
2.20844443000589,0.031179424053913395,59,24.708922711426865,11.188383269105378,2.3129403023406,47.10490512051313,3,ok,P_Power,CRPS,SFS_shared_LGBM,own_lags_LGBM_2,1.0,
-4.157945498289744,0.00010726870716975043,59,-77.98459565189536,18.755559851367018,-115.52792773130915,-40.44126357248158,3,ok,P_Power,CRPS,SFS_shared_LGBM,seasonal_naive_lag168,0.008581496573580035,SFS_shared_LGBM
0.05452702922975732,0.9567026653889437,59,0.7753091921373425,14.218804931962605,-27.686721243822713,29.2373396280974,3,ok,P_Power,CRPS,SFS_shared_LGBM,seasonal_naive_lag24,1.0,
4.005805754521267,0.0001782611647730454,59,81.39276418664198,20.31869970099666,40.7204677400604,122.06506063322357,3,ok,P_Power,CRPS,mi_top_k_nolags_LGBM,mutual_lags_LGBM_0,0.01354784852275145,mutual_lags_LGBM_0
4.0894729370372715,0.00013496418225514325,59,85.17190311923676,20.827110102100793,43.481912683643735,126.86189355482978,3,ok,P_Power,CRPS,mi_top_k_nolags_LGBM,mutual_lags_LGBM_1,0.010626949073940536,mutual_lags_LGBM_1
3.6235018775117025,0.0006130944261192243,59,74.88673996147746,20.666952162007153,33.517340474794565,116.25613944816035,3,ok,P_Power,CRPS,mi_top_k_nolags_LGBM,mutual_lags_LGBM_2,0.042465630601015096,mutual_lags_LGBM_2
3.9333693287515623,0.00022631854054446543,59,81.09586254284042,20.617403494265808,39.82564549069148,122.36607959498937,3,ok,P_Power,CRPS,mi_top_k_nolags_LGBM,own_lags_LGBM_0,0.01629493491920151,own_lags_LGBM_0
3.899634015960916,0.0002527483518701869,59,80.71011558174813,20.696843665689535,39.280881749516816,122.13934941397943,3,ok,P_Power,CRPS,mi_top_k_nolags_LGBM,own_lags_LGBM_1,0.01794513298278327,own_lags_LGBM_1
3.9514273039542442,0.0002132857898061929,59,79.67641388122395,20.16395792008896,39.313866763013074,120.03896099943483,3,ok,P_Power,CRPS,mi_top_k_nolags_LGBM,own_lags_LGBM_2,0.015569862655852081,own_lags_LGBM_2
-0.8238928488575502,0.4133756185423595,59,-23.01710448209827,27.937012093277545,-78.93911004398882,32.90490107979228,3,ok,P_Power,CRPS,mi_top_k_nolags_LGBM,seasonal_naive_lag168,1.0,
2.419187027342595,0.01871240118041365,59,55.74280036193443,23.041955719796597,9.619314728717264,101.8662859951516,3,ok,P_Power,CRPS,mi_top_k_nolags_LGBM,seasonal_naive_lag24,0.8981952566598552,
1.7373036048393258,0.08764160205829727,59,3.779138932594788,2.175289869927082,-0.5751768331222675,8.133454698311844,3,ok,P_Power,CRPS,mutual_lags_LGBM_0,mutual_lags_LGBM_1,1.0,
-2.9650323705519153,0.00438713797844319,59,-6.50602422516454,2.1942506563439306,-10.898294128565345,-2.113754321763736,3,ok,P_Power,CRPS,mutual_lags_LGBM_0,mutual_lags_LGBM_2,0.28122993636266197,
-0.16100944025989333,0.8726454850934118,59,-0.2969016438015656,1.8440014655185553,-3.9880716181194953,3.3942683305163643,3,ok,P_Power,CRPS,mutual_lags_LGBM_0,own_lags_LGBM_0,1.0,
-0.24715907020371175,0.8056579209714101,59,-0.682648604893856,2.7619807937099297,-6.211353850536358,4.846056640748645,3,ok,P_Power,CRPS,mutual_lags_LGBM_0,own_lags_LGBM_1,1.0,
-0.7263520385402166,0.47054422535379536,59,-1.7163503054180325,2.3629730686341315,-6.446354811467294,3.013654200631229,3,ok,P_Power,CRPS,mutual_lags_LGBM_0,own_lags_LGBM_2,1.0,
-5.234901028438011,2.3851053032134943e-06,59,-104.40986866874026,19.944955616456813,-144.33403504670258,-64.48570229077794,3,ok,P_Power,CRPS,mutual_lags_LGBM_0,seasonal_naive_lag168,0.000212274371986001,mutual_lags_LGBM_0
-3.9557319479577555,0.00021028745546226822,59,-25.649963824707555,6.48425226030545,-38.62960494576924,-12.670322703645873,3,ok,P_Power,CRPS,mutual_lags_LGBM_0,seasonal_naive_lag24,0.015561271704207848,mutual_lags_LGBM_0
-4.078858418316352,0.0001398340516007958,59,-10.285163157759328,2.5215788593134794,-15.33265164809812,-5.237674667420537,3,ok,P_Power,CRPS,mutual_lags_LGBM_1,mutual_lags_LGBM_2,0.010767221973261276,mutual_lags_LGBM_1
-1.9220925189592626,0.059510870376676045,59,-4.076040576396355,2.1206266275898993,-8.320935974187005,0.16885482139429353,3,ok,P_Power,CRPS,mutual_lags_LGBM_1,own_lags_LGBM_0,1.0,
-2.766215630124525,0.007595052078393177,59,-4.461787537488645,1.6129572434263888,-7.690472252833951,-1.2331028221433393,3,ok,P_Power,CRPS,mutual_lags_LGBM_1,own_lags_LGBM_1,0.4632981767819838,
-2.6217099963484367,0.011155184626422496,59,-5.495489238012821,2.096146883395583,-9.691383103842304,-1.2995953721833384,3,ok,P_Power,CRPS,mutual_lags_LGBM_1,own_lags_LGBM_2,0.6358455237060823,
-5.242803837650925,2.3168482510820934e-06,59,-108.18900760133505,20.63571534459887,-149.49587980446273,-66.88213539820737,3,ok,P_Power,CRPS,mutual_lags_LGBM_1,seasonal_naive_lag168,0.0002085163425973884,mutual_lags_LGBM_1
-5.4231904927122985,1.190118467272355e-06,59,-29.429102757302342,5.42652941969294,-40.2914815749302,-18.566723939674482,3,ok,P_Power,CRPS,mutual_lags_LGBM_1,seasonal_naive_lag24,0.0001083007805217843,mutual_lags_LGBM_1
2.2019081551807997,0.03166238468048699,59,6.209122581362976,2.8198826398611265,0.5645141979153365,11.853730964810616,3,ok,P_Power,CRPS,mutual_lags_LGBM_2,own_lags_LGBM_0,1.0,
1.9321455291480936,0.05823084132435211,59,5.823375620270687,3.013942548539956,-0.20968587535099292,11.856437115892366,3,ok,P_Power,CRPS,mutual_lags_LGBM_2,own_lags_LGBM_1,1.0,
2.070329522036707,0.04288329419377205,59,4.78967391974651,2.3134838530605606,0.15873284178749802,9.42061499770552,3,ok,P_Power,CRPS,mutual_lags_LGBM_2,own_lags_LGBM_2,1.0,
-5.141864955982394,3.3537111277508354e-06,59,-97.90384444357571,19.04053204074676,-136.01761033696607,-59.79007855018535,3,ok,P_Power,CRPS,mutual_lags_LGBM_2,seasonal_naive_lag168,0.00028841915698657184,mutual_lags_LGBM_2
-3.0575372592935968,0.0033728215505371044,59,-19.143939599543007,6.261228556202766,-31.677150272723512,-6.610728926362501,3,ok,P_Power,CRPS,mutual_lags_LGBM_2,seasonal_naive_lag24,0.22260622233544888,
-0.16848745532001974,0.8667859994510492,59,-0.3857469610922907,2.2894699214230227,-4.968618932229374,4.197125010044793,3,ok,P_Power,CRPS,own_lags_LGBM_0,own_lags_LGBM_1,1.0,
-0.45617454974680177,0.6499680502696578,59,-1.419448661616466,3.111634926596248,-7.648062698461153,4.80916537522822,3,ok,P_Power,CRPS,own_lags_LGBM_0,own_lags_LGBM_2,1.0,
-5.209859535843451,2.614731059512705e-06,59,-104.1129670249387,19.983833788348637,-144.11495651932847,-64.11097753054891,3,ok,P_Power,CRPS,own_lags_LGBM_0,seasonal_naive_lag168,0.00023009633323711805,own_lags_LGBM_0
-4.555559744841453,2.736845638467719e-05,59,-25.35306218090599,5.565301214546655,-36.49322292659875,-14.212901435213237,3,ok,P_Power,CRPS,own_lags_LGBM_0,seasonal_naive_lag24,0.0022715818799282066,own_lags_LGBM_0
-0.35512262087825797,0.723785899259967,59,-1.033701700524176,2.9108303435239242,-6.860361692536498,4.792958291488145,3,ok,P_Power,CRPS,own_lags_LGBM_1,own_lags_LGBM_2,1.0,
-4.982911164249767,5.976807818706102e-06,59,-103.72722006384642,20.816590271174082,-145.3961527699432,-62.05828735774964,3,ok,P_Power,CRPS,own_lags_LGBM_1,seasonal_naive_lag168,0.0005020518567713126,own_lags_LGBM_1
-5.080323863364465,4.197419765890938e-06,59,-24.9673152198137,4.914512517569892,-34.80478085228397,-15.129849587343426,3,ok,P_Power,CRPS,own_lags_LGBM_1,seasonal_naive_lag24,0.00035678068010072976,own_lags_LGBM_1
-5.1838610651469095,2.876146164865881e-06,59,-102.69351836332224,19.81023740272868,-142.34801693743213,-63.03901978921234,3,ok,P_Power,CRPS,own_lags_LGBM_2,seasonal_naive_lag168,0.00025022471634333167,own_lags_LGBM_2
-3.626855914052159,0.0006066518657287871,59,-23.933613519289523,6.5989976129350385,-37.14294241893426,-10.724284619644783,3,ok,P_Power,CRPS,own_lags_LGBM_2,seasonal_naive_lag24,0.042465630601015096,own_lags_LGBM_2
3.5746837325163328,0.0007145828461849843,59,78.7599048440327,22.032691767277303,34.65668051069093,122.86312917737447,3,ok,P_Power,CRPS,seasonal_naive_lag168,seasonal_naive_lag24,0.04859163354057894,seasonal_naive_lag24
-0.3978261559362425,0.6922188383065477,59,-1.3082218966230574,3.2884260552056794,-7.890721826647011,5.274278033400897,3,ok,P_Power,PB,LagDrop_LGBM,SFS_LGBM,1.0,
0.15164060198141913,0.8799966382403888,59,0.4411391331501396,2.9091096143511312,-5.382076445191523,6.264354711491802,3,ok,P_Power,PB,LagDrop_LGBM,SFS_LGBM_1,1.0,
-0.039005777776277464,0.9690197352492675,59,-0.12183370774778919,3.123478486868836,-6.374155206264643,6.130487790769065,3,ok,P_Power,PB,LagDrop_LGBM,SFS_LGBM_2,1.0,
-0.03538569674740908,0.9718936947347807,59,-0.11457341895390284,3.2378454993200565,-6.595825365903821,6.366678527996015,3,ok,P_Power,PB,LagDrop_LGBM,SFS_shared_LGBM,1.0,
-3.357086790866156,0.0013953453190346827,59,-28.937971322940083,8.619965203662145,-46.19270638383415,-11.68323626204602,3,ok,P_Power,PB,LagDrop_LGBM,mi_top_k_nolags_LGBM,0.09348813637532374,
2.448270828555863,0.01740014783942019,59,13.595711159327385,5.5531892145065305,2.4797952158829144,24.711627102771857,3,ok,P_Power,PB,LagDrop_LGBM,mutual_lags_LGBM_0,0.8526072441315894,
2.554631350603171,0.013277296857096854,59,15.541272322127774,6.083567524706977,3.3636888419436666,27.718855802311882,3,ok,P_Power,PB,LagDrop_LGBM,mutual_lags_LGBM_1,0.7036967334261333,
1.7651990313860837,0.08279445999789882,59,10.16300829577413,5.757429114264725,-1.3617382259763868,21.68775481752465,3,ok,P_Power,PB,LagDrop_LGBM,mutual_lags_LGBM_2,1.0,
2.300399339790891,0.025041337926757667,59,13.417774397210868,5.832802229212325,1.7421521934352509,25.093396600986487,3,ok,P_Power,PB,LagDrop_LGBM,own_lags_LGBM_0,1.0,
2.1684482378501033,0.034239175267356495,59,13.235309429857137,6.103585595835672,1.0176554266958568,25.452963433018418,3,ok,P_Power,PB,LagDrop_LGBM,own_lags_LGBM_1,1.0,
2.2750173766167716,0.026618215749717945,59,12.716176577859114,5.589485473192131,1.5276057787946211,23.90474737692361,3,ok,P_Power,PB,LagDrop_LGBM,own_lags_LGBM_2,1.0,
-4.100762428280189,0.00012996457788280443,59,-40.99429714842769,9.99675008376923,-61.004966575738905,-20.983627721116473,3,ok,P_Power,PB,LagDrop_LGBM,seasonal_naive_lag168,0.010137237074858745,LagDrop_LGBM
0.028154621490127794,0.977635482852613,59,0.21450018184829991,7.618649106098364,-15.035882939396267,15.464883303092865,3,ok,P_Power,PB,LagDrop_LGBM,seasonal_naive_lag24,1.0,
0.9879302835663551,0.32729037734334854,59,1.7493610297731965,1.7707332783221634,-1.7951467332020898,5.293868792748483,3,ok,P_Power,PB,SFS_LGBM,SFS_LGBM_1,1.0,
1.4558182038860983,0.15083475308761723,59,1.1863881888752674,0.8149288047837113,-0.44486904799386706,2.817645425744402,3,ok,P_Power,PB,SFS_LGBM,SFS_LGBM_2,1.0,
1.6141789035499226,0.11191653927771966,59,1.193648477669154,0.739477188708183,-0.28657594009458176,2.67387289543289,3,ok,P_Power,PB,SFS_LGBM,SFS_shared_LGBM,1.0,
-2.548683786292576,0.01348210560660326,59,-27.629749426317023,10.840791460641901,-49.329951235056285,-5.929547617577764,3,ok,P_Power,PB,SFS_LGBM,mi_top_k_nolags_LGBM,0.7036967334261333,
2.4279305442975305,0.0183088510777232,59,14.903933055950443,6.1385335305226265,2.61632316089152,27.191542951009367,3,ok,P_Power,PB,SFS_LGBM,mutual_lags_LGBM_0,0.8685411110665351,
2.575972524638194,0.012565418436041026,59,16.84949421875083,6.541022490570785,3.756215135188077,29.942773302313583,3,ok,P_Power,PB,SFS_LGBM,mutual_lags_LGBM_1,0.6910980139822565,
1.8680088651261646,0.06681528534312522,59,11.471230192397188,6.140886377229492,-0.8210894370523807,23.76354982184676,3,ok,P_Power,PB,SFS_LGBM,mutual_lags_LGBM_2,1.0,
2.3262762584054837,0.023519675267201907,59,14.725996293833925,6.330286972849764,2.0545501806237354,27.397442407044114,3,ok,P_Power,PB,SFS_LGBM,own_lags_LGBM_0,1.0,
2.2067972189742195,0.03130052006776538,59,14.54353132648019,6.590334264260322,1.3515440033488755,27.735518649611507,3,ok,P_Power,PB,SFS_LGBM,own_lags_LGBM_1,1.0,
2.2723292111232567,0.026790268939993384,59,14.02439847448217,6.171816304535221,1.6701658687613836,26.378631080202958,3,ok,P_Power,PB,SFS_LGBM,own_lags_LGBM_2,1.0,
-4.013810814429623,0.0001735984399515452,59,-39.68607525180463,9.887380618222828,-59.47781790769999,-19.89433259590927,3,ok,P_Power,PB,SFS_LGBM,seasonal_naive_lag168,0.01301988299636589,SFS_LGBM
0.1967959893133895,0.8446751727924412,59,1.5227220784713589,7.73756662310067,-13.96570031572786,17.011144472670576,3,ok,P_Power,PB,SFS_LGBM,seasonal_naive_lag24,1.0,
-0.37407293442030076,0.7097141166878002,59,-0.562972840897929,1.5049814864856919,-3.575520595711225,2.449574913915367,3,ok,P_Power,PB,SFS_LGBM_1,SFS_LGBM_2,1.0,
-0.3837279286292471,0.7025831963507638,59,-0.5557125521040424,1.4481941778101968,-3.4545881582640474,2.343163054055963,3,ok,P_Power,PB,SFS_LGBM_1,SFS_shared_LGBM,1.0,
-2.878763474159231,0.005582237963738148,59,-29.37911045609022,10.205461726816807,-49.807561628434456,-8.950659283745988,3,ok,P_Power,PB,SFS_LGBM_1,mi_top_k_nolags_LGBM,0.3516809917155033,
2.828697183613734,0.006407472870469654,59,13.154572026177245,4.65039952045059,3.8457859978306796,22.46335805452381,3,ok,P_Power,PB,SFS_LGBM_1,mutual_lags_LGBM_0,0.3972633179691185,
3.001131891829524,0.00396153295859748,59,15.100133188977637,5.03147936619754,5.028532970544033,25.17173340741124,3,ok,P_Power,PB,SFS_LGBM_1,mutual_lags_LGBM_1,0.2574996423088362,
2.0727745706799627,0.042646774143148505,59,9.72186916262399,4.690268445079767,0.33327681077313187,19.11046151447485,3,ok,P_Power,PB,SFS_LGBM_1,mutual_lags_LGBM_2,1.0,
2.698251975790729,0.00911430036832306,59,12.976635264060729,4.809274812170904,3.3498257864789363,22.60344474164252,3,ok,P_Power,PB,SFS_LGBM_1,own_lags_LGBM_0,0.5468580220993836,
2.509938828918893,0.014887881691842722,59,12.794170296706994,5.097403231224496,2.5906091250265,22.99773146838749,3,ok,P_Power,PB,SFS_LGBM_1,own_lags_LGBM_1,0.7443940845921361,
2.5914566052904724,0.012070811268432903,59,12.275037444708977,4.736732777870724,2.7934366255213163,21.756638263896637,3,ok,P_Power,PB,SFS_LGBM_1,own_lags_LGBM_2,0.6842194012407661,
-4.295836835614426,6.720003351990612e-05,59,-41.435436281577836,9.64548651803052,-60.74297528780667,-22.127897275348996,3,ok,P_Power,PB,SFS_LGBM_1,seasonal_naive_lag168,0.005510402748632302,SFS_LGBM_1
-0.03584324927519811,0.9715304252004997,59,-0.2266389513018399,6.323058201608516,-12.883615106729538,12.430337204125857,3,ok,P_Power,PB,SFS_LGBM_1,seasonal_naive_lag24,1.0,
0.02217921107243444,0.9823811292178408,59,0.007260288793886649,0.32734657559168734,-0.647995074943064,0.6625156525308372,3,ok,P_Power,PB,SFS_LGBM_2,SFS_shared_LGBM,1.0,
-2.679534187453522,0.009579088714998522,59,-28.816137615192297,10.754159342365968,-50.342926398090086,-7.2893488322945075,3,ok,P_Power,PB,SFS_LGBM_2,mi_top_k_nolags_LGBM,0.5651662341849127,
2.4090970091908446,0.019188005583086053,59,13.717544867075175,5.6940608098146095,2.3196437882830914,25.115445945867258,3,ok,P_Power,PB,SFS_LGBM_2,mutual_lags_LGBM_0,0.8826482568219585,
2.5531252488852783,0.013328892061555981,59,15.663106029875566,6.134875692727666,3.382818092684982,27.94339396706615,3,ok,P_Power,PB,SFS_LGBM_2,mutual_lags_LGBM_1,0.7036967334261333,
1.8027162463037463,0.07662887925044352,59,10.284842003521922,5.7051918318314145,-1.1353402366576066,21.705024243701452,3,ok,P_Power,PB,SFS_LGBM_2,mutual_lags_LGBM_2,1.0,
2.2993687955866333,0.025103709016486373,59,13.539608104958658,5.88840212624714,1.752690615171776,25.32652559474554,3,ok,P_Power,PB,SFS_LGBM_2,own_lags_LGBM_0,1.0,
2.153028648507763,0.03548732708465575,59,13.357143137604924,6.203885464720867,0.9387171332386739,25.775569141971175,3,ok,P_Power,PB,SFS_LGBM_2,own_lags_LGBM_1,1.0,
2.2292966602123245,0.02968174845697805,59,12.838010285606904,5.75877159587373,1.3105764949474974,24.36544407626631,3,ok,P_Power,PB,SFS_LGBM_2,own_lags_LGBM_2,1.0,
-4.2084117701100645,9.046497690826803e-05,59,-40.8724634406799,9.712087522179644,-60.313318841375676,-21.43160803998413,3,ok,P_Power,PB,SFS_LGBM_2,seasonal_naive_lag168,0.007327663129569711,SFS_LGBM_2
0.04566564922656431,0.9637336114873063,59,0.3363338895960903,7.365139777766269,-14.406595176732205,15.079262955924387,3,ok,P_Power,PB,SFS_LGBM_2,seasonal_naive_lag24,1.0,
-2.660452938470752,0.010075127943512983,59,-28.823397903986184,10.834019082688261,-50.510043325366404,-7.136752482605964,3,ok,P_Power,PB,SFS_shared_LGBM,mi_top_k_nolags_LGBM,0.584357420723753,
2.40786725547593,0.019246706430249443,59,13.71028457828129,5.693953662562418,2.312597978017296,25.107971178545284,3,ok,P_Power,PB,SFS_shared_LGBM,mutual_lags_LGBM_0,0.8826482568219585,
2.5667987697751062,0.01286706938685513,59,15.655845741081679,6.0993662321465845,3.446637711988812,27.865053770174548,3,ok,P_Power,PB,SFS_shared_LGBM,mutual_lags_LGBM_1,0.694821746890177,
1.807181405755462,0.07592132105369634,59,10.277581714728035,5.6870780553608355,-1.1063418623864365,21.661505291842506,3,ok,P_Power,PB,SFS_shared_LGBM,mutual_lags_LGBM_2,1.0,
2.3026628259341777,0.024904829084328783,59,13.532347816164771,5.876825588077478,1.7686032852379778,25.296092347091566,3,ok,P_Power,PB,SFS_shared_LGBM,own_lags_LGBM_0,1.0,
2.165740883070568,0.034455498647414755,59,13.349882848811037,6.164118225391624,1.0110596227063215,25.68870607491575,3,ok,P_Power,PB,SFS_shared_LGBM,own_lags_LGBM_1,1.0,
2.2319695611320696,0.02949443506606531,59,12.830749996813019,5.7486223021362255,1.3236322248797006,24.337867768746335,3,ok,P_Power,PB,SFS_shared_LGBM,own_lags_LGBM_2,1.0,
-4.167802935128197,0.00010376520608080724,59,-40.879723729473795,9.808458884876806,-60.51348737185138,-21.24596008709621,3,ok,P_Power,PB,SFS_shared_LGBM,seasonal_naive_lag168,0.008301216486464579,SFS_shared_LGBM
0.04492800062682881,0.9643190273560478,59,0.329073600802203,7.324465727631252,-14.33243750821983,14.990584709824237,3,ok,P_Power,PB,SFS_shared_LGBM,seasonal_naive_lag24,1.0,
4.027593100192842,0.00016584493690920309,59,42.533682482267466,10.560570897847388,21.394403073491,63.67296189104393,3,ok,P_Power,PB,mi_top_k_nolags_LGBM,mutual_lags_LGBM_0,0.012604215205099434,mutual_lags_LGBM_0
4.107438649737519,0.00012709271938519162,59,44.47924364506787,10.828948996696582,22.80274710346331,66.15574018667243,3,ok,P_Power,PB,mi_top_k_nolags_LGBM,mutual_lags_LGBM_1,0.010040324831430138,mutual_lags_LGBM_1
3.641907727056889,0.0005785272206364831,59,39.10097961871421,10.736400411306585,17.60973919861772,60.59222003881071,3,ok,P_Power,PB,mi_top_k_nolags_LGBM,mutual_lags_LGBM_2,0.04049690544455382,mutual_lags_LGBM_2
3.951982758489265,0.00021289659506343021,59,42.35574572015095,10.717593751937924,20.90215091893107,63.80934052137083,3,ok,P_Power,PB,mi_top_k_nolags_LGBM,own_lags_LGBM_0,0.015541451439630406,own_lags_LGBM_0
3.919979270098276,0.00023647395176325603,59,42.17328075279721,10.75854688173897,20.637709355624107,63.70885214997031,3,ok,P_Power,PB,mi_top_k_nolags_LGBM,own_lags_LGBM_1,0.01678965057519118,own_lags_LGBM_1
3.9759477100553613,0.0001967412476480754,59,41.6541479007992,10.476533128303945,20.683088364646412,62.625207436951996,3,ok,P_Power,PB,mi_top_k_nolags_LGBM,own_lags_LGBM_2,0.01455885232595758,own_lags_LGBM_2
-0.8294312712801345,0.4102611350953904,59,-12.056325825487606,14.535653818405008,-41.15259821727137,17.039946566296152,3,ok,P_Power,PB,mi_top_k_nolags_LGBM,seasonal_naive_lag168,1.0,
2.4326430436933952,0.018094606480552815,59,29.152471504788384,11.983867333255448,5.164154736134012,53.14078827344275,3,ok,P_Power,PB,mi_top_k_nolags_LGBM,seasonal_naive_lag24,0.8685411110665351,
1.6975516544364082,0.0949525721727063,59,1.9455611628003904,1.1460983574289656,-0.34860395781530573,4.239726283416086,3,ok,P_Power,PB,mutual_lags_LGBM_0,mutual_lags_LGBM_1,1.0,
-2.999204194690089,0.003983251654876267,59,-3.4327028635532546,1.1445378976298608,-5.7237443845057765,-1.1416613426007323,3,ok,P_Power,PB,mutual_lags_LGBM_0,mutual_lags_LGBM_2,0.2574996423088362,
-0.1829163696425742,0.8555015391963936,59,-0.17793676211651674,0.9727765889089761,-2.1251606683027764,1.769287144069743,3,ok,P_Power,PB,mutual_lags_LGBM_0,own_lags_LGBM_0,1.0,
-0.24789450161582138,0.8050915726573564,59,-0.36040172947025056,1.4538512436584379,-3.2706011832476407,2.54979772430714,3,ok,P_Power,PB,mutual_lags_LGBM_0,own_lags_LGBM_1,1.0,
-0.7107483012900399,0.4800886584323748,59,-0.8795345814682697,1.2374768675097432,-3.3566136633877997,1.5975445004512605,3,ok,P_Power,PB,mutual_lags_LGBM_0,own_lags_LGBM_2,1.0,
-5.261903802140037,2.159722181173871e-06,59,-54.590008307755085,10.374573606904997,-75.35697368724851,-33.82304292826165,3,ok,P_Power,PB,mutual_lags_LGBM_0,seasonal_naive_lag168,0.00019221527412447453,mutual_lags_LGBM_0
-3.9282684040026714,0.00023013671785815644,59,-13.381210977479085,3.4063891774412434,-20.19983975176633,-6.562582203191841,3,ok,P_Power,PB,mutual_lags_LGBM_0,seasonal_naive_lag24,0.016569843685787265,mutual_lags_LGBM_0
-4.083972720473415,0.00013746681976684099,59,-5.378264026353644,1.316919674656934,-8.014365164329284,-2.742162888378004,3,ok,P_Power,PB,mutual_lags_LGBM_1,mutual_lags_LGBM_2,0.010584945122046756,mutual_lags_LGBM_1
-1.9105060137351753,0.06101579058862675,59,-2.123497924916907,1.1114845541707128,-4.348375990357795,0.10138014052398114,3,ok,P_Power,PB,mutual_lags_LGBM_1,own_lags_LGBM_0,1.0,
-2.7312206442786127,0.00834556838163872,59,-2.3059628922706406,0.8442975477287761,-3.996008055380278,-0.615917729161003,3,ok,P_Power,PB,mutual_lags_LGBM_1,own_lags_LGBM_1,0.5090796712799619,
-2.593597066926638,0.012003849144574844,59,-2.82509574426866,1.0892577649373825,-5.00548205708478,-0.6447094314525406,3,ok,P_Power,PB,mutual_lags_LGBM_1,own_lags_LGBM_2,0.6842194012407661,
-5.267355427600444,2.116832537625954e-06,59,-56.53556947055547,10.733198138541105,-78.0203998452683,-35.050739095842644,3,ok,P_Power,PB,mutual_lags_LGBM_1,seasonal_naive_lag168,0.00019051492838633585,mutual_lags_LGBM_1
-5.399815414222909,1.2978770356429231e-06,59,-15.326772140279473,2.838388160437732,-21.008423347818514,-9.645120932740433,3,ok,P_Power,PB,mutual_lags_LGBM_1,seasonal_naive_lag24,0.00011810681024350601,mutual_lags_LGBM_1
2.211998303356452,0.030919562316387365,59,3.254766101436737,1.4714143751819364,0.3094102202124174,6.200121982661056,3,ok,P_Power,PB,mutual_lags_LGBM_2,own_lags_LGBM_0,1.0,
1.951763824068842,0.0558003853850357,59,3.072301134083004,1.5741152162960876,-0.07863281643593378,6.223235084601942,3,ok,P_Power,PB,mutual_lags_LGBM_2,own_lags_LGBM_1,1.0,
2.10588473506821,0.03955364491718737,59,2.5531682820849846,1.2123969748051224,0.12629205989278036,4.980044504277188,3,ok,P_Power,PB,mutual_lags_LGBM_2,own_lags_LGBM_2,1.0,
-5.164687092626251,3.0852566978694203e-06,59,-51.15730544420183,9.905209072054017,-70.98473562784636,-31.3298752605573,3,ok,P_Power,PB,mutual_lags_LGBM_2,seasonal_naive_lag168,0.00026533207601677015,mutual_lags_LGBM_2
-3.0244152905598085,0.003707775877578408,59,-9.948508113925827,3.2893988285862665,-16.532955261433813,-3.3640609664178402,3,ok,P_Power,PB,mutual_lags_LGBM_2,seasonal_naive_lag24,0.24471320792017492,
-0.1510917514593579,0.8804276233587875,59,-0.1824649673537337,1.2076434722038074,-2.5998260202779555,2.2348960855704885,3,ok,P_Power,PB,own_lags_LGBM_0,own_lags_LGBM_1,1.0,
-0.4302783103683706,0.668587826417596,59,-0.701597819351753,1.630567477944914,-3.9655332490326884,2.562337610329182,3,ok,P_Power,PB,own_lags_LGBM_0,own_lags_LGBM_2,1.0,
-5.235396504022742,2.3807682809495293e-06,59,-54.41207154563856,10.39311377921992,-75.21614911221384,-33.60799397906328,3,ok,P_Power,PB,own_lags_LGBM_0,seasonal_naive_lag168,0.0002095076087235586,own_lags_LGBM_0
-4.526262965529236,3.031955850161031e-05,59,-13.203274215362566,2.9170364859300135,-19.04235715113825,-7.36419127958688,3,ok,P_Power,PB,own_lags_LGBM_0,seasonal_naive_lag24,0.002516523355633656,own_lags_LGBM_0
-0.34298437626653056,0.7328502548621074,59,-0.5191328519980193,1.513575800883143,-3.5488839962049346,2.510618292208896,3,ok,P_Power,PB,own_lags_LGBM_1,own_lags_LGBM_2,1.0,
-5.007156282115979,5.474684793327294e-06,59,-54.22960657828483,10.830420207169546,-75.90904806761597,-32.55016508895369,3,ok,P_Power,PB,own_lags_LGBM_1,seasonal_naive_lag168,0.0004598735226394927,own_lags_LGBM_1
-5.054198561395746,4.615739899482907e-06,59,-13.020809248008833,2.5762361905332547,-18.177706273886965,-7.8639122221307005,3,ok,P_Power,PB,own_lags_LGBM_1,seasonal_naive_lag24,0.0003923378914560471,own_lags_LGBM_1
-5.20492942004488,2.6624380572671347e-06,59,-53.710473726286814,10.319155053177203,-74.36650681783728,-33.05444063473635,3,ok,P_Power,PB,own_lags_LGBM_2,seasonal_naive_lag168,0.0002316321109822407,own_lags_LGBM_2
-3.624599593903231,0.0006109787353417187,59,-12.501676396010815,3.4491192950082814,-19.405838793731583,-5.597513998290049,3,ok,P_Power,PB,own_lags_LGBM_2,seasonal_naive_lag24,0.04215753273857859,own_lags_LGBM_2
3.590771917586769,0.0006794868554250462,59,41.20879733027599,11.476306007754168,18.236474941153464,64.18111971939852,3,ok,P_Power,PB,seasonal_naive_lag168,seasonal_naive_lag24,0.046205106168903144,seasonal_naive_lag24
-1.9348232224536224,0.057893880298476245,59,-4868.2262204526,2516.1090501482704,-9904.765698150455,168.31325724525504,3,ok,Q_Power,SE,LagDrop_LGBM,SFS_LGBM,1.0,
-2.0494459510587775,0.04495021507301545,59,-5319.347262688878,2595.50502414607,-10514.815049708868,-123.87947566888761,3,ok,Q_Power,SE,LagDrop_LGBM,SFS_LGBM_1,1.0,
-1.9963016110135943,0.05060273667867708,59,-5692.514055065279,2851.530061219048,-11400.47163517318,15.44352504262406,3,ok,Q_Power,SE,LagDrop_LGBM,SFS_LGBM_2,1.0,
-1.9348232224536224,0.057893880298476245,59,-4868.2262204526,2516.1090501482704,-9904.765698150455,168.31325724525504,3,ok,Q_Power,SE,LagDrop_LGBM,SFS_shared_LGBM,1.0,
-4.845919662078981,9.786189273022581e-06,59,-15439.392200377099,3186.0602892771317,-21816.98478696396,-9061.799613790237,3,ok,Q_Power,SE,LagDrop_LGBM,mi_top_k_nolags_LGBM,0.0008513984667529646,LagDrop_LGBM
1.850213833883726,0.06937857733741858,59,2284.6290870823677,1234.791917151962,-187.07548276192983,4756.333656926665,3,ok,Q_Power,SE,LagDrop_LGBM,mutual_lags_LGBM_0,1.0,
1.5280605746718896,0.13193316543593683,59,2167.554174092475,1418.5001628995628,-671.8824032464449,5006.9907514313945,3,ok,Q_Power,SE,LagDrop_LGBM,mutual_lags_LGBM_1,1.0,
0.6597308151770419,0.512037891477534,59,1231.2151114142343,1866.2385977587417,-2504.4673193061262,4966.897542134595,3,ok,Q_Power,SE,LagDrop_LGBM,mutual_lags_LGBM_2,1.0,
2.817168553085844,0.006612810273753576,59,3372.4765758395415,1197.1156543492684,976.1892399846465,5768.7639116944365,3,ok,Q_Power,SE,LagDrop_LGBM,own_lags_LGBM_0,0.34752690822738447,
2.4758964365458302,0.016230969309656836,59,3299.5232140264657,1332.6580083574468,631.9183783111971,5967.128049741734,3,ok,Q_Power,SE,LagDrop_LGBM,own_lags_LGBM_1,0.697931680315244,
1.5259486873487413,0.13245768487750842,59,2335.2531588973907,1530.3615241183338,-728.098260993429,5398.60457878821,3,ok,Q_Power,SE,LagDrop_LGBM,own_lags_LGBM_2,1.0,
-2.0277838069386913,0.04718471438738551,59,-6536.861552647921,3223.6481671665497,-12989.694451597947,-84.0286536978947,3,ok,Q_Power,SE,LagDrop_LGBM,seasonal_naive_lag168,1.0,
-3.520650396063415,0.0008455325595151987,59,-12378.103657650116,3515.857090351995,-19415.856267163697,-5340.351048136532,3,ok,Q_Power,SE,LagDrop_LGBM,seasonal_naive_lag24,0.0625694094041247,
-2.418359228268383,0.018751018258123177,59,-451.12104223627654,186.54012892836133,-824.5216798068839,-77.72040466566921,3,ok,Q_Power,SE,SFS_LGBM,SFS_LGBM_1,0.7687917485830502,
-1.7868883039027368,0.07918157932314121,59,-824.2878346126788,461.2979069885647,-1747.6759204312916,99.10025120593389,3,ok,Q_Power,SE,SFS_LGBM,SFS_LGBM_2,1.0,
0.0,1.0,59,0.0,0.0,0.0,0.0,3,identical losses,Q_Power,SE,SFS_LGBM,SFS_shared_LGBM,1.0,
-2.812444348726242,0.00669869348211925,59,-10571.165979924495,3758.7111669292885,-18095.043840618793,-3047.2881192301966,3,ok,Q_Power,SE,SFS_LGBM,mi_top_k_nolags_LGBM,0.34752690822738447,
2.820262741458306,0.006557111475988386,59,7152.855307534967,2536.2372102382055,2076.024939861415,12229.685675208519,3,ok,Q_Power,SE,SFS_LGBM,mutual_lags_LGBM_0,0.34752690822738447,
3.0368006939624808,0.003579049442258987,59,7035.780394545074,2316.8396953191686,2398.121868462974,11673.438920627174,3,ok,Q_Power,SE,SFS_LGBM,mutual_lags_LGBM_1,0.21474296653553923,
3.2250002774400444,0.002071041225656169,59,6099.441331866835,1891.2994750836046,2313.594104837277,9885.288558896393,3,ok,Q_Power,SE,SFS_LGBM,mutual_lags_LGBM_2,0.13461767966765098,
3.2732827690444237,0.001794490435305382,59,8240.702796292142,2517.56520219543,3201.2485135819143,13280.157079002369,3,ok,Q_Power,SE,SFS_LGBM,own_lags_LGBM_0,0.12202534960076597,
3.3482716628947293,0.0014329996818331194,59,8167.749434479066,2439.3926947426016,3284.774426716638,13050.724442241493,3,ok,Q_Power,SE,SFS_LGBM,own_lags_LGBM_1,0.10186321084998061,
3.715383429146813,0.0004582043740753097,59,7203.479379349991,1938.8252966946595,3322.498884253217,11084.459874446766,3,ok,Q_Power,SE,SFS_LGBM,own_lags_LGBM_2,0.03528173680379885,own_lags_LGBM_2
-0.3906413897289547,0.6974935046798518,59,-1668.6353321953218,4271.527226935936,-10219.026066355398,6881.755401964755,3,ok,Q_Power,SE,SFS_LGBM,seasonal_naive_lag168,1.0,
-1.807661919928227,0.07584550476478741,59,-7509.877437197514,4154.470122098768,-15825.952917961611,806.1980435665828,3,ok,Q_Power,SE,SFS_LGBM,seasonal_naive_lag24,1.0,
-1.006421364492033,0.31839330778363184,59,-373.16679237640216,370.78584134066864,-1115.3752938615198,369.04170910871557,3,ok,Q_Power,SE,SFS_LGBM_1,SFS_LGBM_2,1.0,
2.418359228268383,0.018751018258123177,59,451.12104223627654,186.54012892836133,77.72040466566921,824.5216798068839,3,ok,Q_Power,SE,SFS_LGBM_1,SFS_shared_LGBM,0.7687917485830502,
-2.6723790275316106,0.009762417291312608,59,-10120.04493768822,3786.904789114356,-17700.358464851754,-2539.731410524688,3,ok,Q_Power,SE,SFS_LGBM_1,mi_top_k_nolags_LGBM,0.44907119540038,
2.880890722599706,0.005549455751769449,59,7603.976349771244,2639.4532392778306,2320.5366521250326,12887.416047417455,3,ok,Q_Power,SE,SFS_LGBM_1,mutual_lags_LGBM_0,0.3052200663473197,
3.0980196321933002,0.003001821797824308,59,7486.901436781351,2416.6733351140388,2649.404168416001,12324.398705146701,3,ok,Q_Power,SE,SFS_LGBM_1,mutual_lags_LGBM_1,0.1831111296672828,
3.3525123802845336,0.0014147668173608418,59,6550.562374103112,1953.926378505172,2639.353779516728,10461.770968689496,3,ok,Q_Power,SE,SFS_LGBM_1,mutual_lags_LGBM_2,0.10186321084998061,
3.2951448110300396,0.001681071539113562,59,8691.823838528417,2637.7668773262235,3411.7597610853345,13971.8879159715,3,ok,Q_Power,SE,SFS_LGBM_1,own_lags_LGBM_0,0.11599393619883579,
3.386417258252648,0.001276685126744523,59,8618.870476715343,2545.1295039650786,3524.2402492145548,13713.50070421613,3,ok,Q_Power,SE,SFS_LGBM_1,own_lags_LGBM_1,0.09319801425235018,
3.764456351013157,0.00039161145329520594,59,7654.600421586267,2033.388013524483,3584.33208286296,11724.868760309573,3,ok,Q_Power,SE,SFS_LGBM_1,own_lags_LGBM_2,0.030545693357026064,own_lags_LGBM_2
-0.28443383597098165,0.7770909954753181,59,-1217.514289959045,4280.48331803695,-9785.832588265617,7350.804008347528,3,ok,Q_Power,SE,SFS_LGBM_1,seasonal_naive_lag168,1.0,
-1.6936634176301706,0.09569384759368274,59,-7058.756394961237,4167.744500756874,-15401.40343157643,1283.8906416539548,3,ok,Q_Power,SE,SFS_LGBM_1,seasonal_naive_lag24,1.0,
1.7868883039027368,0.07918157932314121,59,824.2878346126788,461.2979069885647,-99.10025120593389,1747.6759204312916,3,ok,Q_Power,SE,SFS_LGBM_2,SFS_shared_LGBM,1.0,
-2.432788451292518,0.018088031777402386,59,-9746.878145311819,4006.463504927193,-17766.686192714384,-1727.0700979092553,3,ok,Q_Power,SE,SFS_LGBM_2,mi_top_k_nolags_LGBM,0.7596973346509003,
2.777296948037255,0.0073706606105117985,59,7977.143142147646,2872.268717173069,2227.6726318189076,13726.613652476386,3,ok,Q_Power,SE,SFS_LGBM_2,mutual_lags_LGBM_0,0.34752690822738447,
3.000864373271174,0.003964540391433707,59,7860.068229157754,2619.2680679499263,2617.0335418790755,13103.102916436434,3,ok,Q_Power,SE,SFS_LGBM_2,mutual_lags_LGBM_1,0.22597880231172132,
3.22164109132302,0.0020917038695178643,59,6923.729166479514,2149.13113230629,2621.775803221165,11225.682529737864,3,ok,Q_Power,SE,SFS_LGBM_2,mutual_lags_LGBM_2,0.13461767966765098,
3.1545058717613625,0.0025476110401144144,59,9064.99063090482,2873.6642122156695,3312.72673375027,14817.25452805937,3,ok,Q_Power,SE,SFS_LGBM_2,own_lags_LGBM_0,0.15795188448709369,
3.2458688232045994,0.0019469187527674748,59,8992.037269091745,2770.3021159721534,3446.675087185743,14537.399450997746,3,ok,Q_Power,SE,SFS_LGBM_2,own_lags_LGBM_1,0.12849663768265335,
3.603336407877404,0.0006532271426824789,59,8027.76721396267,2227.870591381042,3568.199698782253,12487.334729143087,3,ok,Q_Power,SE,SFS_LGBM_2,own_lags_LGBM_2,0.04899203570118592,own_lags_LGBM_2
-0.1906231544495173,0.8494865152945357,59,-844.3474975826431,4429.406805384975,-9710.768544313642,8022.073549148356,3,ok,Q_Power,SE,SFS_LGBM_2,seasonal_naive_lag168,1.0,
-1.533108820107698,0.13068604750729362,59,-6685.589602584835,4360.805648561323,-15414.69051426934,2043.5113090996701,3,ok,Q_Power,SE,SFS_LGBM_2,seasonal_naive_lag24,1.0,
-2.812444348726242,0.00669869348211925,59,-10571.165979924495,3758.7111669292885,-18095.043840618793,-3047.2881192301966,3,ok,Q_Power,SE,SFS_shared_LGBM,mi_top_k_nolags_LGBM,0.34752690822738447,
2.820262741458306,0.006557111475988386,59,7152.855307534967,2536.2372102382055,2076.024939861415,12229.685675208519,3,ok,Q_Power,SE,SFS_shared_LGBM,mutual_lags_LGBM_0,0.34752690822738447,
3.0368006939624808,0.003579049442258987,59,7035.780394545074,2316.8396953191686,2398.121868462974,11673.438920627174,3,ok,Q_Power,SE,SFS_shared_LGBM,mutual_lags_LGBM_1,0.21474296653553923,
3.2250002774400444,0.002071041225656169,59,6099.441331866835,1891.2994750836046,2313.594104837277,9885.288558896393,3,ok,Q_Power,SE,SFS_shared_LGBM,mutual_lags_LGBM_2,0.13461767966765098,
3.2732827690444237,0.001794490435305382,59,8240.702796292142,2517.56520219543,3201.2485135819143,13280.157079002369,3,ok,Q_Power,SE,SFS_shared_LGBM,own_lags_LGBM_0,0.12202534960076597,
3.3482716628947293,0.0014329996818331194,59,8167.749434479066,2439.3926947426016,3284.774426716638,13050.724442241493,3,ok,Q_Power,SE,SFS_shared_LGBM,own_lags_LGBM_1,0.10186321084998061,
3.715383429146813,0.0004582043740753097,59,7203.479379349991,1938.8252966946595,3322.498884253217,11084.459874446766,3,ok,Q_Power,SE,SFS_shared_LGBM,own_lags_LGBM_2,0.03528173680379885,own_lags_LGBM_2
-0.3906413897289547,0.6974935046798518,59,-1668.6353321953218,4271.527226935936,-10219.026066355398,6881.755401964755,3,ok,Q_Power,SE,SFS_shared_LGBM,seasonal_naive_lag168,1.0,
-1.807661919928227,0.07584550476478741,59,-7509.877437197514,4154.470122098768,-15825.952917961611,806.1980435665828,3,ok,Q_Power,SE,SFS_shared_LGBM,seasonal_naive_lag24,1.0,
5.086728631456579,4.100691789352805e-06,59,17724.021287459465,3484.365408811716,10749.306127490192,24698.73644742874,3,ok,Q_Power,SE,mi_top_k_nolags_LGBM,mutual_lags_LGBM_0,0.0003608608774630468,mutual_lags_LGBM_0
4.659504528802245,1.899146788172673e-05,59,17606.946374469575,3778.7164419809146,10043.023604929302,25170.86914400985,3,ok,Q_Power,SE,mi_top_k_nolags_LGBM,mutual_lags_LGBM_1,0.0015383088984198651,mutual_lags_LGBM_1
4.374826928797183,5.125464539262244e-05,59,16670.60731179133,3810.5752714598825,9042.912166258604,24298.302457324055,3,ok,Q_Power,SE,mi_top_k_nolags_LGBM,mutual_lags_LGBM_2,0.004049116986017173,mutual_lags_LGBM_2
5.511267405689419,8.577541077451473e-07,59,18811.868776216637,3413.3471289737595,11979.31214869292,25644.425403740355,3,ok,Q_Power,SE,mi_top_k_nolags_LGBM,own_lags_LGBM_0,7.805562380480841e-05,own_lags_LGBM_0
5.235296851579822,2.3816399395916376e-06,59,18738.915414403564,3579.341524587826,11574.08490290905,25903.745925898078,3,ok,Q_Power,SE,mi_top_k_nolags_LGBM,own_lags_LGBM_1,0.0002143475945632474,own_lags_LGBM_1
4.782996170474917,1.2253770446073133e-05,59,17774.645359274484,3716.215678573205,10335.831460619847,25213.45925792912,3,ok,Q_Power,SE,mi_top_k_nolags_LGBM,own_lags_LGBM_2,0.0010415704879162162,own_lags_LGBM_2
1.9350963657620848,0.057859601568983746,59,8902.530647729176,4600.561917867671,-306.4945801592785,18111.555875617632,3,ok,Q_Power,SE,mi_top_k_nolags_LGBM,seasonal_naive_lag168,1.0,
0.714989960915229,0.4774834662227837,59,3061.288542726983,4281.582553702368,-5509.230114830256,11631.807200284222,3,ok,Q_Power,SE,mi_top_k_nolags_LGBM,seasonal_naive_lag24,1.0,
-0.10450988914181657,0.9171252924849654,59,-117.07491298989297,1120.228085124328,-2359.4550572137978,2125.3052312340114,3,ok,Q_Power,SE,mutual_lags_LGBM_0,mutual_lags_LGBM_1,1.0,
-0.6549725101964701,0.5150747495774506,59,-1053.4139756681334,1608.3331121059477,-4272.842486500329,2166.0145351640617,3,ok,Q_Power,SE,mutual_lags_LGBM_0,mutual_lags_LGBM_2,1.0,
1.3051078396911449,0.19701023404157292,59,1087.8474887571736,833.5307287822391,-580.6455446185548,2756.340522132902,3,ok,Q_Power,SE,mutual_lags_LGBM_0,own_lags_LGBM_0,1.0,
1.4468175021216276,0.15333122773672658,59,1014.8941269440979,701.4665812763856,-389.24379334042806,2419.032047228624,3,ok,Q_Power,SE,mutual_lags_LGBM_0,own_lags_LGBM_1,1.0,
0.03724279289065057,0.9704193086320667,59,50.62407181502271,1359.2984812836467,-2670.3074643425184,2771.5556079725634,3,ok,Q_Power,SE,mutual_lags_LGBM_0,own_lags_LGBM_2,1.0,
-2.5861095849485585,0.01223957381060949,59,-8821.49063973029,3411.104730856083,-15649.558619735439,-1993.42265972514,3,ok,Q_Power,SE,mutual_lags_LGBM_0,seasonal_naive_lag168,0.550780821477427,
-4.675376377818704,1.7955855141185138e-05,59,-14662.732744732482,3136.1609333307574,-20940.440918073902,-8385.024571391064,3,ok,Q_Power,SE,mutual_lags_LGBM_0,seasonal_naive_lag24,0.0014723801215771814,mutual_lags_LGBM_0
-0.815823709578344,0.4179388545548164,59,-936.3390626782408,1147.7222979486398,-3233.7548534253806,1361.0767280688992,3,ok,Q_Power,SE,mutual_lags_LGBM_1,mutual_lags_LGBM_2,1.0,
1.1192780019247637,0.2676355342524587,59,1204.9224017470665,1076.5175404814752,-949.9615810237287,3359.8063845178617,3,ok,Q_Power,SE,mutual_lags_LGBM_1,own_lags_LGBM_0,1.0,
1.5952759122464106,0.11608568297355813,59,1131.9690399339909,709.5757111633388,-288.4010674264541,2552.339147294436,3,ok,Q_Power,SE,mutual_lags_LGBM_1,own_lags_LGBM_1,1.0,
0.2420890605373095,0.8095651153798746,59,167.69898480491565,692.7160790855759,-1218.9229022492154,1554.3208718590467,3,ok,Q_Power,SE,mutual_lags_LGBM_1,own_lags_LGBM_2,1.0,
-2.8003674399626766,0.006922941372911935,59,-8704.415726740397,3108.312003104996,-14926.378209534167,-2482.4532439466266,3,ok,Q_Power,SE,mutual_lags_LGBM_1,seasonal_naive_lag168,0.34752690822738447,
-4.725647856432344,1.5026858033474053e-05,59,-14545.657831742588,3078.0240664660782,-20706.992422207553,-8384.323241277623,3,ok,Q_Power,SE,mutual_lags_LGBM_1,seasonal_naive_lag24,0.0012622560748118204,mutual_lags_LGBM_1
1.3191480647922051,0.19230396962644164,59,2141.2614644253067,1623.2154081676968,-1107.957198637917,5390.48012748853,3,ok,Q_Power,SE,mutual_lags_LGBM_2,own_lags_LGBM_0,1.0,
1.528774456159388,0.13175623596399746,59,2068.308102612231,1352.9190615915104,-639.8536376088605,4776.469842833322,3,ok,Q_Power,SE,mutual_lags_LGBM_2,own_lags_LGBM_1,1.0,
1.4968981964735502,0.1398421848607874,59,1104.038047483156,737.5505228639403,-372.32972957405354,2580.4058245403658,3,ok,Q_Power,SE,mutual_lags_LGBM_2,own_lags_LGBM_2,1.0,
-2.584888697341385,0.012278406958790431,59,-7768.076664062157,3005.1880655642135,-13783.614158046643,-1752.5391700776718,3,ok,Q_Power,SE,mutual_lags_LGBM_2,seasonal_naive_lag168,0.550780821477427,
-4.792888394205721,1.1828989104387393e-05,59,-13609.318769064346,2839.4816757087638,-19293.15888524059,-7925.478652888101,3,ok,Q_Power,SE,mutual_lags_LGBM_2,seasonal_naive_lag24,0.001017293062977316,mutual_lags_LGBM_2
-0.08358749432076591,0.9336722418907839,59,-72.95336181307543,872.7784270350044,-1820.0091989938205,1674.1024753676697,3,ok,Q_Power,SE,own_lags_LGBM_0,own_lags_LGBM_1,1.0,
-0.853111282622035,0.3971070513102043,59,-1037.2234169421508,1215.8125652192148,-3470.9366861849226,1396.489852300621,3,ok,Q_Power,SE,own_lags_LGBM_0,own_lags_LGBM_2,1.0,
-2.943124172427883,0.004665774473551935,59,-9909.338128487461,3366.94530979062,-16649.011423256143,-3169.6648337187808,3,ok,Q_Power,SE,own_lags_LGBM_0,seasonal_naive_lag168,0.2612833705189084,
-4.6097681806817725,2.2628934434017486e-05,59,-15750.580233489658,3416.783581329721,-22590.015667777734,-8911.144799201582,3,ok,Q_Power,SE,own_lags_LGBM_0,seasonal_naive_lag24,0.0018103147547213988,own_lags_LGBM_0
-0.9904056223309435,0.32608984468012314,59,-964.270055129075,973.6112491563226,-2913.164715325769,984.6246050676193,3,ok,Q_Power,SE,own_lags_LGBM_1,own_lags_LGBM_2,1.0,
-3.0314929837296694,0.003633695411147332,59,-9836.384766674388,3244.7328162945664,-16331.423176431032,-3341.346356917743,3,ok,Q_Power,SE,own_lags_LGBM_1,seasonal_naive_lag168,0.21474296653553923,
-5.170195579527228,3.0236962006143455e-06,59,-15677.626871676579,3032.3082812875273,-21747.451375648212,-9607.802367704946,3,ok,Q_Power,SE,own_lags_LGBM_1,seasonal_naive_lag24,0.00026910896185467674,own_lags_LGBM_1
-2.835121511992586,0.006295618142809934,59,-8872.114711545311,3129.3595967637357,-15136.208530564965,-2608.0208925256575,3,ok,Q_Power,SE,own_lags_LGBM_2,seasonal_naive_lag168,0.33996337971173646,
-4.723607216302761,1.5136084114075897e-05,59,-14713.356816547506,3114.856113727397,-20948.418759992317,-8478.294873102695,3,ok,Q_Power,SE,own_lags_LGBM_2,seasonal_naive_lag24,0.0012622560748118204,own_lags_LGBM_2
-1.7802250193579545,0.08027724895255621,59,-5841.242105002191,3281.1818963811997,-12409.24127564926,726.757065644877,3,ok,Q_Power,SE,seasonal_naive_lag168,seasonal_naive_lag24,1.0,
-2.580039704545834,0.01243374837833568,59,-14.045173096090592,5.4437817648093025,-24.94208623458038,-3.1482599576008035,3,ok,Q_Power,AE,LagDrop_LGBM,SFS_LGBM,0.5097836835117628,
-2.769073132240542,0.007536595461694801,59,-15.24180812304731,5.504299595986002,-26.25986086230605,-4.223755383788573,3,ok,Q_Power,AE,LagDrop_LGBM,SFS_LGBM_1,0.3316102003145713,
-2.6607758029033266,0.010066543061142975,59,-15.258205108862963,5.734494838766142,-26.737043690361762,-3.7793665273641643,3,ok,Q_Power,AE,LagDrop_LGBM,SFS_LGBM_2,0.42279480856800494,
-2.580039704545834,0.01243374837833568,59,-14.045173096090592,5.4437817648093025,-24.94208623458038,-3.1482599576008035,3,ok,Q_Power,AE,LagDrop_LGBM,SFS_shared_LGBM,0.5097836835117628,
-5.317622698677409,1.7588916774735249e-06,59,-34.80904603682223,6.54597890998921,-47.91224647179361,-21.705845601850857,3,ok,Q_Power,AE,LagDrop_LGBM,mi_top_k_nolags_LGBM,0.0001495057925852496,LagDrop_LGBM
2.6952868879002394,0.00918652366289889,59,10.77110852982235,3.996275342033653,2.771694306215104,18.770522753429596,3,ok,Q_Power,AE,LagDrop_LGBM,mutual_lags_LGBM_0,0.3950205175046523,
2.7963576569284667,0.006998912869026644,59,12.033548560517506,4.303293797451938,3.4195701267442153,20.647526994290796,3,ok,Q_Power,AE,LagDrop_LGBM,mutual_lags_LGBM_1,0.314951079106199,
3.0174017672117164,0.0037825720882424525,59,13.212082382062901,4.378628834128297,4.44730448820582,21.976860275919982,3,ok,Q_Power,AE,LagDrop_LGBM,mutual_lags_LGBM_2,0.18912860441212262,
3.941987423590273,0.00022000583031337153,59,15.46865820854672,3.924075991713392,7.613766686819469,23.323549730273974,3,ok,Q_Power,AE,LagDrop_LGBM,own_lags_LGBM_0,0.012432976876845431,own_lags_LGBM_0
4.185884366649524,9.762454550357692e-05,59,16.297227803963093,3.893377450607352,8.503786088705553,24.090669519220633,3,ok,Q_Power,AE,LagDrop_LGBM,own_lags_LGBM_1,0.0063455954577325,own_lags_LGBM_1
4.1268768622793015,0.00011907617835408387,59,15.230232380785498,3.6904983814742995,7.842897245378699,22.617567516192295,3,ok,Q_Power,AE,LagDrop_LGBM,own_lags_LGBM_2,0.007620875414661368,own_lags_LGBM_2
-0.3872043140267273,0.7000221527473122,59,-2.9655585169622847,7.6588984407792084,-18.29650943516271,12.365392401238141,3,ok,Q_Power,AE,LagDrop_LGBM,seasonal_naive_lag168,1.0,
-1.5541106020058755,0.12559818968347738,59,-12.503058516962284,8.045153608002357,-28.607183156734727,3.6010661228101597,3,ok,Q_Power,AE,LagDrop_LGBM,seasonal_naive_lag24,1.0,
-3.00271347900445,0.003943796198001088,59,-1.1966350269567194,0.3985178856803427,-1.9943552464676535,-0.3989148074457852,3,ok,Q_Power,AE,SFS_LGBM,SFS_LGBM_1,0.19324601370205333,
-1.4974052732310907,0.13971055631272403,59,-1.21303201277237,0.8100893154696176,-2.834601959267149,0.4085379337224091,3,ok,Q_Power,AE,SFS_LGBM,SFS_LGBM_2,1.0,
0.0,1.0,59,0.0,0.0,0.0,0.0,3,identical losses,Q_Power,AE,SFS_LGBM,SFS_shared_LGBM,1.0,
-2.5403941003523216,0.013772345405371412,59,-20.763872940731645,8.173484947808669,-37.124880667158166,-4.402865214305123,3,ok,Q_Power,AE,SFS_LGBM,mi_top_k_nolags_LGBM,0.5233491254041136,
3.949896883304823,0.00021436167029043849,59,24.816281625912943,6.282766957994486,12.239957157285405,37.39260609454048,3,ok,Q_Power,AE,SFS_LGBM,mutual_lags_LGBM_0,0.012432976876845431,mutual_lags_LGBM_0
3.9932276754421094,0.00018583245268907,59,26.0787216566081,6.53073748261068,13.00603025330366,39.15141305991254,3,ok,Q_Power,AE,SFS_LGBM,mutual_lags_LGBM_1,0.01133577961403327,mutual_lags_LGBM_1
4.515440565931966,3.1486348716197435e-05,59,27.257255478153493,6.036455375761927,15.173977210228346,39.34053374607864,3,ok,Q_Power,AE,SFS_LGBM,mutual_lags_LGBM_2,0.0023614761537148077,mutual_lags_LGBM_2
4.296367275190588,6.707838523637853e-05,59,29.513831304637307,6.869485175316645,15.76306272212948,43.26459988714514,3,ok,Q_Power,AE,SFS_LGBM,own_lags_LGBM_0,0.004628408581310119,own_lags_LGBM_0
4.75296181954086,1.3637015265855391e-05,59,30.342400900053683,6.383893254792605,17.56365015501849,43.12115164508887,3,ok,Q_Power,AE,SFS_LGBM,own_lags_LGBM_1,0.0010773242060025758,own_lags_LGBM_1
4.844765556681781,9.826726322796885e-06,59,29.275405476876088,6.042687749152313,17.179651758167683,41.3711591955845,3,ok,Q_Power,AE,SFS_LGBM,own_lags_LGBM_2,0.0008156182847921414,own_lags_LGBM_2
1.076212114177312,0.2862887429110973,59,11.079614579128307,10.295010094360338,-9.528087126204472,31.687316284461087,3,ok,Q_Power,AE,SFS_LGBM,seasonal_naive_lag168,1.0,
0.15334656763244764,0.8786572613936643,59,1.5421145791283062,10.056401019842584,-18.587959169866572,21.672188328123184,3,ok,Q_Power,AE,SFS_LGBM,seasonal_naive_lag24,1.0,
-0.021464935004819684,0.9829484505267948,59,-0.016396985815650397,0.7638963645577617,-1.5455016948259048,1.5127077231946042,3,ok,Q_Power,AE,SFS_LGBM_1,SFS_LGBM_2,1.0,
3.00271347900445,0.003943796198001088,59,1.1966350269567194,0.3985178856803427,0.3989148074457852,1.9943552464676535,3,ok,Q_Power,AE,SFS_LGBM_1,SFS_shared_LGBM,0.19324601370205333,
-2.400948556127936,0.01957997349929829,59,-19.567237913774925,8.149794740013695,-35.88082453705521,-3.2536512904946377,3,ok,Q_Power,AE,SFS_LGBM_1,mi_top_k_nolags_LGBM,0.6657190989761419,
4.035898340666433,0.0001613351625837452,59,26.01291665286966,6.445384510991979,13.111077785178125,38.914755520561194,3,ok,Q_Power,AE,SFS_LGBM_1,mutual_lags_LGBM_0,0.010002780080192203,mutual_lags_LGBM_0
4.063857767404636,0.00014700669063006278,59,27.275356683564816,6.7116907738097575,13.840447913453557,40.71026545367607,3,ok,Q_Power,AE,SFS_LGBM_1,mutual_lags_LGBM_1,0.009261421509693954,mutual_lags_LGBM_1
4.6055215262773475,2.2969292904120395e-05,59,28.453890505110216,6.178212465789853,16.08685459157462,40.82092641864581,3,ok,Q_Power,AE,SFS_LGBM_1,mutual_lags_LGBM_2,0.00174566626071315,mutual_lags_LGBM_2
4.358255905164582,5.4260930125401584e-05,59,30.71046633159403,7.046503693186484,16.605356686848673,44.81557597633939,3,ok,Q_Power,AE,SFS_LGBM_1,own_lags_LGBM_0,0.003798265108778111,own_lags_LGBM_0
4.812843600097621,1.1015498506307874e-05,59,31.539035927010406,6.553098032599831,18.42158501983758,44.656486834183234,3,ok,Q_Power,AE,SFS_LGBM_1,own_lags_LGBM_1,0.00088123988050463,own_lags_LGBM_1
4.9146032777268065,7.647238054426764e-06,59,30.472040503832805,6.2003052498527,18.060781078165164,42.883299929500446,3,ok,Q_Power,AE,SFS_LGBM_1,own_lags_LGBM_2,0.0006423679965718482,own_lags_LGBM_2
1.186109501808633,0.24041532560052067,59,12.276249606085026,10.350013710678187,-8.441553799722408,32.99405301189246,3,ok,Q_Power,AE,SFS_LGBM_1,seasonal_naive_lag168,1.0,
0.2713053910422477,0.7871194629459395,59,2.738749606085026,10.094711334573324,-17.468010569729483,22.945509781899535,3,ok,Q_Power,AE,SFS_LGBM_1,seasonal_naive_lag24,1.0,
1.4974052732310907,0.13971055631272403,59,1.21303201277237,0.8100893154696176,-0.4085379337224091,2.834601959267149,3,ok,Q_Power,AE,SFS_LGBM_2,SFS_shared_LGBM,1.0,
-2.3182596336963504,0.02398204145845524,59,-19.550840927959275,8.433412998175026,-36.43215117742392,-2.6695306784946347,3,ok,Q_Power,AE,SFS_LGBM_2,mi_top_k_nolags_LGBM,0.7674253266705677,
3.929652167421764,0.00022909484884117248,59,26.02931363868531,6.623821277231029,12.770294776198734,39.28833250117189,3,ok,Q_Power,AE,SFS_LGBM_2,mutual_lags_LGBM_0,0.012600216686264487,mutual_lags_LGBM_0
3.9887400055386677,0.00018860808873296677,59,27.291753669380462,6.84219919861505,13.595603903508197,40.987903435252726,3,ok,Q_Power,AE,SFS_LGBM_2,mutual_lags_LGBM_1,0.01133577961403327,mutual_lags_LGBM_1
4.480915134971087,3.550860743244242e-05,59,28.470287490925863,6.353677013146459,15.752021125098917,41.188553856752804,3,ok,Q_Power,AE,SFS_LGBM_2,mutual_lags_LGBM_2,0.0025921283425682966,mutual_lags_LGBM_2
4.2932436576300725,6.779782824414069e-05,59,30.72686331740968,7.15702759213329,16.400516051726598,45.05321058309276,3,ok,Q_Power,AE,SFS_LGBM_2,own_lags_LGBM_0,0.004628408581310119,own_lags_LGBM_0
4.702031266706754,1.633949768004307e-05,59,31.555432912826053,6.711021497508479,18.121863844788788,44.98900198086332,3,ok,Q_Power,AE,SFS_LGBM_2,own_lags_LGBM_1,0.0012581413213633165,own_lags_LGBM_1
4.821247618490235,1.0689531541841186e-05,59,30.488437489648458,6.323765112731517,17.83004629786611,43.146828681430804,3,ok,Q_Power,AE,SFS_LGBM_2,own_lags_LGBM_2,0.0008658520548891361,own_lags_LGBM_2
1.1720336964504587,0.24597539766307813,59,12.292646591900679,10.488304755340524,-8.701976415908065,33.287269599709425,3,ok,Q_Power,AE,SFS_LGBM_2,seasonal_naive_lag168,1.0,
0.2657816309005869,0.7913498751028577,59,2.755146591900676,10.36620394932866,-17.995065097685895,23.505358281487247,3,ok,Q_Power,AE,SFS_LGBM_2,seasonal_naive_lag24,1.0,
-2.5403941003523216,0.013772345405371412,59,-20.763872940731645,8.173484947808669,-37.124880667158166,-4.402865214305123,3,ok,Q_Power,AE,SFS_shared_LGBM,mi_top_k_nolags_LGBM,0.5233491254041136,
3.949896883304823,0.00021436167029043849,59,24.816281625912943,6.282766957994486,12.239957157285405,37.39260609454048,3,ok,Q_Power,AE,SFS_shared_LGBM,mutual_lags_LGBM_0,0.012432976876845431,mutual_lags_LGBM_0
3.9932276754421094,0.00018583245268907,59,26.0787216566081,6.53073748261068,13.00603025330366,39.15141305991254,3,ok,Q_Power,AE,SFS_shared_LGBM,mutual_lags_LGBM_1,0.01133577961403327,mutual_lags_LGBM_1
4.515440565931966,3.1486348716197435e-05,59,27.257255478153493,6.036455375761927,15.173977210228346,39.34053374607864,3,ok,Q_Power,AE,SFS_shared_LGBM,mutual_lags_LGBM_2,0.0023614761537148077,mutual_lags_LGBM_2
4.296367275190588,6.707838523637853e-05,59,29.513831304637307,6.869485175316645,15.76306272212948,43.26459988714514,3,ok,Q_Power,AE,SFS_shared_LGBM,own_lags_LGBM_0,0.004628408581310119,own_lags_LGBM_0
4.75296181954086,1.3637015265855391e-05,59,30.342400900053683,6.383893254792605,17.56365015501849,43.12115164508887,3,ok,Q_Power,AE,SFS_shared_LGBM,own_lags_LGBM_1,0.0010773242060025758,own_lags_LGBM_1
4.844765556681781,9.826726322796885e-06,59,29.275405476876088,6.042687749152313,17.179651758167683,41.3711591955845,3,ok,Q_Power,AE,SFS_shared_LGBM,own_lags_LGBM_2,0.0008156182847921414,own_lags_LGBM_2
1.076212114177312,0.2862887429110973,59,11.079614579128307,10.295010094360338,-9.528087126204472,31.687316284461087,3,ok,Q_Power,AE,SFS_shared_LGBM,seasonal_naive_lag168,1.0,
0.15334656763244764,0.8786572613936643,59,1.5421145791283062,10.056401019842584,-18.587959169866572,21.672188328123184,3,ok,Q_Power,AE,SFS_shared_LGBM,seasonal_naive_lag24,1.0,
5.789108908467802,3.027143449570035e-07,59,45.58015456664459,7.8734318678948885,29.81976833645311,61.340540796836066,3,ok,Q_Power,AE,mi_top_k_nolags_LGBM,mutual_lags_LGBM_0,2.6336148011259306e-05,mutual_lags_LGBM_0
5.352289835382513,1.5475012998534873e-06,59,46.84259459733974,8.751879296161478,29.323804791084612,64.36138440359487,3,ok,Q_Power,AE,mi_top_k_nolags_LGBM,mutual_lags_LGBM_1,0.0001330851117873999,mutual_lags_LGBM_1
5.917151170035207,1.8660408561340116e-07,59,48.02112841888513,8.11558248876028,31.77602505711077,64.26623178065948,3,ok,Q_Power,AE,mi_top_k_nolags_LGBM,mutual_lags_LGBM_2,1.6421159533979303e-05,mutual_lags_LGBM_2
6.4394788171207455,2.5437080431699686e-08,59,50.27770424536896,7.807728804339696,34.64883698625781,65.9065715044801,3,ok,Q_Power,AE,mi_top_k_nolags_LGBM,own_lags_LGBM_0,2.2893372388529715e-06,own_lags_LGBM_0
6.480547269709624,2.172552281772188e-08,59,51.10627384078533,7.886104631881693,35.320520317349015,66.89202736422163,3,ok,Q_Power,AE,mi_top_k_nolags_LGBM,own_lags_LGBM_1,1.977022576412691e-06,own_lags_LGBM_1
6.259318899957199,5.0730963250578416e-08,59,50.03927841760773,7.994364757154313,34.036818708577464,66.041738126638,3,ok,Q_Power,AE,mi_top_k_nolags_LGBM,own_lags_LGBM_2,4.515055729301479e-06,own_lags_LGBM_2
3.235047335886871,0.0020103813735827254,59,31.843487519859952,9.84328333209079,12.140015172618444,51.546959867101464,3,ok,Q_Power,AE,mi_top_k_nolags_LGBM,seasonal_naive_lag168,0.10252945005271899,
2.4210778088122744,0.01862446323451335,59,22.305987519859947,9.213246860001892,3.8636701944479697,40.748304845271925,3,ok,Q_Power,AE,mi_top_k_nolags_LGBM,seasonal_naive_lag24,0.6518562132079673,
0.39873398345985056,0.6915534425124211,59,1.2624400306951538,3.1661209805616473,-5.0752396930141535,7.600119754404461,3,ok,Q_Power,AE,mutual_lags_LGBM_0,mutual_lags_LGBM_1,1.0,
0.6835064946823076,0.49700843119788507,59,2.44097385224055,3.5712518772409174,-4.707663470719089,9.58961117520019,3,ok,Q_Power,AE,mutual_lags_LGBM_0,mutual_lags_LGBM_2,1.0,
1.9864322380326533,0.051717174744099564,59,4.697549678724366,2.3648174796925274,-0.036146817188436486,9.431246174637169,3,ok,Q_Power,AE,mutual_lags_LGBM_0,own_lags_LGBM_0,1.0,
2.2778319368454305,0.02643912277510972,59,5.5261192741407426,2.4260434603414445,0.6698656622790642,10.382372886002422,3,ok,Q_Power,AE,mutual_lags_LGBM_0,own_lags_LGBM_1,0.8196128060284013,
1.5120835278454967,0.13594256983550618,59,4.459123850963146,2.9489930740246613,-1.4439271459352234,10.362174847861516,3,ok,Q_Power,AE,mutual_lags_LGBM_0,own_lags_LGBM_2,1.0,
-1.8402475502183215,0.07085003228063924,59,-13.736667046784637,7.464575646442219,-28.67863862999275,1.2053045364234762,3,ok,Q_Power,AE,mutual_lags_LGBM_0,seasonal_naive_lag168,1.0,
-3.3396868941218973,0.0014705920159252353,59,-23.274167046784637,6.968966787799461,-37.22406971235028,-9.324264381218995,3,ok,Q_Power,AE,mutual_lags_LGBM_0,seasonal_naive_lag24,0.07647078482811223,
0.353660326550138,0.7248758089074812,59,1.1785338215453958,3.332389112009476,-5.491967727939188,7.84903537102998,3,ok,Q_Power,AE,mutual_lags_LGBM_1,mutual_lags_LGBM_2,1.0,
1.1647630194778302,0.24888334755659627,59,3.435109648029213,2.9491918876074825,-2.4683393174939754,9.3385586135524,3,ok,Q_Power,AE,mutual_lags_LGBM_1,own_lags_LGBM_0,1.0,
2.3689284201043064,0.02119064828064603,59,4.263679243445588,1.7998345611716937,0.6609189337793411,7.866439553111835,3,ok,Q_Power,AE,mutual_lags_LGBM_1,own_lags_LGBM_1,0.699291393261319,
1.3605959860646357,0.17890555193107543,59,3.1966838202679932,2.349473211011026,-1.5062977847436265,7.899665425279613,3,ok,Q_Power,AE,mutual_lags_LGBM_1,own_lags_LGBM_2,1.0,
-2.114129269877464,0.03881451612493505,59,-14.999107077479792,7.094697231238441,-29.20068656996657,-0.797527584993011,3,ok,Q_Power,AE,mutual_lags_LGBM_1,seasonal_naive_lag168,1.0,
-3.5587566335267473,0.0007510248286813454,59,-24.536607077479786,6.894713408138807,-38.337875454721825,-10.735338700237751,3,ok,Q_Power,AE,mutual_lags_LGBM_1,seasonal_naive_lag24,0.039804315920111306,mutual_lags_LGBM_1
0.6010133253975686,0.5501728111576127,59,2.2565758264838163,3.7546186267851844,-5.259109925049462,9.772261578017094,3,ok,Q_Power,AE,mutual_lags_LGBM_2,own_lags_LGBM_0,1.0,
0.9532135252819608,0.34443772206001166,59,3.085145421900192,3.23657327563371,-3.3935598926530224,9.563850736453407,3,ok,Q_Power,AE,mutual_lags_LGBM_2,own_lags_LGBM_1,1.0,
1.0324749396675228,0.3061357944273472,59,2.0181499987225973,1.9546721389407098,-1.8945513975665866,5.930851395011781,3,ok,Q_Power,AE,mutual_lags_LGBM_2,own_lags_LGBM_2,1.0,
-2.5521678415021163,0.013361784850968722,59,-16.17764089902519,6.338784086200066,-28.86609583259344,-3.4891859654569366,3,ok,Q_Power,AE,mutual_lags_LGBM_2,seasonal_naive_lag168,0.5211096091877802,
-4.205939838811783,9.122503632774932e-05,59,-25.71514089902519,6.114005878479222,-37.953653364143804,-13.47662843390658,3,ok,Q_Power,AE,mutual_lags_LGBM_2,seasonal_naive_lag24,0.006020852397631455,mutual_lags_LGBM_2
0.31895231006256275,0.7509085318012776,59,0.828569595416376,2.5977852151434533,-4.371462489790267,6.0286016806230185,3,ok,Q_Power,AE,own_lags_LGBM_0,own_lags_LGBM_1,1.0,
-0.08257668284653931,0.9344724698105584,59,-0.23842582776121937,2.887326295297069,-6.018037355489652,5.5411856999672136,3,ok,Q_Power,AE,own_lags_LGBM_0,own_lags_LGBM_2,1.0,
-2.5042326417516563,0.015105759320824955,59,-18.434216725509003,7.3612237210575895,-33.16930695265463,-3.699126498363375,3,ok,Q_Power,AE,own_lags_LGBM_0,seasonal_naive_lag168,0.5438073355496984,
-3.7665968851474108,0.0003889288116568268,59,-27.971716725509,7.426257063984773,-42.83698533224438,-13.106448118773617,3,ok,Q_Power,AE,own_lags_LGBM_0,seasonal_naive_lag24,0.021002155829468648,own_lags_LGBM_0
-0.5258811690328585,0.6009758066460418,59,-1.066995423177596,2.028966781868029,-5.128413705192722,2.9944228588375306,3,ok,Q_Power,AE,own_lags_LGBM_1,own_lags_LGBM_2,1.0,
-2.8716429866282316,0.005693277692810744,59,-19.262786320925382,6.707932152646515,-32.6901713933379,-5.835401248512865,3,ok,Q_Power,AE,own_lags_LGBM_1,seasonal_naive_lag168,0.2618907738692942,
-4.442077198955984,4.06322975579323e-05,59,-28.800286320925384,6.483517739784954,-41.77845713941873,-15.822115502432041,3,ok,Q_Power,AE,own_lags_LGBM_1,seasonal_naive_lag24,0.0029255254241711257,own_lags_LGBM_1
-2.943686805141954,0.004658417594431238,59,-18.195790897747784,6.181293086602779,-30.568993343826637,-5.822588451668931,3,ok,Q_Power,AE,own_lags_LGBM_2,seasonal_naive_lag168,0.2189456269382682,
-4.420730054698827,4.374788846176945e-05,59,-27.733290897747786,6.273464010377622,-40.29099349347656,-15.175588302019012,3,ok,Q_Power,AE,own_lags_LGBM_2,seasonal_naive_lag24,0.0031061000807856313,own_lags_LGBM_2
-1.2997399769799398,0.19883222131289993,59,-9.5375,7.338006192716501,-24.226115294726632,5.151115294726633,3,ok,Q_Power,AE,seasonal_naive_lag168,seasonal_naive_lag24,1.0,
-3.822009430011228,0.00032530850458769293,59,-20.585044665798094,5.385921998035892,-31.366138897508982,-9.803950434087207,3,ok,Q_Power,CRPS,LagDrop_LGBM,SFS_LGBM,0.017241350743147726,LagDrop_LGBM
-3.7605221630291923,0.00039658832648117095,59,-20.33769694186532,5.408210897361873,-31.163407253059376,-9.511986630671265,3,ok,Q_Power,CRPS,LagDrop_LGBM,SFS_LGBM_1,0.02003767216728247,LagDrop_LGBM
-3.6401646353570305,0.0005817193205724855,59,-20.7232865482783,5.692953100799998,-32.118970306568485,-9.32760278998811,3,ok,Q_Power,CRPS,LagDrop_LGBM,SFS_LGBM_2,0.027922527387479305,LagDrop_LGBM
-3.822009430011228,0.00032530850458769293,59,-20.585044665798094,5.385921998035892,-31.366138897508982,-9.803950434087207,3,ok,Q_Power,CRPS,LagDrop_LGBM,SFS_shared_LGBM,0.017241350743147726,LagDrop_LGBM
-5.209781283822947,2.6154816648503446e-06,59,-23.963213089175813,4.599658178277988,-33.170429285726485,-14.755996892625141,3,ok,Q_Power,CRPS,LagDrop_LGBM,mi_top_k_nolags_LGBM,0.00018308371653952412,LagDrop_LGBM
3.0630077003714056,0.0033202976792216735,59,8.694464337353994,2.838538191170641,3.01251281067373,14.376415864034257,3,ok,Q_Power,CRPS,LagDrop_LGBM,mutual_lags_LGBM_0,0.14277280020653196,
2.8503114946425745,0.006038277563094464,59,8.92430606283166,3.130993254458582,2.656942122641123,15.191670003022196,3,ok,Q_Power,CRPS,LagDrop_LGBM,mutual_lags_LGBM_1,0.24756938008687304,
2.6497744487507973,0.010362862542023479,59,8.901220955345766,3.3592372209423838,2.1769770767939436,15.625464833897588,3,ok,Q_Power,CRPS,LagDrop_LGBM,mutual_lags_LGBM_2,0.4145145016809392,
4.424280048823043,4.3214125557163526e-05,59,11.693050747378644,2.642927350516443,6.402656860524236,16.983444634233052,3,ok,Q_Power,CRPS,LagDrop_LGBM,own_lags_LGBM_0,0.0023335627800868306,own_lags_LGBM_0
3.7634367270141293,0.0003928955326918131,59,11.23089721702473,2.984213109365918,5.257345659591553,17.204448774457905,3,ok,Q_Power,CRPS,LagDrop_LGBM,own_lags_LGBM_1,0.02003767216728247,own_lags_LGBM_1
3.6990230401971917,0.0004827215487070459,59,10.206105444498899,2.7591354078061703,4.683095857569093,15.729115031428705,3,ok,Q_Power,CRPS,LagDrop_LGBM,own_lags_LGBM_2,0.02365335588664525,own_lags_LGBM_2
-1.0227738072918404,0.31066190539546595,59,-5.876078738328027,5.745237799828926,-17.376421692817694,5.624264216161641,3,ok,Q_Power,CRPS,LagDrop_LGBM,seasonal_naive_lag168,1.0,
-2.17794416685886,0.03348981561214093,59,-12.344809802194904,5.668102052404404,-23.690748782412292,-0.9988708219775138,3,ok,Q_Power,CRPS,LagDrop_LGBM,seasonal_naive_lag24,1.0,
0.7320631446882591,0.46707792785446256,59,0.24734772393277277,0.3378775802708973,-0.42898773599616774,0.9236831838617132,3,ok,Q_Power,CRPS,SFS_LGBM,SFS_LGBM_1,1.0,
-0.18120240835608645,0.8568404439019277,59,-0.13824188248020539,0.7629141562431223,-1.6653804879339735,1.3888967229735627,3,ok,Q_Power,CRPS,SFS_LGBM,SFS_LGBM_2,1.0,
0.0,1.0,59,0.0,0.0,0.0,0.0,3,identical losses,Q_Power,CRPS,SFS_LGBM,SFS_shared_LGBM,1.0,
-0.5032425175946371,0.6166996547741849,59,-3.378168423377717,6.712804076103201,-16.8153057101549,10.058968863399466,3,ok,Q_Power,CRPS,SFS_LGBM,mi_top_k_nolags_LGBM,1.0,
4.940404391867714,6.968421900118316e-06,59,29.279509003152086,5.926540963194918,17.416248336621873,41.142769669682295,3,ok,Q_Power,CRPS,SFS_LGBM,mutual_lags_LGBM_0,0.0004668842673079272,mutual_lags_LGBM_0
4.901987616292058,8.002348597098987e-06,59,29.50935072862975,6.0198745975109365,17.459262494430348,41.559438962829155,3,ok,Q_Power,CRPS,SFS_LGBM,mutual_lags_LGBM_1,0.0005121503102143352,mutual_lags_LGBM_1
5.308962679575558,1.815993206567437e-06,59,29.48626562114386,5.554054040459225,18.36861854046914,40.60391270181859,3,ok,Q_Power,CRPS,SFS_LGBM,mutual_lags_LGBM_2,0.00013801548369912523,mutual_lags_LGBM_2
5.4967887299072595,9.052828193201398e-07,59,32.278095413176736,5.872173190422278,20.52366366797955,44.032527158373924,3,ok,Q_Power,CRPS,SFS_LGBM,own_lags_LGBM_0,7.423319118425146e-05,own_lags_LGBM_0
5.391177374184769,1.3400872328924663e-06,59,31.815941882822823,5.901483048057549,20.00284008313931,43.629043682506335,3,ok,Q_Power,CRPS,SFS_LGBM,own_lags_LGBM_1,0.00010586689139850483,own_lags_LGBM_1
5.845686722575542,2.44516973274975e-07,59,30.79115011029699,5.267328129539375,20.247447298668,41.33485292192598,3,ok,Q_Power,CRPS,SFS_LGBM,own_lags_LGBM_2,2.1272976674922824e-05,own_lags_LGBM_2
1.65377626523861,0.10357591349393161,59,14.708965927470066,8.894169203321967,-3.094648073765617,32.51257992870575,3,ok,Q_Power,CRPS,SFS_LGBM,seasonal_naive_lag168,1.0,
0.9893626547629736,0.3265953226746996,59,8.240234863603188,8.328831519901406,-8.431732812283393,24.91220253948977,3,ok,Q_Power,CRPS,SFS_LGBM,seasonal_naive_lag24,1.0,
-0.567855495236079,0.5723248793192808,59,-0.3855896064129781,0.6790276921643136,-1.7448112100370734,0.9736319972111173,3,ok,Q_Power,CRPS,SFS_LGBM_1,SFS_LGBM_2,1.0,
-0.7320631446882591,0.46707792785446256,59,-0.24734772393277277,0.3378775802708973,-0.9236831838617132,0.42898773599616774,3,ok,Q_Power,CRPS,SFS_LGBM_1,SFS_shared_LGBM,1.0,
-0.5422095697293225,0.5897513929982761,59,-3.6255161473104898,6.686558758305189,-17.010117722574442,9.759085427953464,3,ok,Q_Power,CRPS,SFS_LGBM_1,mi_top_k_nolags_LGBM,1.0,
4.841337721856722,9.948098575542216e-06,59,29.032161279219316,5.996723002436002,17.02841599766726,41.03590656077137,3,ok,Q_Power,CRPS,SFS_LGBM_1,mutual_lags_LGBM_0,0.0006167821116836174,mutual_lags_LGBM_0
4.813318206930673,1.0996833393795358e-05,59,29.262003004696982,6.07938261022568,17.09279654099974,41.43120946839423,3,ok,Q_Power,CRPS,SFS_LGBM_1,mutual_lags_LGBM_1,0.0006708068370215168,mutual_lags_LGBM_1
5.23479414454606,2.3860419042494034e-06,59,29.23891789721109,5.585495263013168,18.05833437162724,40.41950142279494,3,ok,Q_Power,CRPS,SFS_LGBM_1,mutual_lags_LGBM_2,0.00017179501710595704,mutual_lags_LGBM_2
5.366460905953485,1.4684886499696816e-06,59,32.03074768924397,5.968691144979638,20.08311426687538,43.97838111161255,3,ok,Q_Power,CRPS,SFS_LGBM_1,own_lags_LGBM_0,0.00011307362604766548,own_lags_LGBM_0
5.288824508813409,1.9559356486579247e-06,59,31.56859415889006,5.968924494712103,19.620493636282077,43.516694681498045,3,ok,Q_Power,CRPS,SFS_LGBM_1,own_lags_LGBM_1,0.0001427833023520285,own_lags_LGBM_1
5.735297496977411,3.707160565168811e-07,59,30.54380238636422,5.325582919187935,19.88348994376051,41.20411482896793,3,ok,Q_Power,CRPS,SFS_LGBM_1,own_lags_LGBM_2,3.151086480393489e-05,own_lags_LGBM_2
1.6329652374546022,0.10789401983734219,59,14.461618203537293,8.85604780300128,-3.2656875241563714,32.18892393123096,3,ok,Q_Power,CRPS,SFS_LGBM_1,seasonal_naive_lag168,1.0,
0.9624034001403593,0.33984237038263754,59,7.992887139670416,8.305131858953027,-8.631640510527482,24.617414789868313,3,ok,Q_Power,CRPS,SFS_LGBM_1,seasonal_naive_lag24,1.0,
0.18120240835608645,0.8568404439019277,59,0.13824188248020539,0.7629141562431223,-1.3888967229735627,1.6653804879339735,3,ok,Q_Power,CRPS,SFS_LGBM_2,SFS_shared_LGBM,1.0,
-0.46164945610792973,0.6460595604239835,59,-3.2399265408975118,7.018153055378114,-17.288286218255188,10.808433136460165,3,ok,Q_Power,CRPS,SFS_LGBM_2,mi_top_k_nolags_LGBM,1.0,
4.693708345474031,1.68282935646949e-05,59,29.417750885632298,6.267485902484492,16.872014772995307,41.96348699826929,3,ok,Q_Power,CRPS,SFS_LGBM_2,mutual_lags_LGBM_0,0.0009602592166680291,mutual_lags_LGBM_0
4.7031375679647205,1.6275579943525917e-05,59,29.647592611109957,6.303790221458466,17.02918550843278,42.26599971378714,3,ok,Q_Power,CRPS,SFS_LGBM_2,mutual_lags_LGBM_1,0.0009602592166680291,mutual_lags_LGBM_1
5.066477915796979,4.41425515917706e-06,59,29.62450750362406,5.847160097403483,17.92014490405515,41.32887010319297,3,ok,Q_Power,CRPS,SFS_LGBM_2,mutual_lags_LGBM_2,0.0003001693508240401,mutual_lags_LGBM_2
5.215947418506596,2.5569804562266534e-06,59,32.416337295656945,6.214851242679557,19.97596090182353,44.85671368949036,3,ok,Q_Power,CRPS,SFS_LGBM_2,own_lags_LGBM_0,0.00018154561239209238,own_lags_LGBM_0
5.138438117850675,3.39595627330741e-06,59,31.954183765303032,6.218656921116907,19.50618947840254,44.402178052203524,3,ok,Q_Power,CRPS,SFS_LGBM_2,own_lags_LGBM_1,0.0002343209828582113,own_lags_LGBM_1
5.570211711276237,6.884141446583883e-07,59,30.929391992777198,5.55264208901868,19.814571239987778,42.04421274556662,3,ok,Q_Power,CRPS,SFS_LGBM_2,own_lags_LGBM_2,5.713837400664623e-05,own_lags_LGBM_2
1.6331018607790357,0.10786520195477835,59,14.84720780995027,9.09141564682789,-3.351237845936687,33.045653465837226,3,ok,Q_Power,CRPS,SFS_LGBM_2,seasonal_naive_lag168,1.0,
0.9704233452574612,0.33586514150695856,59,8.378476746083395,8.633836754886103,-8.90402524142788,25.660978733594668,3,ok,Q_Power,CRPS,SFS_LGBM_2,seasonal_naive_lag24,1.0,
-0.5032425175946371,0.6166996547741849,59,-3.378168423377717,6.712804076103201,-16.8153057101549,10.058968863399466,3,ok,Q_Power,CRPS,SFS_shared_LGBM,mi_top_k_nolags_LGBM,1.0,
4.940404391867714,6.968421900118316e-06,59,29.279509003152086,5.926540963194918,17.416248336621873,41.142769669682295,3,ok,Q_Power,CRPS,SFS_shared_LGBM,mutual_lags_LGBM_0,0.0004668842673079272,mutual_lags_LGBM_0
4.901987616292058,8.002348597098987e-06,59,29.50935072862975,6.0198745975109365,17.459262494430348,41.559438962829155,3,ok,Q_Power,CRPS,SFS_shared_LGBM,mutual_lags_LGBM_1,0.0005121503102143352,mutual_lags_LGBM_1
5.308962679575558,1.815993206567437e-06,59,29.48626562114386,5.554054040459225,18.36861854046914,40.60391270181859,3,ok,Q_Power,CRPS,SFS_shared_LGBM,mutual_lags_LGBM_2,0.00013801548369912523,mutual_lags_LGBM_2
5.4967887299072595,9.052828193201398e-07,59,32.278095413176736,5.872173190422278,20.52366366797955,44.032527158373924,3,ok,Q_Power,CRPS,SFS_shared_LGBM,own_lags_LGBM_0,7.423319118425146e-05,own_lags_LGBM_0
5.391177374184769,1.3400872328924663e-06,59,31.815941882822823,5.901483048057549,20.00284008313931,43.629043682506335,3,ok,Q_Power,CRPS,SFS_shared_LGBM,own_lags_LGBM_1,0.00010586689139850483,own_lags_LGBM_1
5.845686722575542,2.44516973274975e-07,59,30.79115011029699,5.267328129539375,20.247447298668,41.33485292192598,3,ok,Q_Power,CRPS,SFS_shared_LGBM,own_lags_LGBM_2,2.1272976674922824e-05,own_lags_LGBM_2
1.65377626523861,0.10357591349393161,59,14.708965927470066,8.894169203321967,-3.094648073765617,32.51257992870575,3,ok,Q_Power,CRPS,SFS_shared_LGBM,seasonal_naive_lag168,1.0,
0.9893626547629736,0.3265953226746996,59,8.240234863603188,8.328831519901406,-8.431732812283393,24.91220253948977,3,ok,Q_Power,CRPS,SFS_shared_LGBM,seasonal_naive_lag24,1.0,
6.203531554490497,6.278559976614315e-08,59,32.65767742652981,5.264368713155037,22.119898530420215,43.1954563226394,3,ok,Q_Power,CRPS,mi_top_k_nolags_LGBM,mutual_lags_LGBM_0,5.58791837918674e-06,mutual_lags_LGBM_0
5.469547288626903,1.0018622851183017e-06,59,32.887519152007464,6.012841176159513,20.851509840300565,44.92352846371436,3,ok,Q_Power,CRPS,mi_top_k_nolags_LGBM,mutual_lags_LGBM_1,8.014898280946413e-05,mutual_lags_LGBM_1
5.696468477844751,4.2897463271959136e-07,59,32.86443404452157,5.769264619358655,21.315996185290846,44.412871903752304,3,ok,Q_Power,CRPS,mi_top_k_nolags_LGBM,mutual_lags_LGBM_2,3.603386914844568e-05,mutual_lags_LGBM_2
6.787724336908759,6.655659193592359e-09,59,35.65626383655446,5.253051253521133,25.141139297270158,46.17138837583876,3,ok,Q_Power,CRPS,mi_top_k_nolags_LGBM,own_lags_LGBM_0,6.056649866169046e-07,own_lags_LGBM_0
6.430118039555323,2.6367708063793828e-08,59,35.19411030620055,5.473322587501739,24.238064786431277,46.15015582596982,3,ok,Q_Power,CRPS,mi_top_k_nolags_LGBM,own_lags_LGBM_1,2.3730937257414446e-06,own_lags_LGBM_1
6.099476035589119,9.336827089754227e-08,59,34.16931853367471,5.6020088175286125,22.955679537291914,45.38295753005751,3,ok,Q_Power,CRPS,mi_top_k_nolags_LGBM,own_lags_LGBM_2,8.216407838983719e-06,own_lags_LGBM_2
2.5827808156132623,0.012345716652519633,59,18.087134350847784,7.002969141441887,4.06916857949401,32.105100122201556,3,ok,Q_Power,CRPS,mi_top_k_nolags_LGBM,seasonal_naive_lag168,0.4691372327957461,
1.9708248899189866,0.053522530296854165,59,11.618403286980907,5.895198171288824,-0.18211796498895083,23.418924538950765,3,ok,Q_Power,CRPS,mi_top_k_nolags_LGBM,seasonal_naive_lag24,1.0,
0.1029689548185559,0.9183428102309087,59,0.22984172547766282,2.232145852919188,-4.238283655472955,4.6979671064282815,3,ok,Q_Power,CRPS,mutual_lags_LGBM_0,mutual_lags_LGBM_1,1.0,
0.07840262716255528,0.9377776499394994,59,0.20675661799177095,2.6371133911507103,-5.071999364748139,5.485512600731681,3,ok,Q_Power,CRPS,mutual_lags_LGBM_0,mutual_lags_LGBM_2,1.0,
1.9062852010342966,0.061571993249989694,59,2.998586410024649,1.5729998892073969,-0.150114970760316,6.147287790809614,3,ok,Q_Power,CRPS,mutual_lags_LGBM_0,own_lags_LGBM_0,1.0,
1.6437442387479688,0.10563955447703167,59,2.536432879670739,1.5430824454799161,-0.5523822309239965,5.625247990265475,3,ok,Q_Power,CRPS,mutual_lags_LGBM_0,own_lags_LGBM_1,1.0,
0.6812317440823022,0.4984358768109224,59,1.5116411071449052,2.218982189653038,-2.9301343388904604,5.953416553180271,3,ok,Q_Power,CRPS,mutual_lags_LGBM_0,own_lags_LGBM_2,1.0,
-2.6478066654387438,0.010416696503666318,59,-14.570543075682023,5.502872723249857,-25.585739618837167,-3.555346532526878,3,ok,Q_Power,CRPS,mutual_lags_LGBM_0,seasonal_naive_lag168,0.4145145016809392,
-4.696864011173816,1.6641305484729813e-05,59,-21.039274139548898,4.479430123907477,-30.005827737581356,-12.072720541516441,3,ok,Q_Power,CRPS,mutual_lags_LGBM_0,seasonal_naive_lag24,0.0009602592166680291,mutual_lags_LGBM_0
-0.010167507945500049,0.9919225346450298,59,-0.023085107485891997,2.2704784308635864,-4.567941479920172,4.521771264948388,3,ok,Q_Power,CRPS,mutual_lags_LGBM_1,mutual_lags_LGBM_2,1.0,
1.2898578640984057,0.2022194576711412,59,2.7687446845469865,2.1465502220140387,-1.5280424254543523,7.065531794548326,3,ok,Q_Power,CRPS,mutual_lags_LGBM_1,own_lags_LGBM_0,1.0,
1.6136472882498654,0.11203211116151439,59,2.306591154193076,1.4294270941295766,-0.554718052437015,5.167900360823167,3,ok,Q_Power,CRPS,mutual_lags_LGBM_1,own_lags_LGBM_1,1.0,
0.7693147542641209,0.4448282374322573,59,1.2817993816672422,1.6661572842098062,-2.0533767854714697,4.616975548805954,3,ok,Q_Power,CRPS,mutual_lags_LGBM_1,own_lags_LGBM_2,1.0,
-2.904183999358129,0.005201969665783925,59,-14.800384801159684,5.0962283396750365,-25.00159417188365,-4.599175430435718,3,ok,Q_Power,CRPS,mutual_lags_LGBM_1,seasonal_naive_lag168,0.21848272596292487,
-4.487929344545512,3.465289115659152e-05,59,-21.26911586502656,4.73918242293105,-30.755620181561422,-11.782611548491698,3,ok,Q_Power,CRPS,mutual_lags_LGBM_1,seasonal_naive_lag24,0.0019059090136125335,mutual_lags_LGBM_1
1.0237352923115148,0.31021130713927897,59,2.7918297920328787,2.7271012467775178,-2.6670564546759494,8.250716038741707,3,ok,Q_Power,CRPS,mutual_lags_LGBM_2,own_lags_LGBM_0,1.0,
1.020285076324609,0.31183030213732027,59,2.3296762616789684,2.2833581669852534,-2.24096170374123,6.900314227099167,3,ok,Q_Power,CRPS,mutual_lags_LGBM_2,own_lags_LGBM_1,1.0,
0.9554180424269854,0.3433316713787222,59,1.3048844891531344,1.3657733381697739,-1.4290078812407057,4.038776859546974,3,ok,Q_Power,CRPS,mutual_lags_LGBM_2,own_lags_LGBM_2,1.0,
-3.113134736348612,0.0028733660171424307,59,-14.777299693673791,4.746758796249869,-24.278969769147345,-5.275629618200236,3,ok,Q_Power,CRPS,mutual_lags_LGBM_2,seasonal_naive_lag168,0.12642810475426694,
-4.923131713220134,7.415978346517943e-06,59,-21.246030757540666,4.3155519687780215,-29.884546587181028,-12.607514927900306,3,ok,Q_Power,CRPS,mutual_lags_LGBM_2,seasonal_naive_lag24,0.00048203859252366626,mutual_lags_LGBM_2
-0.25247860727868615,0.8015637755501867,59,-0.46215353035391027,1.830466095069135,-4.126229516988853,3.2019224562810322,3,ok,Q_Power,CRPS,own_lags_LGBM_0,own_lags_LGBM_1,1.0,
-0.74452629532197,0.4595642267957579,59,-1.4869453028797446,1.9971696261402236,-5.484714662328434,2.5108240565689446,3,ok,Q_Power,CRPS,own_lags_LGBM_0,own_lags_LGBM_2,1.0,
-3.2037182037787835,0.0022052665589678703,59,-17.569129485706675,5.483980914733356,-28.546509965447214,-6.591749005966134,3,ok,Q_Power,CRPS,own_lags_LGBM_0,seasonal_naive_lag168,0.10109209921934889,
-4.699475339748229,1.648810882849651e-05,59,-24.037860549573548,5.115009402488185,-34.27666430210142,-13.799056797045674,3,ok,Q_Power,CRPS,own_lags_LGBM_0,seasonal_naive_lag24,0.0009602592166680291,own_lags_LGBM_0
-0.6344792697764099,0.5282628968462844,59,-1.0247917725258335,1.6151698271985617,-4.257905455493034,2.2083219104413665,3,ok,Q_Power,CRPS,own_lags_LGBM_1,own_lags_LGBM_2,1.0,
-3.3528689971221612,0.0014132435937760357,59,-17.10697595535276,5.10219038382831,-27.320119654099578,-6.89383225660594,3,ok,Q_Power,CRPS,own_lags_LGBM_1,seasonal_naive_lag168,0.06642244890747367,
-5.302596886369474,1.8591284281694956e-06,59,-23.575707019219635,4.446068129339019,-32.47547932941845,-14.67593470902082,3,ok,Q_Power,CRPS,own_lags_LGBM_1,seasonal_naive_lag24,0.00013801548369912523,own_lags_LGBM_1
-3.204892138710902,0.0021976543308554106,59,-16.082184182826925,5.01801105521624,-26.126824647687357,-6.037543717966495,3,ok,Q_Power,CRPS,own_lags_LGBM_2,seasonal_naive_lag168,0.10109209921934889,
-4.750031282174242,1.3779891643984845e-05,59,-22.550915246693798,4.747529838660666,-32.05412873124206,-13.047701762145532,3,ok,Q_Power,CRPS,own_lags_LGBM_2,seasonal_naive_lag24,0.0008267934986390908,own_lags_LGBM_2
-1.2610546683701045,0.21233810945639314,59,-6.468731063866877,5.129619854012849,-16.73678081266293,3.7993186849291734,3,ok,Q_Power,CRPS,seasonal_naive_lag168,seasonal_naive_lag24,1.0,
-3.8371895857039893,0.0003097034220513039,59,-10.710567203291438,2.791253067921174,-16.297867272023282,-5.123267134559596,3,ok,Q_Power,PB,LagDrop_LGBM,SFS_LGBM,0.016414281368719107,LagDrop_LGBM
-3.794323502393111,0.00035573357542424607,59,-10.651971039860742,2.8073439265635773,-16.27148046167199,-5.03246161804949,3,ok,Q_Power,PB,LagDrop_LGBM,SFS_LGBM_1,0.01814241234663655,LagDrop_LGBM
-3.6661578837537285,0.0005358175043237446,59,-10.812287334616547,2.9492148667492724,-16.71578229788963,-4.908792371343467,3,ok,Q_Power,PB,LagDrop_LGBM,SFS_LGBM_2,0.02571924020753974,LagDrop_LGBM
-3.8371895857039893,0.0003097034220513039,59,-10.710567203291438,2.791253067921174,-16.297867272023282,-5.123267134559596,3,ok,Q_Power,PB,LagDrop_LGBM,SFS_shared_LGBM,0.016414281368719107,LagDrop_LGBM
-5.160110816401064,3.1373354678065245e-06,59,-12.572897355360723,2.4365556870210265,-17.45019347516422,-7.695601235557228,3,ok,Q_Power,PB,LagDrop_LGBM,mi_top_k_nolags_LGBM,0.0002164761472786502,LagDrop_LGBM
3.084275501421692,0.003123272827373279,59,4.6150819322136165,1.4963260999499888,1.6198598159608726,7.610304048466361,3,ok,Q_Power,PB,LagDrop_LGBM,mutual_lags_LGBM_0,0.1374240044044243,
2.8535569913700076,0.005984569905817707,59,4.7131749394318945,1.6516841800202051,1.406969837999363,8.019380040864426,3,ok,Q_Power,PB,LagDrop_LGBM,mutual_lags_LGBM_1,0.24899341260310207,
2.6461173546422025,0.010463115618374721,59,4.693025389848682,1.7735514948403541,1.142876353594826,8.243174426102538,3,ok,Q_Power,PB,LagDrop_LGBM,mutual_lags_LGBM_2,0.41852462473498886,
4.41733107491466,4.426495287837518e-05,59,6.17126514055626,1.3970574167741059,3.374750883044755,8.967779398067766,3,ok,Q_Power,PB,LagDrop_LGBM,own_lags_LGBM_0,0.0024345724083106347,own_lags_LGBM_0
3.768448727441389,0.0003866221946896614,59,5.914170638416326,1.569391297631317,2.77269263848234,9.055648638350313,3,ok,Q_Power,PB,LagDrop_LGBM,own_lags_LGBM_1,0.01933110973448307,own_lags_LGBM_1
3.718964184280764,0.00045299964013473585,59,5.387373299997966,1.4486219907062285,2.4876413332840315,8.287105266711901,3,ok,Q_Power,PB,LagDrop_LGBM,own_lags_LGBM_2,0.022196982366602055,own_lags_LGBM_2
-0.9676882308672506,0.3372180641384229,59,-2.9321755648996635,3.030082904151704,-8.997545492549701,3.1331943627503747,3,ok,Q_Power,PB,LagDrop_LGBM,seasonal_naive_lag168,1.0,
-2.1029002609186276,0.03982421102440987,59,-6.314314170983642,3.002669355428824,-12.324809918852624,-0.30381842311465945,3,ok,Q_Power,PB,LagDrop_LGBM,seasonal_naive_lag24,1.0,
0.3410411314455488,0.7343049883376578,59,0.05859616343069624,0.17181553199266172,-0.28532999100672984,0.4025223178681223,3,ok,Q_Power,PB,SFS_LGBM,SFS_LGBM_1,1.0,
-0.2559337465965528,0.7989075353747286,59,-0.10172013132510896,0.3974471232410702,-0.8972969869399854,0.6938567242897675,3,ok,Q_Power,PB,SFS_LGBM,SFS_LGBM_2,1.0,
0.0,1.0,59,0.0,0.0,0.0,0.0,3,identical losses,Q_Power,PB,SFS_LGBM,SFS_shared_LGBM,1.0,
-0.5304876000976598,0.5977992523017331,59,-1.8623301520692856,3.5106007222910414,-8.889560997732156,5.1649006935935855,3,ok,Q_Power,PB,SFS_LGBM,mi_top_k_nolags_LGBM,1.0,
4.975121387005601,6.14753068497374e-06,59,15.325649135505058,3.080457328244041,9.159443842395643,21.491854428614474,3,ok,Q_Power,PB,SFS_LGBM,mutual_lags_LGBM_0,0.00041188455589324057,mutual_lags_LGBM_0
4.905633463223544,7.898095333804435e-06,59,15.423742142723336,3.1440877632525424,9.130166695333635,21.717317590113037,3,ok,Q_Power,PB,SFS_LGBM,mutual_lags_LGBM_1,0.0005133761966972883,mutual_lags_LGBM_1
5.31756775550215,1.75924831832678e-06,59,15.403592593140116,2.8967364970952816,9.605144499942867,21.202040686337366,3,ok,Q_Power,PB,SFS_LGBM,mutual_lags_LGBM_2,0.0001324176233803414,mutual_lags_LGBM_2
5.5149021875111695,8.462145742153743e-07,59,16.881832343847698,3.0611299656551716,10.754314970354837,23.00934971734056,3,ok,Q_Power,PB,SFS_LGBM,own_lags_LGBM_0,6.938959508566069e-05,own_lags_LGBM_0
5.408892835565779,1.2549327895382546e-06,59,16.624737841707763,3.0735934963238716,10.472272000961183,22.777203682454342,3,ok,Q_Power,PB,SFS_LGBM,own_lags_LGBM_1,9.913969037352212e-05,own_lags_LGBM_1
5.874245239506306,2.1949948148263273e-07,59,16.097940503289404,2.7404270415925533,10.612379780109187,21.58350122646962,3,ok,Q_Power,PB,SFS_LGBM,own_lags_LGBM_2,1.9096454888989047e-05,own_lags_LGBM_2
1.6715594433057426,0.09999867531220195,59,7.778391638391774,4.653374230598056,-1.5363489192672368,17.093132196050785,3,ok,Q_Power,PB,SFS_LGBM,seasonal_naive_lag168,1.0,
1.0085994062072312,0.31735613213781083,59,4.396253032307795,4.3587701968213555,-4.328773480040683,13.121279544656273,3,ok,Q_Power,PB,SFS_LGBM,seasonal_naive_lag24,1.0,
-0.44831855147706656,0.6555936646775786,59,-0.1603162947558052,0.35759460372008733,-0.876119665258291,0.5554870757466805,3,ok,Q_Power,PB,SFS_LGBM_1,SFS_LGBM_2,1.0,
-0.3410411314455488,0.7343049883376578,59,-0.05859616343069624,0.17181553199266172,-0.4025223178681223,0.28532999100672984,3,ok,Q_Power,PB,SFS_LGBM_1,SFS_shared_LGBM,1.0,
-0.5487845118472995,0.5852598279074535,59,-1.920926315499982,3.5003289524950807,-8.927595979969162,5.085743348969198,3,ok,Q_Power,PB,SFS_LGBM_1,mi_top_k_nolags_LGBM,1.0,
4.889464973554054,8.370812670453667e-06,59,15.267052972074357,3.122438355658583,9.016813522386872,21.51729242176184,3,ok,Q_Power,PB,SFS_LGBM_1,mutual_lags_LGBM_0,0.000527361198238581,mutual_lags_LGBM_0
4.831074702729164,1.0320336567267169e-05,59,15.365145979292636,3.180481968248717,8.998719615440528,21.731572343144745,3,ok,Q_Power,PB,SFS_LGBM_1,mutual_lags_LGBM_1,0.0006398608671705644,mutual_lags_LGBM_1
5.258119040847863,2.1900002493229277e-06,59,15.344996429709422,2.9183432916792746,9.50329763801706,21.186695221401784,3,ok,Q_Power,PB,SFS_LGBM_1,mutual_lags_LGBM_2,0.00015987001820057372,mutual_lags_LGBM_2
5.398942379767135,1.302082883075301e-06,59,16.823236180417002,3.1160243983086584,10.585835661299424,23.06063669953458,3,ok,Q_Power,PB,SFS_LGBM_1,own_lags_LGBM_0,0.00010026038199679819,own_lags_LGBM_0
5.320185204371619,1.742337149741334e-06,59,16.56614167827707,3.1138280044583038,10.333137719131814,22.799145637422328,3,ok,Q_Power,PB,SFS_LGBM_1,own_lags_LGBM_1,0.0001324176233803414,own_lags_LGBM_1
5.776771903745714,3.171217897971884e-07,59,16.039344339858708,2.7765237414789814,10.481528221395884,21.597160458321532,3,ok,Q_Power,PB,SFS_LGBM_1,own_lags_LGBM_2,2.6955352132761015e-05,own_lags_LGBM_2
1.6639538532822336,0.101516041957236,59,7.719795474961077,4.639428827748671,-1.5670303259908733,17.006621275913027,3,ok,Q_Power,PB,SFS_LGBM_1,seasonal_naive_lag168,1.0,
0.9967489730226582,0.3230267594058083,59,4.337656868877099,4.351804703367871,-4.373426693439839,13.048740431194037,3,ok,Q_Power,PB,SFS_LGBM_1,seasonal_naive_lag24,1.0,
0.2559337465965528,0.7989075353747286,59,0.10172013132510896,0.3974471232410702,-0.6938567242897675,0.8972969869399854,3,ok,Q_Power,PB,SFS_LGBM_2,SFS_shared_LGBM,1.0,
-0.4801828988692884,0.6329034474292168,59,-1.7606100207441773,3.666540447171228,-9.099988140172515,5.57876809868416,3,ok,Q_Power,PB,SFS_LGBM_2,mi_top_k_nolags_LGBM,1.0,
4.734870378469297,1.454275625504563e-05,59,15.427369266830164,3.2582453232473854,8.905282635651428,21.9494558980089,3,ok,Q_Power,PB,SFS_LGBM_2,mutual_lags_LGBM_0,0.0008725653753027378,mutual_lags_LGBM_0
4.7153755889922,1.5584621212230882e-05,59,15.525462274048444,3.2925186935886575,8.934770038216998,22.11615450987989,3,ok,Q_Power,PB,SFS_LGBM_2,mutual_lags_LGBM_1,0.0009194926515216221,mutual_lags_LGBM_1
5.083183666486648,4.153955642552739e-06,59,15.505312724465226,3.0503152633833626,9.39944332959567,21.61118211933478,3,ok,Q_Power,PB,SFS_LGBM_2,mutual_lags_LGBM_2,0.00028246898369358624,mutual_lags_LGBM_2
5.245026439314602,2.298000510380378e-06,59,16.983552475172807,3.2380299073177117,10.501931395509768,23.465173554835847,3,ok,Q_Power,PB,SFS_LGBM_2,own_lags_LGBM_0,0.00016545603674738722,own_lags_LGBM_0
5.164690893530274,3.0852137984137735e-06,59,16.726457973032876,3.238617434779271,10.243660829377617,23.209255116688134,3,ok,Q_Power,PB,SFS_LGBM_2,own_lags_LGBM_1,0.00021596496588896416,own_lags_LGBM_1
5.606384111640216,6.01327502973493e-07,59,16.199660634614514,2.889502451496336,10.415693056973776,21.98362821225525,3,ok,Q_Power,PB,SFS_LGBM_2,own_lags_LGBM_2,4.9910182746799926e-05,own_lags_LGBM_2
1.656275513431731,0.10306695199551924,59,7.880111769716883,4.757730042986407,-1.6435196421720715,17.40374318160584,3,ok,Q_Power,PB,SFS_LGBM_2,seasonal_naive_lag168,1.0,
0.995704038571624,0.3235300102712758,59,4.497973163632904,4.517379652376845,-4.544544669051754,13.540490996317562,3,ok,Q_Power,PB,SFS_LGBM_2,seasonal_naive_lag24,1.0,
-0.5304876000976598,0.5977992523017331,59,-1.8623301520692856,3.5106007222910414,-8.889560997732156,5.1649006935935855,3,ok,Q_Power,PB,SFS_shared_LGBM,mi_top_k_nolags_LGBM,1.0,
4.975121387005601,6.14753068497374e-06,59,15.325649135505058,3.080457328244041,9.159443842395643,21.491854428614474,3,ok,Q_Power,PB,SFS_shared_LGBM,mutual_lags_LGBM_0,0.00041188455589324057,mutual_lags_LGBM_0
4.905633463223544,7.898095333804435e-06,59,15.423742142723336,3.1440877632525424,9.130166695333635,21.717317590113037,3,ok,Q_Power,PB,SFS_shared_LGBM,mutual_lags_LGBM_1,0.0005133761966972883,mutual_lags_LGBM_1
5.31756775550215,1.75924831832678e-06,59,15.403592593140116,2.8967364970952816,9.605144499942867,21.202040686337366,3,ok,Q_Power,PB,SFS_shared_LGBM,mutual_lags_LGBM_2,0.0001324176233803414,mutual_lags_LGBM_2
5.5149021875111695,8.462145742153743e-07,59,16.881832343847698,3.0611299656551716,10.754314970354837,23.00934971734056,3,ok,Q_Power,PB,SFS_shared_LGBM,own_lags_LGBM_0,6.938959508566069e-05,own_lags_LGBM_0
5.408892835565779,1.2549327895382546e-06,59,16.624737841707763,3.0735934963238716,10.472272000961183,22.777203682454342,3,ok,Q_Power,PB,SFS_shared_LGBM,own_lags_LGBM_1,9.913969037352212e-05,own_lags_LGBM_1
5.874245239506306,2.1949948148263273e-07,59,16.097940503289404,2.7404270415925533,10.612379780109187,21.58350122646962,3,ok,Q_Power,PB,SFS_shared_LGBM,own_lags_LGBM_2,1.9096454888989047e-05,own_lags_LGBM_2
1.6715594433057426,0.09999867531220195,59,7.778391638391774,4.653374230598056,-1.5363489192672368,17.093132196050785,3,ok,Q_Power,PB,SFS_shared_LGBM,seasonal_naive_lag168,1.0,
1.0085994062072312,0.31735613213781083,59,4.396253032307795,4.3587701968213555,-4.328773480040683,13.121279544656273,3,ok,Q_Power,PB,SFS_shared_LGBM,seasonal_naive_lag24,1.0,
6.167154228897944,7.213787270799173e-08,59,17.187979287574343,2.787019531153479,11.609153563410167,22.76680501173852,3,ok,Q_Power,PB,mi_top_k_nolags_LGBM,mutual_lags_LGBM_0,6.420270671011264e-06,mutual_lags_LGBM_0
5.440126231072115,1.117607683042396e-06,59,17.286072294792618,3.17751308711562,10.925588792212977,23.646555797372258,3,ok,Q_Power,PB,mi_top_k_nolags_LGBM,mutual_lags_LGBM_1,8.940861464339168e-05,mutual_lags_LGBM_1
5.6602284838989325,4.914796869953513e-07,59,17.265922745209405,3.050393247255653,11.159897248659203,23.371948241759608,3,ok,Q_Power,PB,mi_top_k_nolags_LGBM,mutual_lags_LGBM_2,4.12842937076095e-05,mutual_lags_LGBM_2
6.736743079065086,8.102394090893557e-09,59,18.744162495916992,2.7823775192148603,13.17462876821196,24.313696223622024,3,ok,Q_Power,PB,mi_top_k_nolags_LGBM,own_lags_LGBM_0,7.373178622713137e-07,own_lags_LGBM_0
6.388470279395615,3.093622530234826e-08,59,18.48706799377705,2.893817641040357,12.694462625778645,24.279673361775455,3,ok,Q_Power,PB,mi_top_k_nolags_LGBM,own_lags_LGBM_1,2.7842602772113436e-06,own_lags_LGBM_1
6.069862968280295,1.0450933245376922e-07,59,17.96027065535869,2.9589252260248586,12.037338296146338,23.883203014571045,3,ok,Q_Power,PB,mi_top_k_nolags_LGBM,own_lags_LGBM_2,9.196821255931692e-06,own_lags_LGBM_2
2.612059273754827,0.011440152598428753,59,9.64072179046106,3.690851079578509,2.2526806530924395,17.02876292782968,3,ok,Q_Power,PB,mi_top_k_nolags_LGBM,seasonal_naive_lag168,0.4461659513387214,
2.0033556230217155,0.049818910926967046,59,6.258583184377081,3.1240500250959395,0.00511762779817726,12.512048740955986,3,ok,Q_Power,PB,mi_top_k_nolags_LGBM,seasonal_naive_lag24,1.0,
0.08351174287658901,0.9337322095732896,59,0.09809300721827814,1.1746013655018177,-2.253127083007579,2.449313097444135,3,ok,Q_Power,PB,mutual_lags_LGBM_0,mutual_lags_LGBM_1,1.0,
0.0556858221544279,0.9557834797323692,59,0.07794345763506352,1.3997002220585117,-2.7238609494214283,2.8797478646915553,3,ok,Q_Power,PB,mutual_lags_LGBM_0,mutual_lags_LGBM_2,1.0,
1.8860310203086497,0.0643012814430466,59,1.5561832083426432,0.8251100812159353,-0.09545406757178987,3.207820484257076,3,ok,Q_Power,PB,mutual_lags_LGBM_0,own_lags_LGBM_0,1.0,
1.5872990959858475,0.1178821765891993,59,1.2990887062027092,0.818427169452815,-0.33917126839048617,2.9373486807959046,3,ok,Q_Power,PB,mutual_lags_LGBM_0,own_lags_LGBM_1,1.0,
0.6602612874113957,0.511699926787706,59,0.7722913677843499,1.1696753732331888,-1.5690682775906282,3.113651013159328,3,ok,Q_Power,PB,mutual_lags_LGBM_0,own_lags_LGBM_2,1.0,
-2.6087280227177296,0.011540047054561627,59,-7.547257497113279,2.8930794745136637,-13.33838526426899,-1.7561297299575678,3,ok,Q_Power,PB,mutual_lags_LGBM_0,seasonal_naive_lag168,0.4461659513387214,
-4.600130742642858,2.3408553839298764e-05,59,-10.92939610319726,2.375888146369971,-15.685252946159444,-6.173539260235073,3,ok,Q_Power,PB,mutual_lags_LGBM_0,seasonal_naive_lag24,0.0013108790150007307,mutual_lags_LGBM_0
-0.016619381028388103,0.9867973015669546,59,-0.020149549583214375,1.2124127576590413,-2.4470573645900577,2.406758265423629,3,ok,Q_Power,PB,mutual_lags_LGBM_1,mutual_lags_LGBM_2,1.0,
1.2956290139181526,0.20023610884459486,59,1.4580902011243657,1.1253917483021696,-0.7946261379648616,3.710806540213593,3,ok,Q_Power,PB,mutual_lags_LGBM_1,own_lags_LGBM_0,1.0,
1.6045013836628221,0.11403557252409555,59,1.2009956989844313,0.748516462006875,-0.29732279018526353,2.6993141881541263,3,ok,Q_Power,PB,mutual_lags_LGBM_1,own_lags_LGBM_1,1.0,
0.7581753851408698,0.45141579228407325,59,0.6741983605660721,0.8892379966157901,-1.105804884826037,2.454201605958181,3,ok,Q_Power,PB,mutual_lags_LGBM_1,own_lags_LGBM_2,1.0,
-2.85697931654938,0.0059284145857881445,59,-7.645350504331558,2.6760258501155363,-13.001998236532446,-2.288702772130671,3,ok,Q_Power,PB,mutual_lags_LGBM_1,seasonal_naive_lag168,0.24899341260310207,
-4.4053067228621146,4.6142289389987816e-05,59,-11.027489110415539,2.5032284479049878,-16.038245261396696,-6.016732959434384,3,ok,Q_Power,PB,mutual_lags_LGBM_1,seasonal_naive_lag24,0.002491683627059342,mutual_lags_LGBM_1
1.0249980449659606,0.3096201932119364,59,1.4782397507075804,1.4421878733989895,-1.4086129308974122,4.365092432312573,3,ok,Q_Power,PB,mutual_lags_LGBM_2,own_lags_LGBM_0,1.0,
1.0064004656566914,0.3184032707554264,59,1.2211452485676455,1.2133790575810495,-1.2076968258880099,3.649987323023301,3,ok,Q_Power,PB,mutual_lags_LGBM_2,own_lags_LGBM_1,1.0,
0.9537443869937593,0.3441711650186111,59,0.6943479101492864,0.7280230632212673,-0.7629485843616965,2.1516444046602694,3,ok,Q_Power,PB,mutual_lags_LGBM_2,own_lags_LGBM_2,1.0,
-3.0640921443204467,0.0033099766833743494,59,-7.625200954748344,2.4885677700268567,-12.606610570491423,-2.643791339005265,3,ok,Q_Power,PB,mutual_lags_LGBM_2,seasonal_naive_lag168,0.14232899738509702,
-4.819616500865688,1.0752050114597183e-05,59,-11.007339560832323,2.2838621203274596,-15.57898629846881,-6.435692823195837,3,ok,Q_Power,PB,mutual_lags_LGBM_2,seasonal_naive_lag24,0.0006558750569904281,mutual_lags_LGBM_2
-0.2676773998211654,0.7898972687372485,59,-0.25709450213993473,0.9604639850495369,-2.179672053905401,1.6654830496255315,3,ok,Q_Power,PB,own_lags_LGBM_0,own_lags_LGBM_1,1.0,
-0.7473935986993466,0.4578454819705501,59,-0.7838918405582936,1.048834030586378,-2.8833612575495655,1.315577576432978,3,ok,Q_Power,PB,own_lags_LGBM_0,own_lags_LGBM_2,1.0,
-3.166069560746,0.002462953650468956,59,-9.103440705455924,2.8753129174176895,-14.859004844639559,-3.347876566272289,3,ok,Q_Power,PB,own_lags_LGBM_0,seasonal_naive_lag168,0.11329586792157198,
-4.61336969936659,2.234414378461035e-05,59,-12.485579311539901,2.706390366515425,-17.90300822711606,-7.068150395963742,3,ok,Q_Power,PB,own_lags_LGBM_0,seasonal_naive_lag24,0.00127361619572279,own_lags_LGBM_0
-0.6175005767378251,0.5393215256234561,59,-0.5267973384183589,0.8531123018562353,-2.234487148983373,1.1808924721466554,3,ok,Q_Power,PB,own_lags_LGBM_1,own_lags_LGBM_2,1.0,
-3.309437444031475,0.0016106162924735842,59,-8.84634620331599,2.6730664509976623,-14.197070054560065,-3.4956223520719156,3,ok,Q_Power,PB,own_lags_LGBM_1,seasonal_naive_lag168,0.07569896574625846,
-5.1932684313936655,2.778713131707588e-06,59,-12.22848480939997,2.354679903599424,-16.941888742000355,-7.515080876799584,3,ok,Q_Power,PB,own_lags_LGBM_1,seasonal_naive_lag24,0.00019728863235123875,own_lags_LGBM_1
-3.158585067346662,0.002517440454293235,59,-8.31954886489763,2.633948013908134,-13.59196865666716,-3.0471290731281,3,ok,Q_Power,PB,own_lags_LGBM_2,seasonal_naive_lag168,0.11329586792157198,
-4.658405493263308,1.9065299650103505e-05,59,-11.70168747098161,2.5119512433822804,-16.729904194180286,-6.673470747782936,3,ok,Q_Power,PB,own_lags_LGBM_2,seasonal_naive_lag24,0.0011057873797060034,own_lags_LGBM_2
-1.2567117722971524,0.2138957943931412,59,-3.3821386060839798,2.6912603833588227,-8.769281569840745,2.005004357672785,3,ok,Q_Power,PB,seasonal_naive_lag168,seasonal_naive_lag24,1.0,
