origin,timestamp,horizon,analysis_period,actual_P_kW,actual_Q_kVAr,S24-T10_P_kW,S24-T10_Q_kVAr,S24-T30_P_kW,S24-T30_Q_kVAr,S24-T60_P_kW,S24-T60_Q_kVAr,S36-T60_P_kW,S36-T60_Q_kVAr,S48-T60_P_kW,S48-T60_Q_kVAr,SNaive-168_P_kW,SNaive-168_Q_kVAr,SNaive-24_P_kW,SNaive-24_Q_kVAr
2022-01-01,2022-01-01 00:00:00,1,primary_54,1941.3,426.9,1957.4681058085257,485.62278150053504,1963.1110545528368,460.5138148659464,1949.3311678869752,490.7980222636552,1938.3879803528955,489.7983042766408,1968.369409730478,501.78729599051366,2176.2,564.9,2178.6,601.2
2022-01-01,2022-01-01 01:00:00,2,primary_54,1868.7,426.0,1886.5189568551868,505.4317177308301,1903.8058973156744,473.567691524744,1929.125930010112,516.9562600997583,1898.9733161026109,508.22490054086046,1928.4719066738028,511.69148962851,2048.7,502.5,2120.1,595.5
2022-01-01,2022-01-01 02:00:00,3,primary_54,1818.0,432.9,1810.380046768848,492.9171635499212,1861.37156879762,476.64594685023553,1913.9906053226048,523.591102578522,1851.914287999964,513.4820567973686,1889.6688988051292,518.3356807932589,1957.2,475.8,2044.2,591.9
2022-01-01,2022-01-01 03:00:00,4,primary_54,1744.2,444.9,1792.06224620493,506.0922174942427,1862.392928383144,476.64464256190655,1915.640971717153,539.5582700772486,1853.2542933876248,517.7226194998193,1879.5924368845272,534.7889851217477,1976.1,492.6,2081.1,617.4
2022-01-01,2022-01-01 04:00:00,5,primary_54,1687.2,413.4,1767.8366651229062,470.066213988448,1884.482190567843,474.4830318154745,1921.53402323179,532.0007663476757,1855.516421693434,515.9716215690456,1863.4686483236535,530.5936725472586,1987.2,493.2,2067.3,610.2
2022-01-01,2022-01-01 05:00:00,6,primary_54,1733.4,423.6,1801.0072095921912,450.82393302850846,1936.3841121739213,462.55293209919824,1927.798548311408,506.6132732249136,1897.3319987560528,497.5023785747404,1912.176321189356,515.2531978109064,2018.4,490.8,2054.7,546.6
2022-01-01,2022-01-01 06:00:00,7,primary_54,1687.8,419.7,1834.2799409990887,403.51695510580913,1989.5794020522223,451.7630544249565,1935.959234842502,465.56905729537306,1942.723476768016,464.0547766426554,1928.847180826869,491.61297073215735,1920.9,420.0,2064.6,504.3
2022-01-01,2022-01-01 07:00:00,8,primary_54,1692.0,446.4,1931.0461707176364,410.6985542939517,2069.7113579794577,462.0887888237276,1982.9397266167691,461.36954221594686,1987.2139156939943,451.57043044562766,1959.4133475002943,465.27502688174326,1971.9,405.6,2111.4,471.6
2022-01-01,2022-01-01 08:00:00,9,primary_54,1911.9,575.7,2249.905814567541,539.944560776073,2333.083312492254,598.9581860648125,2250.773743362849,611.8903418977358,2289.268446642609,609.3358245493339,2245.3466861822494,619.2227993153859,2439.9,750.5999999999999,2412.6,650.4
2022-01-01,2022-01-01 09:00:00,10,primary_54,1981.2,578.4,2516.551482668081,653.3633197671085,2564.3880170263733,679.1353662519083,2475.262289019457,701.9280211152881,2509.441733551568,702.1399036723743,2481.0284733081417,723.7538965783555,2665.2,1011.0,2806.2,990.6
2022-01-01,2022-01-01 10:00:00,11,primary_54,2039.1,551.4,2539.723443267158,630.6057698151714,2605.2674725525617,668.7468059985538,2522.9948046680925,733.7553478374758,2563.871469796849,710.9735790856324,2529.36652135346,716.447775498903,2637.0,990.6,3002.1,1123.2
2022-01-01,2022-01-01 11:00:00,12,primary_54,2052.0,516.0,2492.061550590073,651.1906841709575,2612.9263077369405,648.759023279281,2544.775532529613,760.8370843659826,2559.225406676654,719.9688687508719,2545.023781191358,718.6281998060342,2639.1,988.5,2953.8,1187.7
2022-01-01,2022-01-01 12:00:00,13,primary_54,2008.2,486.3,2378.431892056844,604.1938160746138,2544.2282402240908,639.1985989469026,2491.081524672428,753.9450924157655,2511.4046083572557,707.0852377760871,2470.0043407733046,676.0094011791069,2550.3,964.2,2921.4,1126.8
2022-01-01,2022-01-01 13:00:00,14,primary_54,2029.2,496.8,2394.5978137471748,632.8945373136656,2560.5592407902213,667.305094219934,2496.487361993308,780.296789752079,2508.287678326232,720.6259530192854,2469.350673117126,699.6071745910585,2552.4,1000.5,2989.8,1216.8
2022-01-01,2022-01-01 14:00:00,15,primary_54,1965.9,483.6,2335.8294256507515,610.8215720082735,2560.007227816272,670.1372058717506,2474.896710940709,761.6754552842384,2489.008684565109,727.4879425966033,2408.4881357103804,683.433203248914,2455.8,921.3,2850.0,1082.7
2022-01-01,2022-01-01 15:00:00,16,primary_54,1936.5,451.5,2338.6967221185787,624.0213123206133,2527.864228539996,654.0922885301686,2405.470035164408,750.5757349242824,2455.4478372981616,690.7000930782044,2385.1917484783785,674.3282588972055,2587.5,925.5,2813.7,959.1
2022-01-01,2022-01-01 16:00:00,17,primary_54,2000.7,456.6,2305.979021698134,504.69899977908216,2473.78102728029,602.6001440432553,2362.4333829584266,643.5828810992551,2408.0538243348383,617.6735510483228,2378.1225215288378,612.0792680644334,2554.2,825.0,2772.0,788.4
2022-01-01,2022-01-01 17:00:00,18,primary_54,2031.6,448.8,2335.635352220276,492.4033774222536,2491.216926361893,571.6757622561378,2367.7568806419117,583.366213666943,2419.2834344272,582.1653527132992,2424.099978809703,584.0373083212081,2603.4,830.1,2617.2,547.5
2022-01-01,2022-01-01 18:00:00,19,primary_54,2021.4,436.5,2352.485568454791,503.2902302360467,2489.720411784414,569.6940550402471,2373.726381996093,552.9766404736527,2402.121895013647,567.5407296437827,2422.336648074129,559.8140078223225,2506.2,648.6,2571.9,513.0
2022-01-01,2022-01-01 19:00:00,20,primary_54,2010.0,453.3,2297.245900177351,489.7969342529545,2431.2128984937303,550.1791665981228,2357.216594319935,523.9523185932633,2369.611970228641,547.7317866164026,2390.5950243880284,535.2017804279675,2522.4,629.4000000000001,2580.6,512.4
2022-01-01,2022-01-01 20:00:00,21,primary_54,2016.9,455.1,2279.664750406095,511.6652405386412,2366.1222559056296,542.4900681512113,2295.9038573354237,524.7254675691272,2310.972284380597,527.9609054068987,2336.497377063205,531.6617697364047,2582.4,681.3,2468.1,496.5
2022-01-01,2022-01-01 21:00:00,22,primary_54,1977.9,439.5,2259.406540595716,498.99723620922487,2305.506334481706,537.2017793599406,2249.060323831024,523.8156267103477,2249.0422673704643,519.7329243091625,2250.8667032703893,523.6723807877571,2510.4,659.4,2369.4,495.9
2022-01-01,2022-01-01 22:00:00,23,primary_54,1923.3,442.2,2177.7912027165494,500.13239914777535,2183.057854347285,529.1354621371439,2147.4105817747254,525.4009591914959,2118.453134021749,518.9027251696497,2132.430326217214,531.610163752793,2412.0,624.6,2277.0,480.3
2022-01-01,2022-01-01 23:00:00,24,primary_54,1824.0,432.6,1967.6400607726584,462.1681038108461,1983.3835084955483,503.6663212625576,1956.062429702053,485.924335015543,1943.5802660118984,497.05103304077176,1906.144707076092,504.7674519507997,2262.9,632.1,2078.7,447.3
2022-01-02,2022-01-02 00:00:00,1,primary_54,1727.1,431.7,1714.330352209873,451.781280375402,1751.4150662678485,424.7918861427585,1772.698488855645,430.5824099614264,1753.355675566985,427.6933110229932,1756.566420245455,429.44015761121335,2121.3,598.5,1941.3,426.9
2022-01-02,2022-01-02 01:00:00,2,primary_54,1687.8,435.9,1663.580966512915,454.0825436790902,1680.2565343034432,429.41426170214186,1686.5660150684355,419.0053438179914,1687.913685398772,425.7560327330727,1666.673032063321,426.3783972189137,2008.5,575.1,1868.7,426.0
2022-01-02,2022-01-02 02:00:00,3,primary_54,1606.5,405.9,1622.9034408698014,471.8317111349776,1643.5850292336129,430.1647985027293,1645.8900972019758,421.731049026337,1638.6725397283872,426.1029563591691,1624.6708738987816,438.3577963723167,2002.2,569.7,1818.0,432.9
2022-01-02,2022-01-02 03:00:00,4,primary_54,1588.2,408.0,1564.43105517276,453.450336155302,1616.212084291455,425.7848819535478,1601.338169537504,428.86418232791567,1604.8591185323992,425.37820391684295,1592.5781399079965,438.4003033596753,1932.6,561.9,1744.2,444.9
2022-01-02,2022-01-02 04:00:00,5,primary_54,1635.3,410.7,1576.6490406034852,457.3856312097706,1599.2503381881188,424.2971564544988,1587.0549710622315,429.97707445339046,1595.8718880501117,423.2228516043015,1593.717012941204,434.29301517206034,1975.8,577.5,1687.2,413.4
2022-01-02,2022-01-02 05:00:00,6,primary_54,1667.4,403.2,1620.0065381981624,468.5635635067554,1629.155229635469,420.5156518881229,1631.7746689398691,428.04943234848304,1645.4110209334708,415.02094986733965,1643.8043914137677,435.2114697886548,1993.2,573.6,1733.4,423.6
2022-01-02,2022-01-02 06:00:00,7,primary_54,1676.1,413.4,1656.9050052831803,451.1638952372044,1663.142678681912,410.6366147540633,1688.2497438982634,422.8546690337342,1693.7120371062897,412.4691668814755,1681.5177851527349,425.6509234327057,1947.9,487.8,1687.8,419.7
2022-01-02,2022-01-02 07:00:00,8,primary_54,1780.5,454.5,1705.7616821523825,431.40903413849776,1737.5088901337683,422.5931887701823,1752.658820797662,434.4322748334358,1765.2507068256602,434.37640816227946,1760.283405909119,441.2627775258496,1954.2,421.5,1692.0,446.4
2022-01-02,2022-01-02 08:00:00,9,primary_54,2097.9,621.6,2036.596885049806,558.0866963763219,1996.6664315809649,532.5395380187745,2057.134179658309,542.0633408290424,2044.0150133942857,555.9145920924398,2091.043659357659,559.4318553337004,2233.2,516.6,1911.9,575.7
2022-01-02,2022-01-02 09:00:00,10,primary_54,2292.6,681.0,2194.55893652554,559.8296368482603,2190.964374690179,591.4851723086672,2245.0575896591195,598.084642778245,2213.675407416796,620.3619313756436,2263.2620454619573,615.0393490082123,2509.5,659.7,1981.2,578.4
2022-01-02,2022-01-02 10:00:00,11,primary_54,2289.9,644.7,2184.918223811431,578.1697750673059,2204.3496017899056,581.1369092611284,2273.1844768986584,599.5815105489345,2246.674046073373,615.0706866746606,2247.799306438372,610.8362110380613,2449.2,637.8,2039.1,551.4
2022-01-02,2022-01-02 11:00:00,12,primary_54,2308.2,661.2,2161.4303768066748,561.4532230808672,2162.1029425190954,570.6469638211993,2264.216125805245,586.3184364670346,2219.502514212909,606.6256683882192,2219.654369621179,584.3173167876082,2385.6,592.5,2052.0,516.0
2022-01-02,2022-01-02 12:00:00,13,primary_54,2182.2,608.1,2100.323670052495,586.5488849889938,2160.621811323782,571.3979682519075,2273.1455256611225,601.5390392390224,2210.031423139998,605.9245810252112,2216.6760261668387,591.1999874059178,2312.1,570.0,2008.2,486.3
2022-01-02,2022-01-02 13:00:00,14,primary_54,2172.9,619.8,2071.332097051768,557.8066096444682,2165.2705952423344,575.7475887703979,2282.3558882316447,611.188755860148,2212.4531403944266,605.7596556344901,2219.0769221114483,589.2915773460328,2297.7,597.6,2029.2,496.8
2022-01-02,2022-01-02 14:00:00,15,primary_54,2088.0,547.8,2028.4512810913657,539.2845809362631,2150.836621108878,563.2638654951713,2255.4190030340646,602.0436210018607,2197.499509436953,597.8883301170622,2199.5480091651466,590.1122773372474,2245.2,544.8,1965.9,483.6
2022-01-02,2022-01-02 15:00:00,16,primary_54,2108.1,529.5,1924.1488717655825,514.6025681164676,2123.625607334937,548.0946414224538,2218.414032603941,579.2896211851319,2156.483720921869,581.3896247739149,2197.8322425878155,580.3183694247646,2241.0,510.9,1936.5,451.5
2022-01-02,2022-01-02 16:00:00,17,primary_54,2074.2,476.4,1961.45210807654,474.37296770069617,2113.280956957973,503.5570233875115,2188.2090283767666,512.4777673418259,2146.862462898123,527.8362764963422,2170.111364633694,503.6262242241414,2337.9,482.4,2000.7,456.6
2022-01-02,2022-01-02 17:00:00,18,primary_54,2161.2,474.9,2067.638485250572,450.974483261355,2178.552995115701,473.44979154197193,2213.928386855642,502.8136654961052,2182.68140657299,496.1759375574,2220.0465088295705,485.196357585449,2449.5,499.8,2031.6,448.8
2022-01-02,2022-01-02 18:00:00,19,primary_54,2165.4,468.9,2078.9637667827096,466.4811332074577,2213.833527746368,467.5250366140509,2231.210053650601,497.0889483502387,2197.183902898577,484.5159867338552,2201.981646826518,485.8575574766039,2457.0,501.3,2021.4,436.5
2022-01-02,2022-01-02 19:00:00,20,primary_54,2143.8,477.3,2095.689382440156,463.59561213686686,2177.770946072588,455.1539775524406,2197.3972196222694,487.2386423786602,2156.2909058594223,473.92284907301104,2182.985542136403,481.522418415462,2433.3,497.7,2010.0,453.3
2022-01-02,2022-01-02 20:00:00,21,primary_54,2135.7,480.0,2085.3852856256576,499.00574646022375,2144.488291366494,454.3184695421736,2178.530850593625,487.2881379739156,2129.9378838215757,479.67229717305344,2166.256112298516,482.49398783169767,2385.0,497.4,2016.9,455.1
2022-01-02,2022-01-02 21:00:00,22,primary_54,2052.9,461.1,1969.0963332814908,483.3762076793354,2079.7047760006394,453.3543183489734,2122.8117621112547,478.3456652338441,2068.9902585235727,477.1379483128952,2100.2414114667235,476.8190335081858,2343.0,507.6,1977.9,439.5
2022-01-02,2022-01-02 22:00:00,23,primary_54,2004.0,452.4,1825.3432828056768,488.5298924322214,1976.410027456232,447.13000724992816,2052.3671709698774,467.0838986999672,1961.7936434351868,469.4423288863317,2000.286835838823,471.6701457204628,2241.6,487.2,1923.3,442.2
2022-01-02,2022-01-02 23:00:00,24,primary_54,1902.3,460.5,1713.1435576447907,500.53751245331335,1797.8641138650837,431.9863037529372,1854.5325186912328,456.519693661246,1819.1244489302417,456.789544507976,1815.3066479907131,463.4335632631178,2094.6,478.5,1824.0,432.6
2022-01-03,2022-01-03 00:00:00,1,primary_54,1770.6,439.8,1812.12212079743,458.9371606628068,1794.7967902637083,453.83089196540993,1774.0473957437664,447.466809055091,1769.0650030517345,456.90834642846494,1760.82424528035,457.8699810233408,1944.3,447.0,1727.1,431.7
2022-01-03,2022-01-03 01:00:00,2,primary_54,1682.1,430.2,1777.788546048046,441.03940136790567,1749.2307037607727,455.1566332278897,1702.650287075698,440.5570488277906,1686.0540000979124,454.5593345119193,1694.571722670607,451.8155713461307,1851.6,426.0,1687.8,435.9
2022-01-03,2022-01-03 02:00:00,3,primary_54,1600.5,396.6,1692.061642083656,427.9729524813996,1694.7259826287188,448.89132900874665,1646.497533452619,434.717481329442,1617.3173084213634,447.5651791469169,1643.880668085376,448.626033806509,1819.2,397.8,1606.5,405.9
2022-01-03,2022-01-03 03:00:00,4,primary_54,1430.7,356.7,1647.338351448336,409.4356546939004,1659.2587685261103,432.0465370711203,1601.058686287285,422.0490995638975,1573.7878710783707,432.3844737196716,1603.2774208954374,429.5088299833756,1806.3,399.6,1588.2,408.0
2022-01-03,2022-01-03 04:00:00,5,primary_54,1313.4,333.9,1669.1266263965551,400.1388971145968,1672.3896057699951,422.1836398319179,1626.9163129683936,411.4732424479568,1584.0249058326788,421.7485431680964,1596.676238178694,406.48611961508215,1796.4,401.7,1635.3,410.7
2022-01-03,2022-01-03 05:00:00,6,primary_54,1583.4,400.8,1762.3263829850107,412.5324615843493,1739.6305371792148,409.4267355698926,1673.831475408161,415.91848117939935,1636.6687367137156,410.825001011164,1633.6899346826694,399.22037625656566,1834.8,398.7,1667.4,403.2
2022-01-03,2022-01-03 06:00:00,7,primary_54,1634.7,396.0,1849.095662263996,417.3341353571111,1846.8293171366704,407.3642803815017,1764.363194466118,414.75730055855206,1736.6290960113818,405.318834863684,1720.489649145892,387.5837286547011,1897.8,394.8,1676.1,413.4
2022-01-03,2022-01-03 07:00:00,8,primary_54,1719.3,428.1,1982.9997086176493,452.11475133139606,2004.6573071523187,442.8045927460248,1894.805934788716,447.427332194904,1900.1728403252728,445.7780183874767,1843.4385563515889,431.5546468542245,2011.2,436.2,1780.5,454.5
2022-01-03,2022-01-03 08:00:00,9,primary_54,2003.4,643.5,2342.078029987201,808.2392511056424,2351.761416846816,734.9545011680879,2248.5306140129715,746.4884869819066,2258.0462773700187,708.1177575170069,2214.0033634010747,746.8909756099839,2325.0,602.1,2097.9,621.6
2022-01-03,2022-01-03 09:00:00,10,primary_54,2279.4,938.7,2653.93887316843,1238.4856200174022,2602.9726592588727,1076.5992595514954,2506.9710673052787,1065.951810430194,2505.4018051911094,975.386988365792,2480.68537448995,1081.9756490210991,2785.5,1010.1,2292.6,681.0
2022-01-03,2022-01-03 10:00:00,11,primary_54,2389.8,1016.4,2690.121354927548,1298.8992214980042,2651.1807762220724,1157.6532138787666,2561.4325166637072,1110.3308705520935,2584.4957386883134,1066.6180892219884,2576.117200368043,1126.8552644672263,2855.4,1128.3,2289.9,644.7
2022-01-03,2022-01-03 11:00:00,12,primary_54,2381.4,1007.4,2668.4394451532216,1327.2233692838677,2629.066661819484,1148.7772285977903,2572.6541443654583,1153.0950165550555,2567.103798274423,1084.0050759527307,2566.8480757370403,1152.970002608991,2844.9,1145.4,2308.2,661.2
2022-01-03,2022-01-03 12:00:00,13,primary_54,2306.1,934.5,2619.074073176354,1247.4835141132348,2594.1616931863614,1109.2332021696368,2537.7957789343823,1142.327651423854,2558.159714396061,1092.136917001894,2545.034790763564,1151.5295270098443,2799.9,1072.2,2182.2,608.1
2022-01-03,2022-01-03 13:00:00,14,primary_54,2364.6,1011.6,2656.950482439921,1325.0419548108428,2616.782363886716,1171.7283463740312,2579.5098636063417,1191.4993261189509,2585.799945376776,1124.8422148085167,2607.969850759317,1216.3022226024175,2798.4,1123.2,2172.9,619.8
2022-01-03,2022-01-03 14:00:00,15,primary_54,2340.0,1019.7,2651.3461068727697,1301.525032621666,2638.1850333238303,1188.7054757283438,2605.781146204846,1204.162863725394,2582.9052767301423,1116.948066669274,2605.699564049498,1186.3033934648763,2823.9,1131.6,2088.0,547.8
2022-01-03,2022-01-03 15:00:00,16,primary_54,2352.9,1006.8,2577.9305383911706,1241.6614230204116,2619.594953243336,1127.0938141035613,2595.38365205473,1151.6229191845828,2571.7760303436658,1061.3475694522308,2603.7562692234924,1152.5398205998667,2798.7,1081.2,2108.1,529.5
2022-01-03,2022-01-03 16:00:00,17,primary_54,2336.1,896.7,2511.4418038677063,1063.3888172763852,2542.470105450397,903.86265534364,2494.365395021871,919.145114147636,2483.547762119582,852.1316878770539,2519.654408288317,946.4392458822108,2723.4,911.4,2074.2,476.4
2022-01-03,2022-01-03 17:00:00,18,primary_54,2382.9,886.5,2470.482662031332,877.1415537963939,2513.4311509958666,785.9367112953298,2425.6208711970694,796.2355395961721,2456.787160194488,761.2980872850939,2448.433102986005,833.8605937846022,2813.1,925.5,2161.2,474.9
2022-01-03,2022-01-03 18:00:00,19,primary_54,2439.0,848.1,2445.809580066415,804.0939371101817,2485.864381966584,759.7269882581226,2403.4614547578008,765.8022339799787,2454.179922028734,736.1448773202508,2431.891374120733,753.7402794175002,2628.9,671.7,2165.4,468.9
2022-01-03,2022-01-03 19:00:00,20,primary_54,2268.3,562.5,2388.6771728331264,728.7416483470666,2411.981197503373,708.9294640557149,2323.6194924560327,717.0629596187171,2395.606960797324,683.7462329363756,2353.889095305267,696.6542052336656,2619.0,609.3000000000001,2143.8,477.3
2022-01-03,2022-01-03 20:00:00,21,primary_54,2136.6,480.9,2355.691617193013,692.5827845236497,2353.135160221537,687.4446494513263,2271.8161046778378,691.7139407073498,2345.933428244537,665.4265166073598,2254.8712549653865,684.3302823669956,2580.0,607.2,2135.7,480.0
2022-01-03,2022-01-03 21:00:00,22,primary_54,2094.9,477.6,2286.1040850349104,683.679343740807,2275.9136216825937,679.5254057002048,2207.652966016348,676.2582865340003,2269.317942932204,659.8377690708749,2173.9843207168046,666.8537433489246,2495.1,593.1,2052.9,461.1
2022-01-03,2022-01-03 22:00:00,23,primary_54,1969.5,458.1,2208.926757587305,696.2936743072953,2165.395664500523,663.2078577103505,2134.369630677019,659.812714256515,2175.466914579637,652.6726048530942,2104.5769738983827,651.803754461406,2394.9,600.6,2004.0,452.4
2022-01-03,2022-01-03 23:00:00,24,primary_54,1807.2,433.8,2014.0244712395229,655.2363353680984,2012.9085570943064,632.8039879950095,1954.408224065696,608.742063443849,2000.1328384472545,615.1679182263827,1935.7511129821564,615.4693508691039,2232.3,578.1,1902.3,460.5
2022-01-04,2022-01-04 00:00:00,1,primary_54,1711.5,444.9,1719.3281985845797,458.6858317277215,1706.9989857756589,447.325408181548,1711.3353103496083,460.0908682421586,1702.376898912122,447.93430296736136,1709.4754911124498,450.535966871221,2141.1,586.5,1770.6,439.8
2022-01-04,2022-01-04 01:00:00,2,primary_54,1616.4,422.1,1656.7032584871265,462.1718146271738,1656.8039291603948,454.7747573735988,1643.7065850311428,469.3387099739044,1643.846182204427,453.3733643690408,1646.399362871605,455.32384447815167,2034.6,547.8,1682.1,430.2
2022-01-04,2022-01-04 02:00:00,3,primary_54,1545.0,405.3,1610.8049753618457,471.7729854798414,1611.9655909863231,459.3466165333481,1557.7421038359903,463.17067971640273,1561.9550272097,451.04991285210826,1567.0744546184742,456.1149111115244,1955.4,530.4,1600.5,396.6
2022-01-04,2022-01-04 03:00:00,4,primary_54,1518.0,408.0,1490.8556414044913,464.92858131247664,1584.9025456548509,459.588532092845,1509.5618406716942,454.3261187033515,1513.345491171931,441.3400606734485,1511.734177574672,447.7222899034687,1965.3,530.1,1430.7,356.7
2022-01-04,2022-01-04 04:00:00,5,primary_54,1556.4,418.2,1452.5711733195978,441.7443036397104,1569.2491063772532,454.69239448388953,1477.5289253192625,435.0147196240226,1488.6750657934265,424.56410242899216,1472.9176530903874,424.8714945280297,1989.9,528.9,1313.4,333.9
2022-01-04,2022-01-04 05:00:00,6,primary_54,1631.1,420.0,1574.463310701881,460.1257969589085,1627.2395698733628,453.4661346200434,1555.5756388946609,440.8585559022493,1567.7800671802408,414.8920538903376,1553.0354746787557,425.1707886552502,2068.5,533.7,1583.4,400.8
2022-01-04,2022-01-04 06:00:00,7,primary_54,1715.1,408.0,1706.1030245033853,476.8630427581022,1715.5396412433222,449.8921792854506,1667.280201093245,430.5825154748805,1665.8626216279356,406.3383509816075,1686.505990252783,422.3937279133628,2129.4,500.1,1634.7,396.0
2022-01-04,2022-01-04 07:00:00,8,primary_54,1915.5,529.8000000000001,1807.3416033476049,463.6172140928672,1851.590172783532,472.8055019439622,1775.1201037988794,462.8811898279713,1790.41833930883,439.4987677695692,1793.9435478583182,460.3644259589841,2324.1,523.2,1719.3,428.1
2022-01-04,2022-01-04 08:00:00,9,primary_54,2346.6,872.4,2116.525680481403,781.2814865649095,2148.0701051541296,717.6569121681621,2057.77517551,725.2736946649455,2061.524646543607,706.1457015832067,2077.750110316907,728.8473859212227,2643.0,793.5,2003.4,643.5
2022-01-04,2022-01-04 09:00:00,10,primary_54,2541.0,1151.1,2411.361292259787,1021.7479105291764,2354.015123278138,1047.811136320049,2327.440961559145,1038.680372570082,2316.908046596359,994.029165563356,2312.027854502694,1009.2853904017117,2880.0,1123.2,2279.4,938.7
2022-01-04,2022-01-04 10:00:00,11,primary_54,2520.3,1173.3,2494.6114779619024,1099.287901522931,2388.777849894756,1116.8416059508204,2402.501325612385,1110.9061328481553,2399.5044484277973,1104.814091842073,2338.273693945475,1077.2954209749955,2895.3,1180.8,2389.8,1016.4
2022-01-04,2022-01-04 11:00:00,12,primary_54,2512.5,1101.6,2436.269350654572,1053.1989157002365,2389.3150113045804,1096.602365537767,2398.1673537083248,1089.0379171978302,2425.59328334233,1102.7880224665068,2348.8293417293844,1081.846406635762,2860.8,1157.1,2381.4,1007.4
2022-01-04,2022-01-04 12:00:00,13,primary_54,2564.7,1164.9,2305.724562260209,982.8316671345374,2340.510334785037,1057.304941389349,2334.1424056639344,1038.494016398643,2370.2879656634145,1066.9599974562557,2312.5498698918177,1044.5170397201646,2738.1,1075.8,2306.1,934.5
2022-01-04,2022-01-04 13:00:00,14,primary_54,2430.3,1180.2,2355.129132412677,1013.1142599277384,2368.59187280962,1136.116619620234,2393.241952865759,1140.3980804535086,2413.690651393796,1142.7626636320188,2332.959418592827,1127.4290490424837,2767.2,1158.3,2364.6,1011.6
2022-01-04,2022-01-04 14:00:00,15,primary_54,2480.4,1201.5,2404.408856645672,1042.146981783536,2398.5444036414306,1132.4357972493706,2418.6648974469517,1161.8029756876738,2450.882342166065,1146.18465791166,2366.927376809018,1128.4617858104025,2811.3,1185.9,2340.0,1019.7
2022-01-04,2022-01-04 15:00:00,16,primary_54,2518.2,1206.3,2457.0759915592994,997.5289817498324,2401.5421306344606,1057.6422802798502,2430.5031923780766,1096.4918038603937,2446.0651834913792,1084.8718781620626,2365.5156303286767,1089.2170968243408,2895.9,1187.4,2352.9,1006.8
2022-01-04,2022-01-04 16:00:00,17,primary_54,2363.1,1010.1,2368.6346259874267,798.6426845473188,2321.764259937325,865.2120709119548,2348.191539541316,875.1965213684837,2365.586070391415,879.2679321816388,2308.701070533873,897.0629895836013,2918.4,1122.9,2336.1,896.7
2022-01-04,2022-01-04 17:00:00,18,primary_54,2481.6,1002.9,2356.714131766309,714.8836389827171,2343.9393183625125,786.3378553153244,2353.420509755533,798.0620745592605,2358.359788178321,799.2356381568565,2351.867644486109,810.2015756183562,2796.9,921.0,2382.9,886.5
2022-01-04,2022-01-04 18:00:00,19,primary_54,2475.0,947.1,2293.6972544183727,660.2894127532958,2357.116383021876,754.0747371986265,2352.031023684792,746.4768409874854,2366.458802501592,753.9481048266799,2331.9419897713256,747.9152391615115,2704.2,717.6,2439.0,848.1
2022-01-04,2022-01-04 19:00:00,20,primary_54,2336.7,699.3000000000001,2279.6583555440675,641.9893639779052,2275.444582725885,687.9676415383454,2284.3504864386564,665.7262538677351,2286.1826294883576,663.538304347172,2276.786537755267,641.986305914935,2600.4,621.3000000000001,2268.3,562.5
2022-01-04,2022-01-04 20:00:00,21,primary_54,2243.4,570.6,2195.992524664569,638.8579135942907,2198.5029188394665,662.5011924153439,2188.629145995169,635.5932242561312,2194.857055691112,625.4588791439094,2158.8711508040524,625.6953505325636,2594.7,629.4,2136.6,480.9
2022-01-04,2022-01-04 21:00:00,22,primary_54,2200.2,554.7,2187.2190713599666,665.4783755283979,2131.8553151630977,653.5576488239637,2145.760547506484,635.3147852311544,2138.27830446861,617.1551709331671,2113.7463514866126,616.1569511426218,2591.7,630.9,2094.9,477.6
2022-01-04,2022-01-04 22:00:00,23,primary_54,2070.3,507.6,2074.493516608462,669.6277399416872,2037.2162980894032,649.4080781557016,2027.6538035104645,624.6160262957444,2032.241950606672,603.4528191678404,1999.635340028323,597.9841528025327,2513.1,633.3,1969.5,458.1
2022-01-04,2022-01-04 23:00:00,24,primary_54,1950.9,507.9,1870.726225485308,640.9565495561511,1871.703171949396,627.3402844907342,1828.4123633214465,602.1435100920683,1861.4406010659277,577.4207382159988,1843.7346708605185,568.4363127447974,2333.1,600.6,1807.2,433.8
2022-01-05,2022-01-05 00:00:00,1,primary_54,1829.7,488.4,1802.8228074594747,528.4322422162053,1789.8316104220955,512.7363769093461,1805.7964971515155,525.6075026058645,1809.9212191187355,518.6855349793819,1807.8038075618608,522.257999136339,2203.2,602.7,1711.5,444.9
2022-01-05,2022-01-05 01:00:00,2,primary_54,1734.6,465.3,1715.9369961792663,530.1707728445797,1690.8795998204978,511.1444921301683,1720.3913126165617,522.1261666353683,1712.0059317678647,513.4941421434952,1722.9478746328118,510.8382924154012,2107.5,585.6,1616.4,422.1
2022-01-05,2022-01-05 02:00:00,3,primary_54,1688.7,474.0,1640.8458515006043,497.4364755864942,1626.2867296144966,500.06991630747575,1636.3342890159884,495.5312093954487,1634.57492896813,492.4494291410029,1645.146779863796,479.0887403589135,1999.8,547.2,1545.0,405.3
2022-01-05,2022-01-05 03:00:00,4,primary_54,1680.0,483.6,1604.0647417205669,474.374655688164,1591.979367964902,497.4694459460534,1601.8147049760066,462.0848407061476,1584.3952727192689,474.18798071895935,1596.5546228109872,450.7615857399825,2011.8,562.5,1518.0,408.0
2022-01-05,2022-01-05 04:00:00,5,primary_54,1665.3,461.7,1605.5406587393395,448.7451349635709,1591.2182376081844,488.5809501938439,1588.5199537946994,442.10755794520486,1577.6210400528576,452.19595123116136,1581.2718255271247,430.8091874015898,2053.2,573.3,1556.4,418.2
2022-01-05,2022-01-05 05:00:00,6,primary_54,1709.1,426.3,1673.0118718407691,450.9756023217191,1659.9879405140755,480.5722965653543,1664.0306607033356,428.7942763734587,1637.0550144358992,442.76059318204136,1629.7986559222416,430.93816406330654,2105.4,560.6999999999999,1631.1,420.0
2022-01-05,2022-01-05 06:00:00,7,primary_54,1780.8,445.2,1753.1935162329935,438.55978952376296,1764.2602063182294,461.805982942463,1723.5861656786342,405.6932772145335,1707.329377393109,420.6413747867373,1691.0422045615355,413.3388401013808,2143.8,532.5,1715.1,408.0
2022-01-05,2022-01-05 07:00:00,8,primary_54,1896.6,507.0,1897.305603424996,460.6143938953139,1935.8658582659605,491.8476321810985,1870.9991748552948,448.92021543357663,1877.3328885044527,471.1546343710815,1815.063456099711,455.5752746472344,2226.9,458.1,1915.5,529.8000000000001
2022-01-05,2022-01-05 08:00:00,9,primary_54,2194.2,730.2,2363.0260296702227,846.1345313880377,2326.71877139235,809.0744360459374,2269.398065856801,738.0059679777875,2249.430287076762,760.1484299909334,2184.4780255300643,757.2689524540984,2459.1,641.6999999999999,2346.6,872.4
2022-01-05,2022-01-05 09:00:00,10,primary_54,2473.8,1029.9,2495.287652664153,1185.254803506439,2549.3107076436727,1126.560683130663,2456.978763871325,1034.5155693514662,2475.023583605986,1093.898985714918,2406.958798632839,1090.5719806876607,2687.1,978.6,2541.0,1151.1
2022-01-05,2022-01-05 10:00:00,11,primary_54,2451.3,1044.0,2552.0615272771547,1272.0777370191945,2576.7550707336795,1195.7763301946743,2529.282292764348,1160.3846734131523,2544.6027257672745,1187.0655655762898,2472.706852578021,1176.8049773879493,2786.1,1091.7,2520.3,1173.3
2022-01-05,2022-01-05 11:00:00,12,primary_54,2484.3,1105.2,2517.190807179882,1243.3517850012338,2548.532502849026,1191.0322303585776,2538.524446665498,1175.198539791263,2524.8507070619075,1167.2857643662712,2484.0342834856724,1171.1743197969784,2758.8,1101.9,2512.5,1101.6
2022-01-05,2022-01-05 12:00:00,13,primary_54,2567.7,1166.7,2443.220735097775,1250.756899784324,2508.6379252292963,1168.0517296070273,2516.1366537317167,1154.7721470708168,2498.2502118710845,1149.7481601842017,2476.565981930302,1154.4436348507106,2793.6,1082.1,2564.7,1164.9
2022-01-05,2022-01-05 13:00:00,14,primary_54,2419.8,1145.4,2480.508174024673,1352.02322633556,2548.9154211457376,1245.3702588473209,2571.793431385412,1260.6468280767472,2532.0757616287506,1231.9956604968766,2500.7835173920125,1270.6605948609226,2786.1,1102.2,2430.3,1180.2
2022-01-05,2022-01-05 14:00:00,15,primary_54,2474.1,1149.3,2510.333277866411,1357.3773790053085,2562.721826243901,1260.0215631755414,2559.359228997016,1302.8049846048746,2543.483481805016,1250.164083112946,2467.824835262066,1271.1021305398117,2817.6,1126.5,2480.4,1201.5
2022-01-05,2022-01-05 15:00:00,16,primary_54,2499.9,1115.4,2518.1580369691405,1287.092637701489,2551.297952842752,1229.0770027749186,2559.9488552047324,1237.3302489448654,2555.5888348066364,1218.7164052442736,2460.612618266534,1241.030349649406,2814.6,1111.8,2518.2,1206.3
2022-01-05,2022-01-05 16:00:00,17,primary_54,2429.1,932.1,2441.118930219927,1049.786106915096,2455.18784702073,997.2620147323402,2440.698452000325,1003.486149008951,2449.6686119832734,1013.412190967602,2391.309426657464,1034.1550590135234,2540.7,635.4,2363.1,1010.1
2022-01-05,2022-01-05 17:00:00,18,primary_54,2295.9,714.9,2464.158562697471,908.4194958498696,2488.238662826156,911.779957168956,2482.014304502408,930.268546609075,2462.870789450405,962.8487692730828,2397.972988019273,957.011615008414,2554.2,587.7,2481.6,1002.9
2022-01-05,2022-01-05 18:00:00,19,primary_54,2302.2,677.7,2475.925960483913,768.0808139204798,2481.7980472651784,862.8126459267464,2466.0216563140584,887.5060948536094,2459.793669215404,906.9289444227046,2384.341865647677,896.8921768495416,2614.2,633.3,2475.0,947.1
2022-01-05,2022-01-05 19:00:00,20,primary_54,2251.8,614.1,2442.643693659169,711.3913427221482,2425.175886269384,764.128822992192,2417.50038180159,738.70113820443,2402.676412777454,752.0510190232952,2344.30165342782,753.0520014439569,2643.0,648.9000000000001,2336.7,699.3000000000001
2022-01-05,2022-01-05 20:00:00,21,primary_54,2237.4,570.3000000000001,2351.1446338131063,680.230412548527,2336.310311824728,732.2624996846358,2287.78064910133,675.5038535448881,2307.104747473896,695.9944985502402,2281.279650291412,698.6236920433618,2625.0,653.1,2243.4,570.6
2022-01-05,2022-01-05 21:00:00,22,primary_54,2161.5,536.7,2252.667008975835,657.4101969546092,2265.022605945672,713.6300255143059,2194.7728783056823,647.9981016292778,2220.556297834733,671.4351308145906,2225.0175176594685,671.6439721336825,2552.7,611.1,2200.2,554.7
2022-01-05,2022-01-05 22:00:00,23,primary_54,2067.0,544.5,2112.342026837171,661.2761821294963,2129.811917030609,704.0642952282833,2068.8142806470646,618.4226767414585,2108.7934169712426,652.1492433567188,2141.474445865424,652.4001705584348,2468.4,602.1,2070.3,507.6
2022-01-05,2022-01-05 23:00:00,24,primary_54,1908.9,516.0,1941.3443502848247,636.1619281329724,1986.7232701253824,675.229350360231,1915.2392589831584,591.4154001690517,1957.2920495838316,610.3610609433847,1997.6645735266804,615.5034642538573,2253.3,557.4,1950.9,507.9
2022-01-06,2022-01-06 00:00:00,1,primary_54,1773.9,504.6,1762.5971676460242,517.2970676086122,1770.1919673641712,511.0347665509767,1795.500296360012,512.8534110131054,1786.2178276960806,509.6795146772587,1803.7151860830345,520.8193189021473,2131.8,550.5,1829.7,488.4
2022-01-06,2022-01-06 01:00:00,2,primary_54,1640.4,481.8,1675.8335397289309,499.6291170201621,1682.335741569686,504.7114509499083,1710.9025044879131,493.3509611521525,1688.4154125674054,499.267700148862,1723.7291429569425,500.8906184117189,2016.9,526.5,1734.6,465.3
2022-01-06,2022-01-06 02:00:00,3,primary_54,1610.4,471.3,1645.0857997742291,476.9980311964775,1628.5778731849407,499.31783588955415,1659.5307816827226,491.0368056354263,1631.8644617993548,492.6083806268477,1669.0391366312376,498.56528165157255,2034.0,566.4,1688.7,474.0
2022-01-06,2022-01-06 03:00:00,4,primary_54,1594.5,480.0,1610.9703964692922,444.6909335390989,1600.7857023956155,494.6417348360432,1633.7885261818844,471.4794356293801,1608.511094196755,480.73359478736967,1635.0285771599808,490.64589203689104,2044.8,552.0,1680.0,483.6
2022-01-06,2022-01-06 04:00:00,5,primary_54,1620.0,492.9,1609.2497196336049,447.55752707978166,1601.4409951109492,484.3074717614175,1635.1475245283611,465.236852769108,1617.6006278105551,461.1601230645385,1644.1563645357828,476.5276314907487,2055.0,546.6,1665.3,461.7
2022-01-06,2022-01-06 05:00:00,6,primary_54,1680.3,492.9,1662.0017877332052,452.51016624963,1653.3481689523949,475.1975369554317,1693.3071943985728,458.6368004929095,1681.3713794434034,449.2972809767814,1704.547637175819,465.325750298908,2140.2,546.6,1709.1,426.3
2022-01-06,2022-01-06 06:00:00,7,primary_54,1787.1,502.5,1760.7006045288438,451.62434719563913,1747.624860460774,464.2192020343493,1747.933560632487,448.7659132927667,1759.8444511010764,445.729994838047,1774.223618167502,458.7874453923422,2137.5,481.8,1780.8,445.2
2022-01-06,2022-01-06 07:00:00,8,primary_54,1887.0,529.8,1882.0551180517384,458.7957657889361,1887.0287465834256,480.8789415895802,1884.4662472780528,498.2193121060629,1866.3548052284705,476.440107002953,1864.149820390547,491.1841058912455,2196.3,485.7,1896.6,507.0
2022-01-06,2022-01-06 08:00:00,9,primary_54,2384.4,917.7,2159.917409122254,680.758968257899,2189.3891714840934,724.5654939723116,2189.1493644132943,732.0565677860718,2144.4878149827323,720.3332365137555,2149.271148271311,723.5663307337935,2681.7,871.8,2194.2,730.2
2022-01-06,2022-01-06 09:00:00,10,primary_54,2699.1,1234.2,2390.74669491231,990.2750905803816,2449.669059036025,1034.947363404743,2458.483575177254,1020.9125511709174,2425.4161974076237,1032.0657777639756,2396.141131127739,1028.5831368368226,2862.0,1126.2,2473.8,1029.9
2022-01-06,2022-01-06 10:00:00,11,primary_54,2467.2,1198.2,2463.996806775101,1092.0439282156815,2471.9621626365447,1110.2843655386805,2498.271748270983,1100.834132237459,2470.031144708452,1095.5472780037044,2456.25034037757,1086.8479378407064,2873.4,1233.0,2451.3,1044.0
2022-01-06,2022-01-06 11:00:00,12,primary_54,2364.0,1134.0,2504.1088151099,1119.441866857154,2480.39235013962,1087.2084074057327,2492.639627790871,1143.3957106460252,2486.161642664781,1104.928430349206,2476.7124325376085,1102.3090521868612,2799.6,1159.2,2484.3,1105.2
2022-01-06,2022-01-06 12:00:00,13,primary_54,2286.6,1106.1,2511.507888039011,1047.8662581793594,2461.8710729562017,1063.1916100843412,2441.2359750534915,1091.3853236336754,2447.7208485472506,1068.2360911813632,2464.9916983936746,1074.2202534794717,2779.2,1194.3,2567.7,1166.7
2022-01-06,2022-01-06 13:00:00,14,primary_54,2477.1,1209.9,2411.195033612208,1105.4386997194056,2480.002513721932,1124.239209112679,2445.731784538953,1151.0587686321803,2446.6734355270864,1132.8533948691418,2483.568241232793,1129.7324478784756,2794.5,1209.6,2419.8,1145.4
2022-01-06,2022-01-06 14:00:00,15,primary_54,2619.6,1110.6,2454.6690927149016,1160.65875645796,2504.4216480888704,1112.721075650508,2457.4449682718146,1139.6831667643928,2451.817690311839,1142.8066426193354,2503.642296673774,1136.245630828739,2847.9,1190.1,2474.1,1149.3
2022-01-06,2022-01-06 15:00:00,16,primary_54,2334.6,743.0999999999999,2478.014252957463,1073.0413008005644,2468.419734935369,1031.5569294485686,2440.0070827153886,1058.4015995675595,2423.4730367884463,1068.1147620469726,2473.020807500966,1041.7857563532102,2812.2,1131.6,2499.9,1115.4
2022-01-06,2022-01-06 16:00:00,17,primary_54,2387.1,661.8,2408.960377724005,844.912783791431,2380.139667992444,854.2620107096614,2382.022037022617,860.4870644126883,2378.787019393221,881.3784090536881,2372.855689486611,874.7550084439212,2747.7,1002.6,2429.1,932.1
2022-01-06,2022-01-06 17:00:00,18,primary_54,2335.8,604.5,2394.3029233896505,784.5981684271202,2373.8098752956844,770.6112425086945,2361.980451033822,765.3987011020379,2384.106593270921,794.5399615058084,2368.22083894127,768.8082055401356,2767.5,888.9,2295.9,714.9
2022-01-06,2022-01-06 18:00:00,19,primary_54,2214.0,522.9,2406.6448835646183,802.8209477279668,2381.8436124728105,733.7445820423708,2379.777493016589,732.2483600760152,2393.411253215127,742.1162677189826,2351.337259406673,724.5687921855058,2764.2,859.2,2302.2,677.7
2022-01-06,2022-01-06 19:00:00,20,primary_54,2102.7,467.4,2269.504843734819,694.2193796704313,2298.3771298884976,678.4231008898407,2311.0956527619915,661.9803297465855,2306.651250506965,660.618353681148,2284.7642757717863,650.4496504400969,2678.7,711.3,2251.8,614.1
2022-01-06,2022-01-06 20:00:00,21,primary_54,2081.4,468.3,2255.3184640765,632.7145692924812,2243.1848636808286,648.7908841081985,2244.736004302517,627.3443398300743,2249.009726416092,629.7565612687052,2258.219671742804,607.3075543144546,2601.3,632.4,2237.4,570.3000000000001
2022-01-06,2022-01-06 21:00:00,22,primary_54,2005.5,464.7,2247.679081360935,646.8095533104939,2180.3425192934383,650.5514418188775,2204.2201861366893,633.0500094063434,2187.3524976342223,619.950671400429,2211.42257385295,598.1153776790894,2508.6,584.1,2161.5,536.7
2022-01-06,2022-01-06 22:00:00,23,primary_54,1911.9,460.5,2136.40242715561,633.4361771641935,2057.74322195928,643.1936672004736,2088.01058767258,627.3227401105443,2071.973837527866,605.6930037950725,2056.7906961693307,594.4469719930403,2465.1,602.4,2067.0,544.5
2022-01-06,2022-01-06 23:00:00,24,primary_54,1811.4,462.3,1956.55697249824,597.8900342467705,1900.6102724831685,621.7188476173745,1911.76882358528,592.2099495358813,1912.370525493301,580.755815813872,1902.2777482857496,571.4574407052665,2419.2,660.0,1908.9,516.0
2022-01-07,2022-01-07 00:00:00,1,primary_54,1693.8,468.3,1639.4126158992308,478.77794847482,1682.860128581337,460.96504794894497,1691.361058387796,483.0127133729293,1688.7562211543363,475.1356435900637,1714.914976804453,484.314085313177,2178.6,601.2,1773.9,504.6
2022-01-07,2022-01-07 01:00:00,2,primary_54,1601.4,441.3,1537.0402752944187,471.692516728741,1600.849501053134,459.6245431841924,1620.6050052757278,479.7456095728342,1611.6410845303085,478.96958483915193,1627.7057461525835,489.12629417561806,2120.1,595.5,1640.4,481.8
2022-01-07,2022-01-07 02:00:00,3,primary_54,1545.0,435.0,1516.0565370821134,475.1658150210168,1545.1513609366514,457.1572218473144,1590.6775787207737,467.7379450243301,1558.1719399847232,475.3665831360521,1588.5580585741325,492.7358873061472,2044.2,591.9,1610.4,471.3
2022-01-07,2022-01-07 03:00:00,4,primary_54,1513.8,417.6,1485.534222248589,481.1096813012294,1524.8503480625045,455.5189956539977,1553.1167101288538,465.75980642294576,1539.346909586846,475.1061523482409,1586.434276153548,482.8747940323331,2081.1,617.4,1594.5,480.0
2022-01-07,2022-01-07 04:00:00,5,primary_54,1506.3,415.8,1483.1910013189824,469.7910574261281,1530.6476530376117,452.8203495623328,1558.0328615250928,465.3719454750742,1553.8209798331322,467.2596260705855,1597.8534416527464,475.8727669653141,2067.3,610.2,1620.0,492.9
2022-01-07,2022-01-07 05:00:00,6,primary_54,1541.1,414.0,1519.9158961648966,474.8537414775606,1575.646188366715,441.01259702025953,1601.097517555219,468.3759256620559,1601.3774524297485,458.6207511355522,1654.276938919417,462.0963585691967,2054.7,546.6,1680.3,492.9
2022-01-07,2022-01-07 06:00:00,7,primary_54,1589.4,412.2,1625.6487885001004,457.4369986488397,1654.6958579621084,427.8633350511276,1688.5124844316956,458.38601852558384,1670.1598191849923,454.5302552491258,1728.3278334900206,463.1366048109233,2064.6,504.3,1787.1,502.5
2022-01-07,2022-01-07 07:00:00,8,primary_54,1632.3,403.2,1694.0648677360134,423.7383656694333,1787.7816520461838,445.8582697329437,1755.799745879058,476.14969134904953,1760.2653803466917,465.5394675549666,1841.094710480479,469.05275437738345,2111.4,471.6,1887.0,529.8
2022-01-07,2022-01-07 08:00:00,9,primary_54,1911.9,496.8,2038.94683455096,648.8000091897575,2077.70303837592,688.0970417290177,2100.157577316405,694.4208283163183,2109.9932361622195,691.2737066568765,2134.748112674983,680.8771458755928,2412.6,650.4,2384.4,917.7
2022-01-07,2022-01-07 09:00:00,10,primary_54,2050.5,549.3,2303.0032993676928,956.8311075798558,2335.738173318326,1009.3428003112076,2409.674562864032,1002.4873137122236,2381.4470313276724,971.4056486384,2427.8932862411493,971.1081602289208,2806.2,990.6,2699.1,1234.2
2022-01-07,2022-01-07 10:00:00,11,primary_54,2041.5,527.1,2392.773621881809,952.6976858322832,2377.0896998117146,1083.1993256052117,2474.9630336213195,1086.23127022454,2426.4599998417657,1062.7161494131817,2469.2076625802088,1068.3858782108898,3002.1,1123.2,2467.2,1198.2
2022-01-07,2022-01-07 11:00:00,12,primary_54,2022.0,503.4,2383.366645487191,879.9737662391884,2332.3055865127662,1036.452433562138,2470.4506511253635,1051.894734713465,2410.3792255011404,1032.584178045487,2525.4807116226893,1043.2265064955918,2953.8,1187.7,2364.0,1134.0
2022-01-07,2022-01-07 12:00:00,13,primary_54,1996.8,499.2,2254.252711351576,886.6171870215574,2285.615701058266,1015.5186957405728,2401.767811483983,1014.293598176572,2352.541207843844,1023.011968377442,2446.1563744787445,988.3626263252844,2921.4,1126.8,2286.6,1106.1
2022-01-07,2022-01-07 13:00:00,14,primary_54,2008.8,515.4,2292.3102315468373,905.2901700107516,2326.7725651469486,1082.391725883239,2448.964466467011,1103.363551244654,2381.6987570999736,1081.9813630074048,2476.6816733657447,1059.864295713105,2989.8,1216.8,2477.1,1209.9
2022-01-07,2022-01-07 14:00:00,15,primary_54,1945.5,489.6,2385.5904206221862,947.788469234659,2361.5058050468424,1079.6983285723509,2469.4776829763773,1079.2311014613958,2434.868935602227,1076.5915420706365,2554.093004836305,1009.419173526112,2850.0,1082.7,2619.6,1110.6
2022-01-07,2022-01-07 15:00:00,16,primary_54,1900.8,435.0,2321.3295535777715,880.5499605603145,2320.1452211305573,961.3403436046392,2452.417334133376,961.3084185796272,2410.9402469695665,978.5613050301996,2481.382195791915,933.1757293674884,2813.7,959.1,2334.6,743.0999999999999
2022-01-07,2022-01-07 16:00:00,17,primary_54,1946.4,419.1,2317.713034646443,690.6422605389702,2240.8084702294104,781.6833784713642,2373.101615760738,790.7893154437024,2333.234807231109,803.3314447664961,2387.7911332283657,740.5680389397198,2772.0,788.4,2387.1,661.8
2022-01-07,2022-01-07 17:00:00,18,primary_54,2064.3,447.0,2346.360146960357,642.0890668643037,2272.054521239348,705.3027531263609,2374.08027239854,702.431702649134,2345.118148978481,710.7389819346846,2388.9132490889588,637.6858761133378,2617.2,547.5,2335.8,604.5
2022-01-07,2022-01-07 18:00:00,19,primary_54,2098.8,461.1,2299.9246911689647,611.3342064462012,2268.699007176068,662.1478543702241,2345.4793366772474,657.2044882572688,2302.8387565577505,685.4511392634631,2315.7111474337635,598.4057713416834,2571.9,513.0,2214.0,522.9
2022-01-07,2022-01-07 19:00:00,20,primary_54,2092.2,457.8,2269.0579432425675,588.8585433683205,2194.7790231460435,629.759080021395,2251.1466702320345,620.5804173046267,2239.9893212213688,654.3503508365987,2237.378073613929,571.1421953668723,2580.6,512.4,2102.7,467.4
2022-01-07,2022-01-07 20:00:00,21,primary_54,2127.9,488.4,2246.7091765572395,600.2451082401866,2142.8445608305674,616.7805579391819,2182.3318074569343,616.6971965799798,2188.127937475164,642.3369982730462,2179.2854072236646,576.9735220242277,2468.1,496.5,2081.4,468.3
2022-01-07,2022-01-07 21:00:00,22,primary_54,2082.3,488.7,2134.3268745770406,548.3673788256091,2072.5676160841485,613.6090653901181,2126.7623513113053,601.4602305597543,2123.1093251552647,636.0142949362547,2096.144533762695,572.9133585472322,2369.4,495.9,2005.5,464.7
2022-01-07,2022-01-07 22:00:00,23,primary_54,2036.4,490.8,2006.061689720921,577.437344539395,1963.0315072854248,608.1971741225718,2038.5829198439196,593.8046231056005,2020.265657250635,629.1032866600692,2025.766306408037,579.3998268101466,2277.0,480.3,1911.9,460.5
2022-01-07,2022-01-07 23:00:00,24,primary_54,1911.6,467.7,1830.184205394693,558.9440654871632,1799.5225096481413,581.8053618798795,1872.5446968449985,581.8783505167881,1876.6520965198583,616.716422663857,1910.173387406708,568.4398192844335,2078.7,447.3,1811.4,462.3
2022-01-08,2022-01-08 00:00:00,1,primary_54,1796.4,444.0,1761.2108460327574,460.9405172745325,1760.374982431446,462.0538809492746,1754.0098222693534,465.3653051802573,1740.1238605182969,462.778366204951,1740.05062310606,478.1036381667649,1941.3,426.9,1693.8,468.3
2022-01-08,2022-01-08 01:00:00,2,primary_54,1710.0,423.9,1638.674373077947,450.33273120365857,1653.7625832043898,463.75915994925,1644.1066503557652,455.5192546342066,1617.096765890862,459.409199432368,1628.072317608632,480.9761309202637,1868.7,426.0,1601.4,441.3
2022-01-08,2022-01-08 02:00:00,3,primary_54,1677.3,428.4,1545.7908653639206,420.4740612830643,1580.1679639911235,460.1600995985521,1556.9469307320317,450.4455935787007,1542.531075266329,453.3370394688209,1547.2476780668549,463.7155408963626,1818.0,432.9,1545.0,435.0
2022-01-08,2022-01-08 03:00:00,4,primary_54,1683.9,440.4,1506.6521541492536,421.9175121054421,1538.2042102256855,456.81032431367805,1543.5763617193688,450.6365105043354,1511.8805582225266,454.9308194204685,1509.706229668971,464.95950309520737,1744.2,444.9,1513.8,417.6
2022-01-08,2022-01-08 04:00:00,5,primary_54,1662.0,418.2,1497.9267399208952,420.1459604848389,1514.189580370104,451.8233977255579,1544.7222806418986,443.4189109486522,1521.9109631262572,449.70988072563074,1522.2564069073276,459.9062752937237,1687.2,413.4,1506.3,415.8
2022-01-08,2022-01-08 05:00:00,6,primary_54,1675.8,401.1,1561.038639960665,430.7316590348003,1547.6423615267363,450.28609631211657,1570.1079002004508,440.2170959895111,1559.9244371925272,443.0984128464646,1552.484408178018,455.7137844314353,1733.4,423.6,1541.1,414.0
2022-01-08,2022-01-08 06:00:00,7,primary_54,1717.2,387.9,1615.041749967233,423.5653883768291,1597.3130272460685,441.9452008456777,1612.5401758983262,432.0919197768208,1592.7778180256564,434.3883629232114,1610.3216241848422,452.46381215772425,1687.8,419.7,1589.4,412.2
2022-01-08,2022-01-08 07:00:00,8,primary_54,1775.4,399.6,1671.0209411936287,431.1337383734586,1710.314295366287,454.510811419454,1704.64853638612,462.0708205285566,1690.7353488453791,460.3668570787243,1712.155811596262,472.6224519925074,1692.0,446.4,1632.3,403.2
2022-01-08,2022-01-08 08:00:00,9,primary_54,2029.8,507.0,2072.1478107072257,585.3344047264133,1987.0402355066155,608.4335337507514,1986.7341606303787,616.619836150244,1971.2183209857349,610.8962444081997,2049.1174277465625,635.7349659948494,1911.9,575.7,1911.9,496.8
2022-01-08,2022-01-08 09:00:00,10,primary_54,2111.4,521.4,2211.8419763993056,627.9282900790337,2175.263037277563,645.9397907208585,2163.834536383326,657.4315842780577,2147.575819936273,669.6194464026563,2179.426299774389,701.0203076082946,1981.2,578.4,2050.5,549.3
2022-01-08,2022-01-08 10:00:00,11,primary_54,2155.8,535.1999999999999,2164.2892825286044,612.4428078313216,2155.7701358064974,639.4752853891703,2158.161557632418,636.4052759804833,2164.414054507378,664.0683471096083,2203.99506002156,680.1610504975906,2039.1,551.4,2041.5,527.1
2022-01-08,2022-01-08 11:00:00,12,primary_54,2103.0,500.7,2189.816412454738,595.4304404746258,2116.138923836405,645.8545839105494,2127.904869798035,635.7746119284147,2157.3389070431817,660.7154061400163,2167.601316208845,671.032478780096,2052.0,516.0,2022.0,503.4
2022-01-08,2022-01-08 12:00:00,13,primary_54,2073.3,514.8,2132.7179135519614,580.4204558620257,2083.7758693018804,647.8311193523502,2080.675407751949,617.6486081420157,2127.841523113081,659.9068470202601,2115.171828925444,636.7430546001539,2008.2,486.3,1996.8,499.2
2022-01-08,2022-01-08 13:00:00,14,primary_54,2068.5,541.5,2130.3584535228365,603.1217683439656,2080.8172329025947,660.0008887641592,2055.699713496097,625.9045536118372,2140.3780885821184,669.005108113593,2143.151567082233,648.2847288326644,2029.2,496.8,2008.8,515.4
2022-01-08,2022-01-08 14:00:00,15,primary_54,2053.5,521.1,2177.7152270922284,604.6093793190873,2074.2970674858634,664.6835451265569,2018.9073469506225,627.5759834043749,2127.9567315977943,662.6316053879733,2097.998269655355,671.2370368057146,1965.9,483.6,1945.5,489.6
2022-01-08,2022-01-08 15:00:00,16,primary_54,2100.3,509.1,2085.1122534311207,576.241383970308,2005.84917658705,630.3267711719686,1989.8124074684708,591.2730406396778,2079.0090787143067,623.0829347251062,2056.491371101166,620.3310924143642,1936.5,451.5,1900.8,435.0
2022-01-08,2022-01-08 16:00:00,17,primary_54,2112.6,438.9,2060.368501592824,499.1999207393754,2006.4380183293708,577.325319153942,1964.026395134928,517.4719635819824,2068.3567621505417,562.6668854187515,2028.093174183549,551.5181889045684,2000.7,456.6,1946.4,419.1
2022-01-08,2022-01-08 17:00:00,18,primary_54,2173.8,427.5,2138.259084437927,507.0625131545966,2099.2054971634434,547.4534873047207,2044.0625126224272,492.3959009660724,2098.5672165697106,521.5864785735331,2085.4017481632145,518.2724979166683,2031.6,448.8,2064.3,447.0
2022-01-08,2022-01-08 18:00:00,19,primary_54,2152.5,414.3,2157.7408694992846,467.1880737332708,2151.540469689391,527.6556354765472,2096.2636758575154,481.1005089460953,2120.860550405181,510.9401396730931,2090.3686364964938,498.7837833193898,2021.4,436.5,2098.8,461.1
2022-01-08,2022-01-08 19:00:00,20,primary_54,2166.6,424.5,2124.567206533151,452.8087800938338,2133.187865642159,509.4920351974432,2083.0686315045195,476.0999958770845,2098.455998542941,494.8132141414914,2083.4538797119358,483.2234722680295,2010.0,453.3,2092.2,457.8
2022-01-08,2022-01-08 20:00:00,21,primary_54,2145.0,428.4,2115.3257103570104,429.998954871338,2109.6715083298827,502.5067740791035,2071.3534599011973,478.1583936378876,2070.302943597527,485.2908844654653,2083.625888608072,472.03083645924113,2016.9,455.1,2127.9,488.4
2022-01-08,2022-01-08 21:00:00,22,primary_54,2102.4,443.1,2056.41685440897,432.7784167298154,2040.197044785432,503.6928640752877,1991.07649846888,483.7806608408973,2008.807868290116,489.9149423023127,2002.5599200779493,477.73465285982365,1977.9,439.5,2082.3,488.7
2022-01-08,2022-01-08 22:00:00,23,primary_54,2015.7,440.7,1983.425628791219,449.98204428279394,1956.3358334126533,501.1787393410584,1910.892947116701,486.9352524716222,1948.776907264856,484.8857068444556,1946.451513605817,482.0919336176359,1923.3,442.2,2036.4,490.8
2022-01-08,2022-01-08 23:00:00,24,primary_54,1883.7,427.2,1926.5150046067515,443.9550796845317,1838.0167567453475,489.02170151078354,1835.6075154847224,473.45827542043537,1851.6438957765556,472.9684977728551,1864.658845388327,472.3874976237042,1824.0,432.6,1911.6,467.7
2022-01-09,2022-01-09 00:00:00,1,primary_54,1734.6,424.5,1779.8131794420951,449.6027081467239,1752.894074818807,437.1865272101477,1773.216687946687,448.2105550594637,1767.3930676224884,436.91375151558674,1749.2473117639497,431.1796776348879,1727.1,431.7,1796.4,444.0
2022-01-09,2022-01-09 01:00:00,2,primary_54,1674.6,418.2,1680.6886475492647,442.4419081208741,1671.7952660645076,440.311999350146,1697.292818649664,450.46556224642535,1677.3594379926603,435.2110880047322,1666.150144890726,435.2847208874241,1687.8,435.9,1710.0,423.9
2022-01-09,2022-01-09 02:00:00,3,primary_54,1612.8,406.5,1596.690207377732,412.6957939582435,1621.2973560513894,436.027291931008,1646.1901816305576,444.5955833039298,1632.8148841421728,433.7624595288906,1608.6840525724465,430.6019528436377,1606.5,405.9,1677.3,428.4
2022-01-09,2022-01-09 03:00:00,4,primary_54,1618.2,406.8,1593.5138876135754,399.6672981820438,1611.7814775518357,437.2700562390728,1626.515953867173,438.5830120877271,1618.8350753363054,431.7269866300756,1615.1211070569575,422.8848134387866,1588.2,408.0,1683.9,440.4
2022-01-09,2022-01-09 04:00:00,5,primary_54,1654.5,417.6,1573.187156499702,397.6296457011559,1621.3821861359445,432.280895673885,1624.3407324176935,425.9148753907801,1631.8668189210832,426.460567429117,1609.5828654406232,413.2389678420586,1635.3,410.7,1662.0,418.2
2022-01-09,2022-01-09 05:00:00,6,primary_54,1648.5,400.2,1612.275933631728,400.5179240537841,1656.9579406730916,424.5730935234101,1669.507097654901,418.9717670284055,1678.5252830023005,428.3767367357376,1659.1066190754027,405.7603537742485,1667.4,403.2,1675.8,401.1
2022-01-09,2022-01-09 06:00:00,7,primary_54,1684.8,397.8,1712.6361383651936,416.6052735640969,1723.274984552845,429.5280256775525,1724.0773785724164,427.0994820396826,1732.7580905278437,432.7472581972091,1721.5945605358447,409.7132072626056,1676.1,413.4,1717.2,387.9
2022-01-09,2022-01-09 07:00:00,8,primary_54,1757.4,432.6,1805.700314035804,428.6609309383054,1821.6614705627496,450.3764297344556,1820.20772841395,459.7712466215715,1831.709662943315,457.3229937479658,1807.334144680068,442.345171926335,1780.5,454.5,1775.4,399.6
2022-01-09,2022-01-09 08:00:00,9,primary_54,2096.4,633.9000000000001,2068.951692949761,604.8705673305085,2074.051282948006,584.6169868048304,2075.721223134013,582.2003633764883,2088.7399622867347,579.3385461845115,2080.1498345187583,580.6550108235739,2097.9,621.6,2029.8,507.0
2022-01-09,2022-01-09 09:00:00,10,primary_54,2392.8,958.2,2166.1567684056195,658.1292706074305,2218.338619869079,630.7483787631911,2231.691506756094,668.0146680104793,2219.450008118528,657.8068019704084,2215.6620080391544,642.0941801568777,2292.6,681.0,2111.4,521.4
2022-01-09,2022-01-09 10:00:00,11,primary_54,2479.8,996.3,2162.6164384177146,632.6585068049482,2221.981105924506,622.9501617260383,2261.239301154318,657.250420945714,2218.179790248188,659.8520937079328,2210.371300182016,641.9845326773258,2289.9,644.7,2155.8,535.1999999999999
2022-01-09,2022-01-09 11:00:00,12,primary_54,2469.3,966.0,2168.8680895841685,623.2367318486433,2176.5275811273127,618.9504359996022,2237.809780722064,639.8598781108035,2207.0839146928333,658.7166136840281,2185.809369864421,652.7425348825523,2308.2,661.2,2103.0,500.7
2022-01-09,2022-01-09 12:00:00,13,primary_54,2462.4,946.5,2164.836782006873,637.2754612924089,2149.3252611419107,623.0529072038457,2208.186169330496,649.1788584864729,2202.0740600704844,657.9765777937897,2186.38607011641,648.8734601932417,2182.2,608.1,2073.3,514.8
2022-01-09,2022-01-09 13:00:00,14,primary_54,2439.9,889.5,2098.6787244514003,630.5760439583764,2130.3477345602005,629.2815202928358,2184.30982271478,652.6443647642171,2205.7228270147,660.5558690932143,2172.381543946894,654.4609637734237,2172.9,619.8,2068.5,541.5
2022-01-09,2022-01-09 14:00:00,15,primary_54,2413.5,866.6999999999999,2108.98203931958,640.4190423895114,2136.22066276476,631.7874238550952,2200.2780019020056,655.4423893334765,2204.6863536190344,662.4559258681185,2185.9841802899355,662.659778459593,2088.0,547.8,2053.5,521.1
2022-01-09,2022-01-09 15:00:00,16,primary_54,2461.8,931.8,2102.5825723200523,613.7168071674641,2116.7069522633574,613.8883797109668,2183.271936325708,624.2909871454939,2174.916238573971,633.7006868905653,2197.464191429373,626.0127304770103,2108.1,529.5,2100.3,509.1
2022-01-09,2022-01-09 16:00:00,17,primary_54,2456.4,847.8000000000001,2106.053274717005,550.2243018178192,2100.8928644629127,565.0615203733244,2156.778339929565,553.5399711837342,2157.515992145436,575.4212431736389,2158.1327564773715,550.8087976037277,2074.2,476.4,2112.6,438.9
2022-01-09,2022-01-09 17:00:00,18,primary_54,2492.1,832.5,2164.470877961008,497.7307133760046,2150.4213283349773,539.7979359412547,2177.4664451458075,522.9254418653458,2192.6623409626814,530.2362694351243,2181.5702536377144,499.15587778895775,2161.2,474.9,2173.8,427.5
2022-01-09,2022-01-09 18:00:00,19,primary_54,2458.2,756.3,2175.4443613028425,474.63205121094046,2185.8281069623345,533.2438676545661,2201.95702157194,523.3867591347698,2224.0336520042,517.3907197473565,2184.65148258652,500.288144594653,2165.4,468.9,2152.5,414.3
2022-01-09,2022-01-09 19:00:00,20,primary_54,2311.5,515.7,2159.814168181753,458.8628225671467,2165.389778140529,512.1213790477973,2168.992342029466,509.6519067314854,2190.3082723908665,511.6970600210489,2160.57549855378,491.2433597675506,2143.8,477.3,2166.6,424.5
2022-01-09,2022-01-09 20:00:00,21,primary_54,2279.7,488.1,2115.214508256783,463.1914156087529,2130.3772052640848,500.23308423441233,2134.367056655092,508.5438685574255,2153.5391102257854,501.2468131830874,2135.58063195029,496.40180094830976,2135.7,480.0,2145.0,428.4
2022-01-09,2022-01-09 21:00:00,22,primary_54,2255.1,498.0,2081.7987257383074,466.09400324542696,2080.929146082044,499.5919386368493,2085.028271146294,497.7579117891276,2101.613464717153,496.91697203195287,2112.546125094443,486.213720055256,2052.9,461.1,2102.4,443.1
2022-01-09,2022-01-09 22:00:00,23,primary_54,2116.8,491.4,1992.688931416427,473.7579590791031,1991.7096483105224,496.3525573506474,2025.832801664105,495.8546193811613,2018.8433080752293,486.0812383651133,2054.839570392964,486.6707456028527,2004.0,452.4,2015.7,440.7
2022-01-09,2022-01-09 23:00:00,24,primary_54,1969.5,478.8,1829.7171118603053,464.0080763125264,1839.4997936220043,475.8780942709904,1894.454618477878,482.9317280092919,1871.89450454943,473.7415464085528,1875.3848194680984,482.85322076517497,1902.3,460.5,1883.7,427.2
2022-01-10,2022-01-10 00:00:00,1,primary_54,1800.3,429.9,1840.351346284116,489.77356418516246,1822.026078021988,466.2089270976159,1832.9555809416609,485.1088583478302,1823.906005130423,483.12803634541456,1831.3154036493663,496.26214360441526,1770.6,439.8,1734.6,424.5
2022-01-10,2022-01-10 01:00:00,2,primary_54,1727.1,434.7,1739.4886726410273,462.57535615458994,1739.1318286295611,462.4002016879088,1739.4071405247817,477.4616821400352,1712.253250594282,484.4414855999067,1744.2182539666917,496.2208219606208,1682.1,430.2,1674.6,418.2
2022-01-10,2022-01-10 02:00:00,3,primary_54,1685.7,442.8,1666.267120642391,464.1006808153487,1682.2085563307037,454.2795572655009,1690.846613573892,469.8548063165168,1655.026663791847,484.400262762457,1686.9024143973895,504.6783936121655,1600.5,396.6,1612.8,406.5
2022-01-10,2022-01-10 03:00:00,4,primary_54,1656.9,410.1,1654.7355834840132,442.9024391464448,1657.3600683152858,451.41422488051865,1666.9823996973162,470.73798318189085,1648.5116838609852,484.0309849169876,1690.30603365589,509.7596459974441,1430.7,356.7,1618.2,406.8
2022-01-10,2022-01-10 04:00:00,5,primary_54,1688.4,406.8,1662.7430155092848,430.4738388444953,1666.824278179308,442.5902701182789,1667.6140371627723,470.6731043384112,1653.7192701380957,480.3998951432816,1705.0172577028666,519.2292966303213,1313.4,333.9,1654.5,417.6
2022-01-10,2022-01-10 05:00:00,6,primary_54,1749.9,401.7,1735.1923113403836,435.6867959522679,1738.1682959153077,423.14063433270815,1727.4914764664295,461.642464118544,1707.779559159264,466.1312298147692,1772.3878915416292,508.0430675065508,1583.4,400.8,1648.5,400.2
2022-01-10,2022-01-10 06:00:00,7,primary_54,1847.4,407.1,1874.069412630943,419.8682442150657,1840.1478856610283,420.3210745195535,1823.230687757621,466.6497664692696,1815.508193944332,465.9342975998438,1868.1739448185892,509.7512389747405,1634.7,396.0,1684.8,397.8
2022-01-10,2022-01-10 07:00:00,8,primary_54,1962.6,468.9,1989.9305565901177,445.2848534642461,1963.8459608646715,452.1005600344018,1943.1432991005245,494.4626182972696,1943.111349404068,496.2467239626772,2000.45011193608,519.3014658909971,1719.3,428.1,1757.4,432.6
2022-01-10,2022-01-10 08:00:00,9,primary_54,2244.3,745.2,2366.5939150288505,765.3811119256185,2348.2294727831363,713.5394174655542,2311.6190186991626,777.7076334263155,2318.5694670399694,794.6068510149149,2336.227415984229,830.9340838241721,2003.4,643.5,2096.4,633.9000000000001
2022-01-10,2022-01-10 09:00:00,10,primary_54,2436.3,1041.0,2610.9948311534185,1104.7171024643796,2604.0272344771306,1050.9384677500116,2566.097915001141,1098.217553687149,2572.4553566808218,1114.323427200282,2621.1869108148885,1112.438781690195,2279.4,938.7,2392.8,958.2
2022-01-10,2022-01-10 10:00:00,11,primary_54,2449.8,1053.6,2631.0570455118964,1173.5111192045636,2629.5539693093824,1158.908903638321,2581.9105803784223,1187.5098755111765,2574.8071690237666,1194.7465230618457,2650.3575517055706,1175.6701742453045,2389.8,1016.4,2479.8,996.3
2022-01-10,2022-01-10 11:00:00,12,primary_54,2493.3,1027.5,2597.384315167388,1133.5305279392678,2600.355755683006,1147.7139785670174,2537.492066452004,1150.5970818904982,2547.1823377475853,1165.625466495139,2604.908869947307,1147.6380653541314,2381.4,1007.4,2469.3,966.0
2022-01-10,2022-01-10 12:00:00,13,primary_54,2446.5,1012.5,2478.001596736452,1075.4173711544215,2533.114526331832,1094.5392218166571,2475.3617486241737,1080.5046367316827,2489.2452787979323,1103.104580275581,2523.2527069795424,1113.4514237728824,2306.1,934.5,2462.4,946.5
2022-01-10,2022-01-10 13:00:00,14,primary_54,2499.6,1008.6,2574.932507992054,1144.2463896916734,2569.4860498053704,1165.4230917885905,2512.836545076472,1185.754156165659,2546.651092326398,1199.2357750555664,2600.0061220334837,1191.748042153685,2364.6,1011.6,2439.9,889.5
2022-01-10,2022-01-10 14:00:00,15,primary_54,2528.4,1065.3,2587.7902580601667,1155.6868722021677,2570.973281934881,1188.421496914002,2532.8115600161373,1183.7590828996572,2558.447532246996,1198.959345500148,2592.3852609577725,1182.2190204526746,2340.0,1019.7,2413.5,866.6999999999999
2022-01-10,2022-01-10 15:00:00,16,primary_54,2550.3,1042.2,2552.123437650148,1100.7938121236598,2543.060923321053,1103.1231095965109,2528.5416280863933,1091.3521821582344,2531.577470860648,1114.3584208966306,2576.935174824537,1105.6588114848864,2352.9,1006.8,2461.8,931.8
2022-01-10,2022-01-10 16:00:00,17,primary_54,2588.1,1034.7,2505.8353862379786,880.9080909077302,2481.0385314344303,881.1905758596092,2443.458033423328,886.2159742717296,2456.1439133268027,860.0553735611793,2499.738254773963,874.0718443479918,2336.1,896.7,2456.4,847.8000000000001
2022-01-10,2022-01-10 17:00:00,18,primary_54,2580.3,962.7,2541.0936073972584,825.5466882452732,2543.947197418188,822.7174849025793,2446.2146836405427,825.454385592177,2511.067662559757,813.5494016169749,2525.576757302625,815.813371880852,2382.9,886.5,2492.1,832.5
2022-01-10,2022-01-10 18:00:00,19,primary_54,2599.8,858.9000000000001,2577.9171988175285,728.9096073589923,2558.780783700221,782.809808905676,2463.5231338164936,768.2563097581564,2530.57503784074,770.4078359969023,2526.276140870485,773.7799454915853,2439.0,848.1,2458.2,756.3
2022-01-10,2022-01-10 19:00:00,20,primary_54,2563.8,831.9000000000001,2464.4095920356,637.3471261563355,2490.90272959068,725.2548182625076,2429.5221444833355,672.3316599805671,2465.027337656591,682.8141658448351,2439.244325610217,688.3915232362425,2268.3,562.5,2311.5,515.7
2022-01-10,2022-01-10 20:00:00,21,primary_54,2504.4,764.4,2437.6582358538967,627.7223599444792,2422.12811933518,704.8887815601419,2368.5505742780138,681.7226251397154,2397.1277929157814,660.0141049514945,2353.119712607442,662.4034968364957,2136.6,480.9,2279.7,488.1
2022-01-10,2022-01-10 21:00:00,22,primary_54,2439.6,725.1,2405.3825551578,629.3790056518354,2346.2267429652024,700.1168990745804,2310.2491518195907,685.801846816217,2353.8130355448443,649.9561851702505,2311.6690480072875,661.5435177625941,2094.9,477.6,2255.1,498.0
2022-01-10,2022-01-10 22:00:00,23,primary_54,2313.0,697.5,2316.916138258643,608.6259712170138,2234.863055511155,682.6547004549316,2190.5636453391467,671.5004273868758,2253.5877502471253,641.6312282642252,2215.8707272104607,637.7581803101829,1969.5,458.1,2116.8,491.4
2022-01-10,2022-01-10 23:00:00,24,primary_54,2145.0,678.3,2185.5880026105547,576.333448210262,2080.9497357243336,650.4364651364625,2067.651131125217,644.9919788083262,2111.2182141342205,620.2497295969833,2092.949925039474,622.9281013601296,1807.2,433.8,1969.5,478.8
2022-01-11,2022-01-11 00:00:00,1,primary_54,1983.9,641.4,1960.0141117315736,601.0372475276181,1990.1346414378145,644.1238154617608,1972.6934219905663,630.5646956860357,1967.5865039324665,623.7689772242617,1981.2514525560969,631.2009401263599,1711.5,444.9,1800.3,429.9
2022-01-11,2022-01-11 01:00:00,2,primary_54,1917.9,608.4,1861.0758508623464,567.0973799076771,1885.7416462366648,626.1468085042557,1877.2838714231495,613.2467065813304,1867.299673809336,596.0424907222332,1897.1978844092555,608.5982516174034,1616.4,422.1,1727.1,434.7
2022-01-11,2022-01-11 02:00:00,3,primary_54,1850.1,561.3,1792.595667008022,554.7982491571996,1816.728202846111,602.0130346311388,1803.8893786283013,589.8042393312151,1783.0804566979075,567.6447803859028,1839.3835868365115,579.149731235089,1545.0,405.3,1685.7,442.8
2022-01-11,2022-01-11 03:00:00,4,primary_54,1878.0,552.0,1741.32776076378,512.0573445476177,1763.650107389031,575.2715035693444,1760.136525240274,551.8038868311933,1746.33123004268,544.244539535825,1797.972907215231,539.0850023156794,1518.0,408.0,1656.9,410.1
2022-01-11,2022-01-11 04:00:00,5,primary_54,1899.9,550.8,1726.6951870697696,485.9178942918995,1746.668848789927,543.0237687110483,1755.86543428991,506.3453501952468,1741.9096327189854,517.8238734613878,1774.519084588224,514.8694335299356,1556.4,418.2,1688.4,406.8
2022-01-11,2022-01-11 05:00:00,6,primary_54,1962.0,543.0,1786.0848682482451,503.270181773435,1808.016422044147,509.1380074773796,1818.5745119327837,483.428753400724,1819.8863536229392,507.66357996699,1820.5464540191977,501.70931295484223,1631.1,420.0,1749.9,401.7
2022-01-11,2022-01-11 06:00:00,7,primary_54,1992.9,463.5,1931.9000458598705,504.2814558334945,1909.2705893695,486.5964757547176,1920.7274038618764,470.69915982235,1933.634550564237,496.75961648135615,1950.648967843636,498.4478685319074,1715.1,408.0,1847.4,407.1
2022-01-11,2022-01-11 07:00:00,8,primary_54,2133.0,497.1,1980.0843200199813,502.974209749912,2048.5767281710905,487.8307450786767,2041.37323790397,490.7565516647599,2070.8924417278868,500.011925880957,2063.5348932347583,515.9557977960404,1915.5,529.8000000000001,1962.6,468.9
2022-01-11,2022-01-11 08:00:00,9,primary_54,2421.0,746.7,2383.6381397382056,815.5360319820682,2393.156949306455,786.2149177383104,2407.3643420173244,791.0962314052443,2377.57045959232,773.7414201164238,2389.3666725560206,803.5088144645606,2346.6,872.4,2244.3,745.2
2022-01-11,2022-01-11 09:00:00,10,primary_54,2787.6,1129.8,2656.3259666746653,1065.8444480610542,2672.674462917563,1124.1504581854435,2645.679743129607,1066.416915739514,2627.829534300134,1067.7388168864009,2593.9069974194813,1096.9904140709289,2541.0,1151.1,2436.3,1041.0
2022-01-11,2022-01-11 10:00:00,11,primary_54,2785.5,1130.7,2660.8795843150046,1198.0750718257627,2678.358556045884,1190.4799509653544,2661.6972980692453,1145.2024019427092,2666.2824938712747,1136.4436210514225,2672.322843224672,1176.6578497918338,2520.3,1173.3,2449.8,1053.6
2022-01-11,2022-01-11 11:00:00,12,primary_54,2780.4,1187.1,2623.989117177579,1158.8081226450188,2630.190530275415,1181.7158253802877,2607.5848034687247,1123.858516944843,2614.377753490033,1128.7724845500686,2608.871787112996,1136.6835274076382,2512.5,1101.6,2493.3,1027.5
2022-01-11,2022-01-11 12:00:00,13,primary_54,2662.5,1096.2,2513.962711798278,1056.8264570773376,2550.322988125672,1105.0310534239145,2501.7354625081557,1057.6233238077684,2522.111579322246,1048.3195590685752,2531.9741987019684,1029.0218648025486,2564.7,1164.9,2446.5,1012.5
2022-01-11,2022-01-11 13:00:00,14,primary_54,2625.3,1075.5,2579.272990020233,1170.8765297406037,2598.6419414463417,1189.453632764114,2583.525963764042,1138.0510340383037,2572.089097419766,1132.0281349896889,2585.4521438031265,1091.2411884449416,2430.3,1180.2,2499.6,1008.6
2022-01-11,2022-01-11 14:00:00,15,primary_54,2663.4,1106.4,2609.160657254016,1240.3981545148242,2620.272128016864,1206.6750618067676,2599.8800455111127,1159.665818946437,2588.71437977271,1144.8996841773264,2606.780637873494,1127.0096621449177,2480.4,1201.5,2528.4,1065.3
2022-01-11,2022-01-11 15:00:00,16,primary_54,2680.2,1038.6,2631.598023822163,1113.457102733884,2635.161575588032,1151.9250264612097,2566.528795138884,1112.1034199111332,2600.4056125881825,1078.6387412500924,2588.9716899634805,1102.1846420687268,2518.2,1206.3,2550.3,1042.2
2022-01-11,2022-01-11 16:00:00,17,primary_54,2620.5,927.9,2546.9063185604587,929.4655075149876,2562.2185051920733,954.6502658800264,2536.572977956097,907.5052030025312,2547.312908149796,915.2804452433976,2541.4141688790382,942.2461877471212,2363.1,1010.1,2588.1,1034.7
2022-01-11,2022-01-11 17:00:00,18,primary_54,2668.2,757.8,2572.656106317157,809.9524145698359,2593.09397505965,878.2292793609155,2587.53386063272,849.9084889177751,2595.499568278321,854.1967500459243,2606.1863077622857,865.4351396716952,2481.6,1002.9,2580.3,962.7
2022-01-11,2022-01-11 18:00:00,19,primary_54,2663.1,657.6,2652.843473527329,734.9903767207131,2624.268274949402,835.1246558098411,2627.864541887628,824.2749009370106,2600.394849020113,835.9683311491544,2655.554790503196,850.1078344201351,2475.0,947.1,2599.8,858.9000000000001
2022-01-11,2022-01-11 19:00:00,20,primary_54,2565.3,555.6,2549.9711299898254,662.6945615794039,2592.618515805853,779.4410577500161,2600.572099374474,746.5125477572443,2584.9973388328804,765.1754414081112,2601.5559231689144,775.9121514858034,2336.7,699.3000000000001,2563.8,831.9000000000001
2022-01-11,2022-01-11 20:00:00,21,primary_54,2519.4,509.7,2474.890802569684,650.6695764194054,2538.6135073766413,772.8061201983119,2523.739306750878,702.6207437852721,2535.989947546821,720.2445340185906,2532.0171689030167,723.3064958614171,2243.4,570.6,2504.4,764.4
2022-01-11,2022-01-11 21:00:00,22,primary_54,2537.4,526.8,2482.283935218996,646.579878810515,2501.3029221304173,766.5948936612913,2451.7643215962416,686.4659712138272,2468.868207841348,712.5885801571417,2449.6224548286486,702.7708259883154,2200.2,554.7,2439.6,725.1
2022-01-11,2022-01-11 22:00:00,23,primary_54,2450.1,550.8000000000001,2414.118289151922,635.3718882593687,2409.945763415381,757.5228179105465,2318.4098780527006,674.0637109658916,2392.9900661468914,696.0424651976209,2379.575982065389,686.6364189400214,2070.3,507.6,2313.0,697.5
2022-01-11,2022-01-11 23:00:00,24,primary_54,2261.4,502.8,2215.559629758815,621.7651413807267,2239.484932377184,728.9717930393618,2153.4401742374966,660.6990261496487,2207.79292247836,656.1397618778373,2165.5513675614125,663.1340541492857,1950.9,507.9,2145.0,678.3
2022-01-12,2022-01-12 00:00:00,1,primary_54,2135.7,490.8,2071.082081348045,556.7598171303289,2090.594834531269,512.3860579121077,2111.145838051488,529.5084635803054,2081.044512026492,536.9909118558021,2050.4631846487005,539.6359590307117,1829.7,488.4,1983.9,641.4
2022-01-12,2022-01-12 01:00:00,2,primary_54,2024.7,462.6,1994.173445669172,526.2248832548421,1991.6159650777047,512.3133643151226,2023.850650656188,525.646599101005,2002.6353666780035,535.4041078534901,1995.5363994986064,546.4777280618234,1734.6,465.3,1917.9,608.4
2022-01-12,2022-01-12 02:00:00,3,primary_54,2012.4,475.8,1902.684463667632,551.572700258587,1929.4879623121933,511.2750163807254,1965.0776009215808,537.5025182048088,1945.5038575264352,534.4047558809965,1946.024405932063,542.9662141364824,1688.7,474.0,1850.1,561.3
2022-01-12,2022-01-12 03:00:00,4,primary_54,2005.2,480.0,1932.418635915284,546.1502471503393,1926.379036808078,511.3034629140205,1970.573597913051,539.4486618497388,1943.5203693505691,536.0918076009028,1964.1417406649427,559.3654430728653,1680.0,483.6,1878.0,552.0
2022-01-12,2022-01-12 04:00:00,5,primary_54,1985.4,445.2,1955.1121448256808,568.7977390495963,1963.417139372476,507.1550359863369,2013.947710919367,545.2823471565405,1980.1111810128168,526.6563778878012,1992.794256236509,564.0739126671733,1665.3,461.7,1899.9,550.8
2022-01-12,2022-01-12 05:00:00,6,primary_54,2089.8,450.3,2037.916986878793,567.6401073976994,2050.228454695607,500.23810934289867,2100.821644818203,534.1070295666436,2062.041795050827,523.7699909613614,2054.482257898645,565.2835532012887,1709.1,426.3,1962.0,543.0
2022-01-12,2022-01-12 06:00:00,7,primary_54,2229.9,461.1,2123.386546161352,513.0305186912568,2131.64358493964,486.05760016850894,2186.348270161888,496.3474919301029,2120.821124377624,506.3821736761106,2132.1488528520536,532.1205965616965,1780.8,445.2,1992.9,463.5
2022-01-12,2022-01-12 07:00:00,8,primary_54,2360.4,533.7,2227.9989522368974,506.7989383238066,2250.006579845476,508.3085300488279,2281.684686543167,507.7661419422177,2257.177494171691,519.9072459320596,2233.3164599368897,534.8475053705267,1896.6,507.0,2133.0,497.1
2022-01-12,2022-01-12 08:00:00,9,primary_54,2662.2,888.3,2611.588187839312,870.8407821052267,2611.3568757238304,829.9165831299675,2627.862257406829,823.8777613804696,2578.4051558413994,844.7773604565213,2612.7992827406,872.0877853660405,2194.2,730.2,2421.0,746.7
2022-01-12,2022-01-12 09:00:00,10,primary_54,2910.6,1124.1,2932.676336592833,1187.9756337457395,2923.290795239213,1152.9116559060687,2924.255848915549,1136.0567563767872,2877.056124950944,1147.7365933495646,2922.969879052799,1149.465089011187,2473.8,1029.9,2787.6,1129.8
2022-01-12,2022-01-12 10:00:00,11,primary_54,2910.9,1111.5,2940.3792994222144,1141.4111161155586,2979.7566765285,1161.7270076880611,3030.1085615812235,1147.080191180931,2956.957916019625,1163.0775330225074,3009.6587134498886,1149.8013636538478,2451.3,1044.0,2785.5,1130.7
2022-01-12,2022-01-12 11:00:00,12,primary_54,2858.4,1076.7,2892.818111694529,1112.8687584172076,2944.534668944481,1149.121304071904,2983.451404531441,1103.356460860464,2950.457289754745,1135.8816196325884,3008.9854722721075,1105.87727871966,2484.3,1105.2,2780.4,1187.1
2022-01-12,2022-01-12 12:00:00,13,primary_54,2807.7,1027.2,2817.1619560053527,1028.2421760345617,2876.799573364308,1091.2765848988172,2906.1797826516813,1067.5265661571912,2865.348054036516,1074.7574701799629,2904.036637041996,1049.870316486214,2567.7,1166.7,2662.5,1096.2
2022-01-12,2022-01-12 13:00:00,14,primary_54,2886.9,1062.6,2882.947723952448,1091.9691993468457,2891.476688336505,1153.6954828703558,2893.790578693579,1124.690083967233,2867.3607930133385,1141.2350584933397,2870.638271407488,1114.6398157110132,2419.8,1145.4,2625.3,1075.5
2022-01-12,2022-01-12 14:00:00,15,primary_54,2860.2,1064.1,2906.7808640211506,1146.8418834091026,2891.6044808768465,1165.7087210883085,2915.927845911486,1144.482265708986,2870.979555636898,1161.419148864724,2877.805154315664,1134.190854309939,2474.1,1149.3,2663.4,1106.4
2022-01-12,2022-01-12 15:00:00,16,primary_54,2856.3,1008.0,2838.810429675592,1122.846418074508,2843.0841459385674,1112.1170821782327,2882.603153222553,1072.8050258579965,2831.7289293052418,1111.7951563773854,2829.399216148788,1041.4334189364088,2499.9,1115.4,2680.2,1038.6
2022-01-12,2022-01-12 16:00:00,17,primary_54,2707.2,703.8,2736.553292906062,907.3216417218676,2716.652059310431,896.5586094582361,2772.8760561080653,876.9864073878123,2726.954180846907,875.2581044227295,2735.386252070376,868.8956698841854,2429.1,932.1,2620.5,927.9
2022-01-12,2022-01-12 17:00:00,18,primary_54,2740.2,578.1,2743.890570241405,806.5766987886306,2752.139392389792,819.2405619334667,2786.7555431967635,806.2045059604436,2755.9276791474376,800.6562537122529,2782.1023926149383,800.6127795441514,2295.9,714.9,2668.2,757.8
2022-01-12,2022-01-12 18:00:00,19,primary_54,2778.3,557.4,2841.13256699322,784.5057112121796,2797.0880930711446,777.5941157133133,2813.144452318823,752.1310084253134,2766.9929084966766,743.6760196483368,2811.447951019662,778.2032384831223,2302.2,677.7,2663.1,657.6
2022-01-12,2022-01-12 19:00:00,20,primary_54,2737.2,577.2,2771.3981294509026,712.5686708582836,2750.25364700951,727.1168865283181,2750.70935517766,654.3805256729428,2696.590219099377,670.1573528523534,2739.0636129884438,715.9702733996438,2251.8,614.1,2565.3,555.6
2022-01-12,2022-01-12 20:00:00,21,primary_54,2663.7,540.9,2679.5445347383984,704.5597386523914,2679.107990458887,699.9276196734876,2680.7822731090064,650.3677775897136,2616.2451772774675,652.6224397939227,2630.331546156285,662.0777878647093,2237.4,570.3000000000001,2519.4,509.7
2022-01-12,2022-01-12 21:00:00,22,primary_54,2599.2,524.1,2633.352722706093,693.0839496918533,2593.736677759156,687.1319465733476,2623.942686450904,630.960320250898,2584.5108592182323,638.8765339939035,2580.735973148028,638.4362685240903,2161.5,536.7,2537.4,526.8
2022-01-12,2022-01-12 22:00:00,23,primary_54,2534.4,537.3,2534.193237348654,674.4488351987425,2506.103048043752,678.9518734679882,2535.4035151771022,642.0390076809505,2501.3155325517323,634.4882056162087,2491.2240522852435,657.1270030690869,2067.0,544.5,2450.1,550.8000000000001
2022-01-12,2022-01-12 23:00:00,24,primary_54,2353.8,508.2,2374.198436765488,645.2759005481262,2344.135872548792,652.1441575992211,2364.0046319829444,633.4595105190617,2343.4148249582126,618.5098137022169,2359.9339201721,638.333573126867,1908.9,516.0,2261.4,502.8
2022-01-13,2022-01-13 00:00:00,1,primary_54,2213.4,475.5,2204.97011559218,535.4971107674993,2202.247168149886,503.96717045195606,2224.641347339773,512.3524686654313,2205.730408289919,510.5262985887727,2212.19699309041,518.0623133737602,1773.9,504.6,2135.7,490.8
2022-01-13,2022-01-13 01:00:00,2,primary_54,2131.8,474.3,2076.8357851619007,523.6700354079582,2095.587615234946,502.7501571878617,2140.199800004232,496.99597695396784,2114.167662196768,505.39206329921296,2138.6578535619537,525.1145594451709,1640.4,481.8,2024.7,462.6
2022-01-13,2022-01-13 02:00:00,3,primary_54,2118.9,463.2,2022.6508848396263,533.5545312583243,2039.798205443409,497.3662340751612,2093.709455380109,496.12884867856746,2075.2221186707147,499.6041323636696,2100.111562648845,516.7624490623894,1610.4,471.3,2012.4,475.8
2022-01-13,2022-01-13 03:00:00,4,primary_54,2109.6,464.7,1996.636284439904,536.3252632195756,2034.7199909551075,490.8308368531819,2105.1757938124583,497.9215577074448,2074.306702686383,502.82824209955,2127.0937456173324,524.0805327178203,1594.5,480.0,2005.2,480.0
2022-01-13,2022-01-13 04:00:00,5,primary_54,2103.0,446.7,2015.6995845117583,537.2952808913491,2039.269505955963,479.7957496687145,2111.7622385213253,488.380079273936,2081.9527019063244,491.266016550189,2135.344445957548,520.7530420754599,1620.0,492.9,1985.4,445.2
2022-01-13,2022-01-13 05:00:00,6,primary_54,2151.3,426.9,2099.707363569912,502.53121371640674,2089.9999922758257,460.9847312452739,2141.347142339712,476.63241655293416,2116.7705141462066,476.99028646383147,2155.1094733862296,517.3075891266411,1680.3,492.9,2089.8,450.3
2022-01-13,2022-01-13 06:00:00,7,primary_54,2259.6,446.7,2201.949847000714,446.1894132182,2200.3857321998275,451.2355391686687,2228.942350748776,454.86167392563647,2230.138622520545,461.68397342910816,2252.574563506972,497.78085585223766,1787.1,502.5,2229.9,461.1
2022-01-13,2022-01-13 07:00:00,8,primary_54,2416.2,534.9,2352.4360360889127,443.3800588240047,2355.621108463834,477.3717516002921,2388.4086685879333,494.5158710805269,2369.620419148673,484.8567182595791,2391.668080740561,506.6248663499772,1887.0,529.8,2360.4,533.7
2022-01-13,2022-01-13 08:00:00,9,primary_54,2886.6,906.0,2635.143776601606,805.7704671868884,2695.427430544883,806.6690458978538,2716.589610995753,826.5781605013982,2677.4898070197773,796.1739243032633,2684.036730936078,818.6813576444557,2384.4,917.7,2662.2,888.3
2022-01-13,2022-01-13 09:00:00,10,primary_54,3083.4,1085.7,2781.02987648568,1104.255088638048,2896.821190639984,1104.839621811463,2878.497218796309,1092.511676439407,2859.699750171424,1063.9914251866933,2902.405541346766,1067.570496726229,2699.1,1234.2,2910.6,1124.1
2022-01-13,2022-01-13 10:00:00,11,primary_54,3024.3,1015.2,2739.9534085582213,1111.340391992633,2882.8698938013817,1127.6975697221594,2894.112446383251,1129.8087457910206,2871.6791684473246,1102.9080851615624,2900.0313911789613,1103.7374543200558,2467.2,1198.2,2910.9,1111.5
2022-01-13,2022-01-13 11:00:00,12,primary_54,3068.7,979.8,2772.135472512465,1068.373024722538,2844.20344630813,1102.8416036176482,2867.8154340378787,1121.3408184846242,2842.291987646044,1096.2446248270192,2871.4749756761835,1102.2618364642665,2364.0,1134.0,2858.4,1076.7
2022-01-13,2022-01-13 12:00:00,13,primary_54,2990.1,967.8,2688.458842580893,1025.6325573135975,2781.788451917989,1045.2537374305498,2797.232717439083,1069.1379614617183,2789.433786369917,1024.4366746690196,2816.8807456167065,1041.3047209149515,2286.6,1106.1,2807.7,1027.2
2022-01-13,2022-01-13 13:00:00,14,primary_54,2956.2,1046.4,2703.2915079462805,1002.0516956192744,2762.904627672714,1092.284283670971,2800.973436347159,1099.328637168967,2774.7524351216966,1080.2901817525849,2823.233306342055,1065.849362153724,2477.1,1209.9,2886.9,1062.6
2022-01-13,2022-01-13 14:00:00,15,primary_54,2978.4,1026.9,2728.777366408537,1022.449548605908,2757.2274696132104,1086.144907471977,2815.1943611991237,1105.1593282705212,2768.467739272356,1108.19017750555,2839.7020886703945,1066.0415963097153,2619.6,1110.6,2860.2,1064.1
2022-01-13,2022-01-13 15:00:00,16,primary_54,3077.4,1046.1,2718.760679021369,1006.4573548102488,2734.9669179609023,1025.8994088467084,2801.945165439258,1040.7700727872325,2738.1638703839794,1032.0888693171978,2827.723375949104,1040.50243164084,2334.6,743.0999999999999,2856.3,1008.0
2022-01-13,2022-01-13 16:00:00,17,primary_54,2784.6,720.5999999999999,2568.748963282844,783.83422780898,2624.640800318697,809.7485530604472,2642.2746408221715,800.0549572244579,2608.752199675899,816.9423188210058,2651.647822744446,780.1161488683191,2387.1,661.8,2707.2,703.8
2022-01-13,2022-01-13 17:00:00,18,primary_54,2791.5,662.1,2618.34290616156,729.0578622548153,2637.313337591229,723.0052388057843,2615.4209453370545,678.4989711152358,2610.7342102446014,715.3990037791248,2633.025615133732,701.2709348824123,2335.8,604.5,2740.2,578.1
2022-01-13,2022-01-13 18:00:00,19,primary_54,2769.6,636.9,2646.286286203743,762.4182050807377,2652.10396441748,710.5998953811313,2604.7622532602977,647.1177820951872,2609.029128257687,696.1534722095682,2613.476972721606,665.9950945274785,2214.0,522.9,2778.3,557.4
2022-01-13,2022-01-13 19:00:00,20,primary_54,2680.8,566.1,2543.54762989839,662.250456988921,2590.77957422159,662.3758582193464,2550.046713466149,627.4048458846034,2549.847804128376,641.7711005480377,2557.0170633770445,626.8352947212974,2102.7,467.4,2737.2,577.2
2022-01-13,2022-01-13 20:00:00,21,primary_54,2618.1,532.2,2462.899727309524,640.5536807062972,2529.462684749149,641.7946362546908,2470.859795552028,622.0784103933057,2481.4379977213644,616.6841224964373,2500.836299921694,612.329698775277,2081.4,468.3,2663.7,540.9
2022-01-13,2022-01-13 21:00:00,22,primary_54,2541.3,538.2,2464.269213529169,635.4170619597172,2487.8618733486883,642.7035444034956,2422.52769518627,612.7157045470369,2428.975491919298,613.6475087369387,2434.053983541498,591.8256831470956,2005.5,464.7,2599.2,524.1
2022-01-13,2022-01-13 22:00:00,23,primary_54,2436.3,519.9,2380.39855615964,638.424863720605,2412.5474386622536,637.3063312954883,2345.418555874738,599.5874997648815,2336.3251363597024,599.253726513251,2347.8485980029136,568.2708732912834,1911.9,460.5,2534.4,537.3
2022-01-13,2022-01-13 23:00:00,24,primary_54,2309.4,530.1,2251.871411600608,605.0096793179332,2255.9021952664657,608.4301270961527,2181.793742515163,559.7040718720312,2183.108258418832,569.2786772340411,2203.8891685204426,537.2786782667683,1811.4,462.3,2353.8,508.2
2022-01-14,2022-01-14 00:00:00,1,primary_54,2176.5,489.6,2202.816483235801,509.98365017154026,2167.511227065544,517.9251150356295,2179.494792103363,521.2921761391559,2154.297478630911,518.8241003203292,2155.5186325785685,522.9219345198171,1693.8,468.3,2213.4,475.5
2022-01-14,2022-01-14 01:00:00,2,primary_54,2061.3,471.0,2113.760662873493,493.02192841850285,2080.091371046655,504.6626341097473,2079.724127776348,493.8642878860307,2053.253440886342,512.7050828789837,2062.045940928393,514.2697243479557,1601.4,441.3,2131.8,474.3
2022-01-14,2022-01-14 02:00:00,3,primary_54,2006.7,467.1,2021.299212157548,471.9939100229765,2020.9798467168507,499.1999995017515,2013.3898473061429,487.8598427063157,2011.8025077475409,498.9462582988658,2034.2221988928509,503.3822561255597,1545.0,435.0,2118.9,463.2
2022-01-14,2022-01-14 03:00:00,4,primary_54,2077.5,495.3,1934.078999555977,484.0931427605975,2005.8132031502585,492.2204125572019,1983.3685652485872,478.61228373050136,1986.4417757203837,487.12326593219245,2026.71848518801,486.3142269323051,1513.8,417.6,2109.6,464.7
2022-01-14,2022-01-14 04:00:00,5,primary_54,2094.0,499.5,1937.824899353173,460.31877900245007,2012.539248258702,481.9626228015852,1972.2892163066144,464.9532032923085,1987.099140466628,476.06710879832485,2018.232810019741,477.0381893686944,1506.3,415.8,2103.0,446.7
2022-01-14,2022-01-14 05:00:00,6,primary_54,2118.0,482.1,1991.834324820096,479.8318745036256,2064.632279673869,472.7787484277637,2022.2710739119063,467.0066746448733,2031.5972132094169,463.6449873390306,2045.601288299946,458.5910878891019,1541.1,414.0,2151.3,426.9
2022-01-14,2022-01-14 06:00:00,7,primary_54,2193.6,471.3,2084.2847089639968,471.507437045874,2120.416727782845,464.42444511402647,2071.304318391169,458.489346296884,2072.623125024742,453.2629259631415,2087.78951302424,449.6492302849857,1589.4,412.2,2259.6,446.7
2022-01-14,2022-01-14 07:00:00,8,primary_54,2201.7,456.3,2197.0577136925203,479.9970301925847,2268.3903665385897,488.94390178731663,2154.8684536014835,498.6914572733624,2152.345993346105,487.4459909926068,2165.3866933559298,495.016453933198,1632.3,403.2,2416.2,534.9
2022-01-14,2022-01-14 08:00:00,9,primary_54,2356.2,583.8,2497.6926818756333,838.3835979014242,2571.3598988041504,789.3237728631124,2531.968153214917,784.191922804404,2511.2400266673744,786.0564051642508,2553.924950025553,807.5753390570721,1911.9,496.8,2886.6,906.0
2022-01-14,2022-01-14 09:00:00,10,primary_54,2632.5,921.3,2698.8657713539465,1116.797585084439,2764.6295401034017,1116.0609315170157,2735.019262471006,1066.3534032302985,2735.4856104225864,1095.1661430928334,2757.6315534679998,1116.788828587418,2050.5,549.3,3083.4,1085.7
2022-01-14,2022-01-14 10:00:00,11,primary_54,2810.4,1098.3,2747.5846923214904,1090.9281426662246,2784.9101378818104,1133.2973213357925,2761.944810263569,1066.2720428593375,2796.915047550612,1125.0094316923928,2799.99567681646,1164.2486250623158,2041.5,527.1,3024.3,1015.2
2022-01-14,2022-01-14 11:00:00,12,primary_54,2849.4,1187.1,2692.920462089676,1083.7557339990224,2753.656784643604,1107.8399626290495,2738.392080476184,1058.4414661756823,2773.603158094213,1089.5345935978853,2791.634407575433,1146.988233210943,2022.0,503.4,3068.7,979.8
2022-01-14,2022-01-14 12:00:00,13,primary_54,2723.7,1097.4,2690.1786571521893,1063.2086119737403,2725.9248298644948,1078.867957425884,2744.9507327364304,1041.6386187962914,2759.0327182166134,1070.1226091369497,2779.148112756729,1094.9615110933712,1996.8,499.2,2990.1,967.8
2022-01-14,2022-01-14 13:00:00,14,primary_54,2674.8,1096.2,2666.82932949948,1133.2189357178695,2749.7520965061303,1174.06373277147,2752.0124385362587,1135.53251125231,2747.006160441657,1141.825093314391,2797.07076263286,1175.4695829798793,2008.8,515.4,2956.2,1046.4
2022-01-14,2022-01-14 14:00:00,15,primary_54,2674.8,1124.7,2667.582559012228,1075.6631120096963,2743.814563537024,1156.0838088092205,2757.2839318705846,1091.2958652146492,2749.337377142115,1123.4346047357496,2780.885088104992,1181.7738085993071,1945.5,489.6,2978.4,1026.9
2022-01-14,2022-01-14 15:00:00,16,primary_54,2625.3,1027.8,2657.4923497968007,1026.5965706815314,2707.568615380348,1089.46157910753,2733.4787785052745,1036.8301761988964,2722.058374837667,1053.80746971676,2756.3669739744937,1119.5113144654551,1900.8,435.0,3077.4,1046.1
2022-01-14,2022-01-14 16:00:00,17,primary_54,2366.7,957.0,2533.904491584338,884.321560777861,2604.10320372194,873.8196228996527,2617.545577553518,796.7235328291705,2614.42972941973,818.8681794799091,2606.2400742909817,889.6433020631379,1946.4,419.1,2784.6,720.5999999999999
2022-01-14,2022-01-14 17:00:00,18,primary_54,2424.397252032799,524.7,2654.9351892947743,811.695368413733,2624.5628249366823,803.9907485972515,2649.512328360373,722.2284160418394,2637.281154648328,735.1475750592559,2630.4586945671117,810.3035543187655,2064.3,447.0,2791.5,662.1
2022-01-14,2022-01-14 18:00:00,19,primary_54,2421.628016495201,450.9,2645.127467588431,785.7374125430597,2642.051515281453,759.7818000529129,2635.89294723669,698.3836948545157,2627.1011148252087,699.7939736799642,2656.0688160513896,733.503342766571,2098.8,461.1,2769.6,636.9
2022-01-14,2022-01-14 19:00:00,20,primary_54,2361.715442112153,355.8,2603.4800162323654,706.8919418224999,2580.449108864651,695.4711444193216,2593.5919932929637,629.546381128639,2543.2022895079062,636.9623024855445,2559.4299418288783,636.6148127406158,2092.2,457.8,2680.8,566.1
2022-01-14,2022-01-14 20:00:00,21,primary_54,2312.965171852091,325.8,2533.0030624761,672.1805101969633,2515.07452915208,668.6056776222875,2502.6565177313546,608.0726345712181,2471.56248101076,603.8854454346156,2479.132203599808,606.623255733142,2127.9,488.4,2618.1,532.2
2022-01-14,2022-01-14 21:00:00,22,primary_54,2259.06543986859,321.0,2470.3887411218584,699.5784063500314,2468.37264440688,662.3815217195425,2458.136771194484,600.2260881195817,2410.1305205914523,598.608202089257,2417.3133198324367,591.554938660846,2082.3,488.7,2541.3,538.2
2022-01-14,2022-01-14 22:00:00,23,primary_54,2163.527125175605,313.8180479390959,2400.624536909376,699.469563647741,2381.861190536944,650.9247650660234,2401.38243954284,575.5001550280646,2313.1682134400035,583.4423812609285,2335.993574007512,586.0535632891323,2036.4,490.8,2436.3,519.9
2022-01-14,2022-01-14 23:00:00,24,primary_54,2017.124193711308,321.6,2235.0529073058588,679.0997746516263,2210.586734242807,625.4373473103719,2207.300763943911,545.7637362056033,2146.6024929953755,563.6092437237064,2189.2924617527424,555.2786128200206,1911.6,467.7,2309.4,530.1
2022-01-15,2022-01-15 00:00:00,1,primary_54,1879.525866428754,327.0,1952.789963600669,363.1141834178679,1912.428019595181,380.1683936009021,1904.1717604938344,369.10820817137255,1921.973514820773,374.3738724868825,1922.015273702,376.2307317031924,1796.4,444.0,2176.5,489.6
2022-01-15,2022-01-15 01:00:00,2,primary_54,1788.648878242023,334.5,1896.7713014475903,391.0286298854551,1864.019700681285,381.3636556094405,1841.6020914807973,362.4083773135594,1855.3905947158244,375.36706690785456,1826.1733606118369,375.1519837019671,1710.0,423.9,2061.3,471.0
2022-01-15,2022-01-15 02:00:00,3,primary_54,1739.340831033208,339.0,1862.777728085616,392.81501694191655,1845.329105710074,379.5510924511056,1817.5791770334577,360.7563120927821,1829.6803706440105,373.18149000182905,1785.0635228651074,373.0257641994315,1677.3,428.4,2006.7,467.1
2022-01-15,2022-01-15 03:00:00,4,primary_54,1736.753256583293,332.4,1872.0073614097407,398.159798630632,1855.54730277992,383.06713600299,1802.9766582970676,375.4358878304453,1816.4687549927528,376.2670179580511,1794.6669953564665,377.0612198211383,1683.9,440.4,2077.5,495.3
2022-01-15,2022-01-15 04:00:00,5,primary_54,1740.539516746972,321.5457888872702,1878.821385569117,384.7033005261174,1888.556136401148,390.7056708832806,1811.5169349944256,370.2088804895994,1823.9288500645853,380.1590752421592,1814.789853876376,387.4512515008301,1662.0,418.2,2094.0,499.5
2022-01-15,2022-01-15 05:00:00,6,primary_54,1465.5,396.0,1887.35352447806,416.72205180653225,1968.0132042977384,397.9854074992241,1855.8210716176327,375.2205746474672,1877.4383067508784,378.2877972865912,1862.7832750156,385.1372019762154,1675.8,401.1,2118.0,482.1
2022-01-15,2022-01-15 06:00:00,7,primary_54,1538.242873245629,378.4494565597967,1958.2366483156893,389.1756230736468,2036.355776746401,398.5613563507165,1939.769117779082,379.5757915958882,1935.230994376807,373.1003181226749,1911.6883559383284,389.3538239705151,1717.2,387.9,2193.6,471.3
2022-01-15,2022-01-15 07:00:00,8,primary_54,1632.297836238003,391.7566830300462,2019.5934348253804,389.6866931314283,2094.338290251839,430.9822579982649,1997.737462842156,413.8856676781155,1996.0825325930723,416.0378296568872,1964.0527864549356,431.0765534608647,1775.4,399.6,2201.7,456.3
2022-01-15,2022-01-15 08:00:00,9,primary_54,1932.549780026162,333.3,2219.928006201107,500.8765612046407,2361.799790094963,597.4050959153467,2273.761429175158,565.5577069686608,2271.3956094849623,580.8478121571824,2217.3485446535324,584.0812151024812,2029.8,507.0,2356.2,583.8
2022-01-15,2022-01-15 09:00:00,10,primary_54,2173.555788782783,554.6999999999999,2424.6238605005565,552.8690648348614,2534.28061131308,685.8189333211076,2404.8814628745936,669.9677788622699,2386.8889982760347,676.4614835580747,2331.979314807967,684.6272457303362,2111.4,521.4,2632.5,921.3
2022-01-15,2022-01-15 10:00:00,11,primary_54,2209.359802481807,536.7,2429.411277905136,570.6118129553145,2541.020373508065,694.4616552758197,2416.3332013096865,663.6609656630283,2401.359811970864,679.1536996998882,2355.602381001877,663.4365699652786,2155.8,535.1999999999999,2810.4,1098.3
2022-01-15,2022-01-15 11:00:00,12,primary_54,1802.1,579.3,2391.2900787361286,583.8093625340797,2508.0019950530705,686.6691771833916,2396.846495579888,659.2551808979995,2380.3336528299137,666.3793764741771,2331.420639754787,625.8186020001544,2103.0,500.7,2849.4,1187.1
2022-01-15,2022-01-15 12:00:00,13,primary_54,2399.1,676.5,2288.473718440632,566.8873013406727,2426.4215418262124,669.1601696593639,2327.759747865407,624.8602626006905,2300.3653928237027,644.5139800340244,2273.803177602687,620.0504060025655,2073.3,514.8,2723.7,1097.4
2022-01-15,2022-01-15 13:00:00,14,primary_54,2403.6,722.4,2312.391745381768,622.0416792365608,2426.885619298595,696.6816311133138,2295.8106142977504,639.7037391831684,2294.5684649592595,659.3950458774642,2261.330587808334,653.1713353676561,2068.5,541.5,2674.8,1096.2
2022-01-15,2022-01-15 14:00:00,15,primary_54,2505.9,758.0999999999999,2318.492304716847,649.8197624773178,2430.6959765730894,691.7496451719954,2287.191933949238,651.3909382151662,2299.4153336428503,663.8341875544085,2272.9342500571206,660.9537308662537,2053.5,521.1,2674.8,1124.7
2022-01-15,2022-01-15 15:00:00,16,primary_54,2430.753022975834,515.1,2214.3035389593483,643.2342670627379,2380.080152147921,664.1841552246373,2257.1192519384326,635.1202453055588,2272.871246003687,652.6012408710117,2224.634745338677,634.5604381375788,2100.3,509.1,2625.3,1027.8
2022-01-15,2022-01-15 16:00:00,17,primary_54,2423.7,574.5,2235.9388383592845,562.3236150004631,2302.135508349895,624.4524743159161,2222.555610028987,584.2144740334265,2239.5727760919654,599.0348928992008,2233.8855007294337,585.3579152035643,2112.6,438.9,2366.7,957.0
2022-01-15,2022-01-15 17:00:00,18,primary_54,2572.2,589.2,2317.610580999636,517.340781587682,2358.572184117432,594.8604456802688,2271.239527733648,540.8216519802172,2287.565283722595,563.6956330034908,2311.883198307599,538.1288781054031,2173.8,427.5,2424.397252032799,524.7
2022-01-15,2022-01-15 18:00:00,19,primary_54,2538.3,583.5,2374.960599786797,493.6593362592105,2388.6144888432787,574.1772812077559,2284.3901782311245,506.8857927477948,2313.728474959349,535.0014799480875,2326.497807640977,491.6728905776901,2152.5,414.3,2421.628016495201,450.9
2022-01-15,2022-01-15 19:00:00,20,primary_54,2428.5,533.4,2342.7979511774524,478.2342931363299,2333.626602663659,540.6965884376335,2248.7675902041087,483.110147945448,2272.170553287074,498.7112893683792,2247.3592221205918,475.21771365813487,2166.6,424.5,2361.715442112153,355.8
2022-01-15,2022-01-15 20:00:00,21,primary_54,2364.9,528.6,2306.0081502883645,457.9541427428179,2281.04036228832,521.1171586026954,2204.43216418725,475.8038589883082,2211.743186359088,478.26929435427314,2224.4700289281013,467.2919283275119,2145.0,428.4,2312.965171852091,325.8
2022-01-15,2022-01-15 21:00:00,22,primary_54,2349.6,536.7,2216.94102070002,400.4614995695797,2208.98017255474,507.3805581461116,2132.248344798288,469.5145792680188,2136.752533849793,467.68885834278535,2139.173556942742,451.48562271492216,2102.4,443.1,2259.06543986859,321.0
2022-01-15,2022-01-15 22:00:00,23,primary_54,2227.2,524.7,2088.3196803469978,395.6627943141252,2105.2067393550747,489.35000888755695,2050.3040462749523,441.5415729633542,2053.3397848732284,458.3705056077626,2048.4996333024337,445.7583472949991,2015.7,440.7,2163.527125175605,313.8180479390959
2022-01-15,2022-01-15 23:00:00,24,primary_54,2073.0,505.8,1924.9327777844912,403.1729096952963,1958.4262927315488,469.3979107497955,1897.093176431974,421.0655744546059,1909.8476769924296,446.1727430361191,1904.3784569408265,447.07164335622434,1883.7,427.2,2017.124193711308,321.6
2022-01-16,2022-01-16 00:00:00,1,primary_54,1948.2,489.0,1927.057085952352,479.3124432922548,1892.8541306147888,486.5233862703014,1907.1369901772948,473.690498412054,1873.8241988044329,474.2585531901,1915.2209148471852,479.9721530322644,1734.6,424.5,1879.525866428754,327.0
2022-01-16,2022-01-16 01:00:00,2,primary_54,1855.5,477.3,1844.2844208848933,468.9340131109162,1797.391272202572,470.8380304544881,1791.6314204888045,454.7681004971768,1758.055836707981,451.6297497869958,1825.2218108962145,453.7665970602317,1674.6,418.2,1788.648878242023,334.5
2022-01-16,2022-01-16 02:00:00,3,primary_54,1793.1,471.3,1791.3248637911902,447.7350971546354,1747.3213372652876,455.4471067012412,1719.973390923956,435.35421385578815,1682.144872813171,438.04329490620006,1734.3725596259028,438.78195171792026,1612.8,406.5,1739.340831033208,339.0
2022-01-16,2022-01-16 03:00:00,4,primary_54,1759.5,450.6,1742.9911117082909,431.5269510185422,1709.356262660021,449.16265346402935,1695.2026820943204,426.6104929921672,1653.8157953835987,427.34740857483007,1699.753289060004,426.33420601296575,1618.2,406.8,1736.753256583293,332.4
2022-01-16,2022-01-16 04:00:00,5,primary_54,1753.8,449.7,1728.1078283026063,429.73632682383936,1696.767171135933,436.3044590745522,1692.3267890415293,425.5515056558494,1651.6793098855196,420.06994398665296,1712.2273428649687,431.1861601211425,1654.5,417.6,1740.539516746972,321.5457888872702
2022-01-16,2022-01-16 05:00:00,6,primary_54,1792.5,447.9,1663.9251153397156,425.18959078932335,1662.15006803653,426.329873886616,1641.0684773739597,418.3318085752531,1598.7613893824123,419.7284527192127,1653.2655585048633,437.4241676734995,1648.5,400.2,1465.5,396.0
2022-01-16,2022-01-16 06:00:00,7,primary_54,1815.3,445.8,1676.7461865822388,416.58419731908873,1682.266761839882,417.5920678336876,1668.798085675806,408.3498746173309,1620.3314930880213,413.1684460924616,1705.1541854585034,438.37382651699255,1684.8,397.8,1538.242873245629,378.4494565597967
2022-01-16,2022-01-16 07:00:00,8,primary_54,1843.5,448.2,1743.2980724001336,424.0868255555689,1756.7136737882263,438.0145809048416,1774.2700998514922,443.7576501266289,1706.855143987999,441.5083286243914,1809.6674171294371,459.9538772053998,1757.4,432.6,1632.297836238003,391.7566830300462
2022-01-16,2022-01-16 08:00:00,9,primary_54,2067.9,531.6,2067.516430856034,529.9466840787568,2038.6167124335448,566.8330088595129,2084.66465690877,554.6732627484183,2019.7446519390865,541.6923395711964,2098.4265336978874,563.9804058784318,2096.4,633.9000000000001,1932.549780026162,333.3
2022-01-16,2022-01-16 09:00:00,10,primary_54,2304.3,633.9,2186.533951347485,597.3044371853643,2246.195539728852,612.1349325819848,2271.2079670425005,647.7944050981262,2265.50988309829,609.9082693680416,2303.806561960833,640.89376104461,2392.8,958.2,2173.555788782783,554.6999999999999
2022-01-16,2022-01-16 10:00:00,11,primary_54,2355.6,630.0,2209.1203449414065,626.4578882180157,2254.493395298344,604.7502516194678,2314.236780728824,660.1083307467875,2297.6659077044587,620.6550399436293,2329.988512737229,670.0553845271961,2479.8,996.3,2209.359802481807,536.7
2022-01-16,2022-01-16 11:00:00,12,primary_54,2290.5,572.4,2051.691541320979,617.3886673847622,2124.1844971912487,595.6780007983598,2202.9202384762784,652.722167312866,2171.9192196689646,626.4164346966805,2239.298716585226,668.439675757933,2469.3,966.0,1802.1,579.3
2022-01-16,2022-01-16 12:00:00,13,primary_54,2300.7,561.3,2261.0798683726707,587.7268138573813,2181.54331511575,576.6825048145563,2270.5605465240897,650.8829474241037,2257.186623419577,617.5321205684508,2334.2098962335504,641.1892558994153,2462.4,946.5,2399.1,676.5
2022-01-16,2022-01-16 13:00:00,14,primary_54,2242.2,542.4,2322.5342581763744,625.5327843727566,2209.891274297237,590.755786249038,2323.698208735434,666.7161682541035,2312.421465849862,632.0722455619167,2389.2453458988484,657.255538554999,2439.9,889.5,2403.6,722.4
2022-01-16,2022-01-16 14:00:00,15,primary_54,2200.8,529.2,2370.991985466899,647.6009920031906,2225.627320538796,589.1475966033881,2365.744091327777,686.3488554583482,2329.905998487997,642.0760742048848,2406.46232487062,650.2344571017484,2413.5,866.6999999999999,2505.9,758.0999999999999
2022-01-16,2022-01-16 15:00:00,16,primary_54,2244.6,568.5,2405.2812970016967,635.8594215134642,2225.548471511572,579.3477584765988,2380.3331337133977,645.3374077026781,2359.6842711479785,639.8224679053225,2417.9146496093217,624.8881272013805,2461.8,931.8,2430.753022975834,515.1
2022-01-16,2022-01-16 16:00:00,17,primary_54,2209.2,513.9,2381.950901515561,594.6546118864844,2221.5701081303105,544.6005240015179,2388.232598072313,572.2863373045905,2345.837730912175,578.4601336600691,2396.890865041506,572.7096479562597,2456.4,847.8000000000001,2423.7,574.5
2022-01-16,2022-01-16 17:00:00,18,primary_54,2320.8,485.7,2424.8187866844414,531.0783903517339,2288.1562071701364,515.5020177431328,2427.299216644561,527.6681421097342,2385.9138988322843,530.2711199483402,2450.86354168683,532.8722948542762,2492.1,832.5,2572.2,589.2
2022-01-16,2022-01-16 18:00:00,19,primary_54,2406.6,514.2,2470.9721669057567,482.1100586221578,2328.1807473685644,511.9520057483935,2439.200896477615,525.572535996456,2405.3285531471333,516.3514480398962,2460.184091848685,523.438725548517,2458.2,756.3,2538.3,583.5
2022-01-16,2022-01-16 19:00:00,20,primary_54,2423.1,531.0,2395.776805644777,525.2766086113693,2318.328552612188,500.45065645531145,2398.1301472454934,534.9833988021046,2381.56327299585,516.1961547485945,2433.159482789064,537.6012679568155,2311.5,515.7,2428.5,533.4
2022-01-16,2022-01-16 20:00:00,21,primary_54,2365.8,498.3,2347.443459350979,533.3192191200785,2290.5165585238574,496.23635038753895,2377.2040096883966,542.9558886111549,2344.7246882984605,516.0077377098206,2388.38284977155,525.4240392995632,2279.7,488.1,2364.9,528.6
2022-01-16,2022-01-16 21:00:00,22,primary_54,2305.5,503.7,2291.4531666178623,501.0244403294111,2251.136397421481,491.97685551083407,2337.1009932114816,532.6863252563405,2301.805505449926,512.3715210432155,2357.6477797916136,527.1428638443576,2255.1,498.0,2349.6,536.7
2022-01-16,2022-01-16 22:00:00,23,primary_54,2169.3,499.5,2173.824997599852,485.346270637605,2158.70579078421,490.7210605322226,2202.285221199233,524.2842789896364,2189.690908767523,506.4485299800712,2203.685744048471,503.9358677693659,2116.8,491.4,2227.2,524.7
2022-01-16,2022-01-16 23:00:00,24,primary_54,1989.9,462.9,2018.526377847605,463.76464167400746,2016.059013722398,476.4422055091308,2055.79849680856,500.0425386627949,2010.1311978523115,488.0831590955448,2017.1928473410385,488.5851282255938,1969.5,478.8,2073.0,505.8
2022-01-17,2022-01-17 00:00:00,1,primary_54,1890.6,476.7,1817.904506611727,432.58870572645947,1894.934063911288,455.613162486025,1867.490709522383,458.49192958233095,1876.1003349572115,453.1344150375001,1867.086329007966,451.1287689355878,1800.3,429.9,1948.2,489.0
2022-01-17,2022-01-17 01:00:00,2,primary_54,1770.6,440.1,1713.4220809196252,428.394941261108,1806.476072003336,457.4219517219772,1773.455402918468,454.1277460882778,1778.7416212890112,451.7761940881126,1782.3981145844025,455.8650977904846,1727.1,434.7,1855.5,477.3
2022-01-17,2022-01-17 02:00:00,3,primary_54,1739.1,443.4,1691.5496080299772,437.9698474416596,1767.7632057173744,459.9717984290917,1723.316550701605,449.24348630948936,1738.7320429324666,449.6266404882104,1751.860293887329,451.60770489496304,1685.7,442.8,1793.1,471.3
2022-01-17,2022-01-17 03:00:00,4,primary_54,1740.0,456.0,1705.3935273334346,433.1656433809999,1751.7079231169516,461.161797299185,1742.564033978177,456.45553299432834,1737.8685139413617,452.44986285822,1763.6332788362704,461.7141406497839,1656.9,410.1,1759.5,450.6
2022-01-17,2022-01-17 04:00:00,5,primary_54,1763.1,417.9,1705.957625813596,437.9428421071926,1754.525006125214,454.53903643746287,1737.1980513991182,440.5214529022353,1737.494818614958,448.6740899816691,1747.640470437041,451.16017460013705,1688.4,406.8,1753.8,449.7
2022-01-17,2022-01-17 05:00:00,6,primary_54,1833.9,413.7,1739.935993511757,436.05066277188047,1819.2278456923216,450.5892367061891,1789.3545054593596,441.5810391100204,1797.7574273764776,443.1839486576063,1783.8379629621138,454.54280029523727,1749.9,401.7,1792.5,447.9
2022-01-17,2022-01-17 06:00:00,7,primary_54,1941.0,417.9,1821.1356336448227,453.8964829383239,1910.39891858369,452.9678893738222,1864.132623363204,441.5418132472337,1879.59973353284,438.8701363883814,1889.794833801716,449.7937173421416,1847.4,407.1,1815.3,445.8
2022-01-17,2022-01-17 07:00:00,8,primary_54,2149.8,480.9,1946.4217789277768,500.7930023039162,2027.0437994253707,475.6342935852383,1983.110587234026,470.8983845006826,1983.026105532173,471.8773063724702,1979.7125474986904,483.20087415148686,1962.6,468.9,1843.5,448.2
2022-01-17,2022-01-17 08:00:00,9,primary_54,2495.1,807.3000000000001,2254.914570321102,723.671494269219,2317.021386136247,726.537863919111,2280.29973962465,740.4226651024367,2290.008340016821,728.6516646131433,2309.8123782248767,752.097629991129,2244.3,745.2,2067.9,531.6
2022-01-17,2022-01-17 09:00:00,10,primary_54,2629.2,976.5,2446.2739118347845,1023.3175873698868,2534.268300423971,1033.1333012140328,2505.669494222606,1042.9868859068704,2511.72826158236,1043.6750990460546,2538.9898719474863,1049.7996977102125,2436.3,1041.0,2304.3,633.9
2022-01-17,2022-01-17 10:00:00,11,primary_54,2614.5,945.3,2597.11405086165,1106.850779296597,2603.677622720213,1127.7521786357124,2567.7740532834723,1103.4375973441602,2582.0497913627614,1120.4982209564905,2595.9876679101653,1122.0968840373562,2449.8,1053.6,2355.6,630.0
2022-01-17,2022-01-17 11:00:00,12,primary_54,2575.2,926.4,2607.29518025525,1116.9586630267988,2586.8173330246577,1120.313640782991,2539.528939080467,1118.5835301373618,2556.3041651053404,1131.3770883555635,2546.651350170501,1102.8390716114127,2493.3,1027.5,2290.5,572.4
2022-01-17,2022-01-17 12:00:00,13,primary_54,2662.2,1070.4,2527.526285865304,1049.7225613814169,2521.1075960842986,1077.78659632597,2489.230938296032,1082.2381741183117,2495.185316400523,1087.970620835606,2479.184688762426,1044.5623060599528,2446.5,1012.5,2300.7,561.3
2022-01-17,2022-01-17 13:00:00,14,primary_54,2682.9,1115.1,2495.8895124868336,1138.5174283256658,2541.49443690938,1120.6777590410438,2488.471448280814,1125.5840422402837,2525.843665914748,1135.55612964962,2497.128388514206,1102.4582113323977,2499.6,1008.6,2242.2,542.4
2022-01-17,2022-01-17 14:00:00,15,primary_54,2699.4,1111.5,2572.2661608441385,1167.1976321503123,2545.44568215221,1134.9010923080648,2531.4452715814105,1146.1520436243306,2535.160785679606,1149.2725025467246,2509.313084598263,1125.3190091202507,2528.4,1065.3,2200.8,529.2
2022-01-17,2022-01-17 15:00:00,16,primary_54,2671.5,1086.0,2495.1054945204346,1140.7231581911465,2526.150555349249,1069.430203429036,2514.793496616585,1095.9814833435207,2508.23923200931,1093.882115378089,2492.0132638622126,1051.215213376537,2550.3,1042.2,2244.6,568.5
2022-01-17,2022-01-17 16:00:00,17,primary_54,2702.4,1035.9,2389.294637976659,919.6708183312678,2432.435718757012,881.0446915703945,2422.8646414828586,880.4984216970661,2384.4677495878013,866.9335971739298,2376.5927980983515,835.3944705218191,2588.1,1034.7,2209.2,513.9
2022-01-17,2022-01-17 17:00:00,18,primary_54,2642.1,870.0,2375.2712880940244,778.9349889266422,2446.349427428338,779.5113168079357,2412.1777485248067,749.3294084546253,2409.05004240375,740.0422167423887,2431.039677650938,714.3584736641836,2580.3,962.7,2320.8,485.7
2022-01-17,2022-01-17 18:00:00,19,primary_54,2631.3,798.5999999999999,2414.3720621053326,754.8506254428574,2460.796768221805,755.4849922361998,2431.708209775238,697.1829006179137,2442.994016633333,687.6997963359613,2459.514664824396,686.2542975248448,2599.8,858.9000000000001,2406.6,514.2
2022-01-17,2022-01-17 19:00:00,20,primary_54,2555.7,618.3,2380.5551066625776,665.830240379725,2430.153681196151,697.8183613129961,2405.109443677306,648.1762421445875,2398.940437981653,630.0390898577053,2421.468988117535,625.2214447988133,2563.8,831.9000000000001,2423.1,531.0
2022-01-17,2022-01-17 20:00:00,21,primary_54,2464.5,571.8,2325.2204674649984,606.4892320434442,2395.1395395477284,671.1995415334521,2369.623092095222,627.0270582153628,2376.6428827592304,601.441678470551,2366.462550989584,611.773709041517,2504.4,764.4,2365.8,498.3
2022-01-17,2022-01-17 21:00:00,22,primary_54,2398.5,563.7,2325.6576686877347,617.6640491828105,2354.311368805427,665.2338441204139,2297.3936124234715,630.7894856157696,2325.6706102702747,587.3273742597631,2312.0128969184434,601.5143477375998,2439.6,725.1,2305.5,503.7
2022-01-17,2022-01-17 22:00:00,23,primary_54,2307.0,585.0,2233.045377670824,613.1170342471873,2230.5318379409505,654.2525583602172,2183.361471962379,628.2809933421221,2214.87894241166,579.782465137775,2220.480634217204,597.5708991549106,2313.0,697.5,2169.3,499.5
2022-01-17,2022-01-17 23:00:00,24,primary_54,2156.4,571.8,2049.27448996714,609.3313399771539,2062.596106871659,631.1728929872637,2006.720552166997,611.8204826051909,2026.2914712403692,553.7435236816167,2036.886258639736,581.0846687322053,2145.0,678.3,1989.9,462.9
2022-01-18,2022-01-18 00:00:00,1,primary_54,2013.6,553.8,1996.202611709574,528.0630857454242,1964.3519846580125,544.1421325394329,1940.1540616760883,532.9770474374094,1961.682250720284,526.993056798376,1957.9753310457108,529.7315383790893,1983.9,641.4,1890.6,476.7
2022-01-18,2022-01-18 01:00:00,2,primary_54,1935.6,550.8,1847.068869728183,492.4911708369255,1850.3067268285013,520.5090218341355,1858.1929595423649,506.1798081177938,1857.997279438414,502.7153404119997,1860.8995469522267,511.3834306743989,1917.9,608.4,1770.6,440.1
2022-01-18,2022-01-18 02:00:00,3,primary_54,1909.8,568.5,1821.436685150128,480.5612569503468,1798.0796863906512,493.1401761945194,1829.4781043519167,481.926735077761,1806.8096181225028,478.374571797066,1829.1213322886645,488.9255725999301,1850.1,561.3,1739.1,443.4
2022-01-18,2022-01-18 03:00:00,4,primary_54,1936.8,558.6,1825.9909332953853,465.9083465521357,1788.1802601782288,465.1178632678388,1846.9424543684545,463.07828684904433,1813.2982955669945,461.6073876958719,1835.683867490026,468.6173136856322,1878.0,552.0,1740.0,456.0
2022-01-18,2022-01-18 04:00:00,5,primary_54,1923.3,544.8,1801.3735220086444,444.54378416870594,1772.942517770608,435.1101291113623,1872.779823654792,440.4942673867969,1828.97006261128,448.0158484920921,1860.797761908398,433.30922007221903,1899.9,550.8,1763.1,417.9
2022-01-18,2022-01-18 05:00:00,6,primary_54,1980.9,528.6,1783.4581379717242,427.6949718126116,1836.9266077548173,410.8721629586442,1900.8615808795785,431.3955195387821,1910.268973619964,439.23827268112194,1913.594215932246,428.9441467876708,1962.0,543.0,1833.9,413.7
2022-01-18,2022-01-18 06:00:00,7,primary_54,2096.1,519.3,1928.57728637222,412.70044833040095,1973.618182431252,396.7195709007708,2016.1656977165287,407.5720826990495,2040.12497583963,420.8221427579775,2037.55500092628,414.9108003099777,1992.9,463.5,1941.0,417.9
2022-01-18,2022-01-18 07:00:00,8,primary_54,2222.1,502.8,2119.5787057823923,376.8086861710219,2135.4144186174744,402.9183179884213,2141.487708642666,447.0101257922968,2163.569183899919,447.64411041950046,2164.5670608156342,441.7266510114134,2133.0,497.1,2149.8,480.9
2022-01-18,2022-01-18 08:00:00,9,primary_54,2408.1,697.2,2557.68846440938,729.3790057130853,2510.460804634327,699.0010237351305,2481.94784760295,727.5235516123435,2514.5526917022426,716.846800056282,2524.235937657315,730.4294859149144,2421.0,746.7,2495.1,807.3000000000001
2022-01-18,2022-01-18 09:00:00,10,primary_54,2536.2,901.8,2862.1749804633955,1005.2403229834496,2728.7708386684053,1021.45243487808,2706.1158781440704,1005.8748677087352,2705.889436819328,1023.4492014809696,2701.4669161131483,1048.436550082178,2787.6,1129.8,2629.2,976.5
2022-01-18,2022-01-18 10:00:00,11,primary_54,2624.1,1076.7,2850.3272348865826,1001.1819834546736,2765.24127538112,1074.2157536259188,2715.6382566290254,1024.818924381318,2704.41904828055,1050.2317493052117,2720.025674781168,1057.6527031579406,2785.5,1130.7,2614.5,945.3
2022-01-18,2022-01-18 11:00:00,12,primary_54,2713.8,1198.5,2757.356418813426,970.3113487618828,2720.490129966427,1065.946152118731,2655.7838308879154,980.7438316343912,2652.411462046622,1025.4850337175571,2625.4882743452185,1038.3532697334522,2780.4,1187.1,2575.2,926.4
2022-01-18,2022-01-18 12:00:00,13,primary_54,2603.7,1197.6,2668.640680181257,924.0676220213942,2664.7497699435125,1036.8556846365398,2631.0127822714608,960.2452039052156,2628.764412906735,994.0477385075596,2590.16366926859,1015.3128868786864,2662.5,1096.2,2662.2,1070.4
2022-01-18,2022-01-18 13:00:00,14,primary_54,2556.3,1169.1,2611.4833786256786,942.4135585933792,2665.969090288886,1103.2278775136083,2625.383736312508,985.029561407518,2637.4821664509486,1035.2262049009526,2589.0691520719265,1046.8273359727066,2625.3,1075.5,2682.9,1115.1
2022-01-18,2022-01-18 14:00:00,15,primary_54,2676.3,1138.2,2609.998348579581,944.9709718800658,2667.7437584301265,1088.8187964486651,2658.4327272158143,999.3307783047962,2675.0976226431544,1050.642911374919,2599.614791463839,1048.2751785034377,2663.4,1106.4,2699.4,1111.5
2022-01-18,2022-01-18 15:00:00,16,primary_54,2723.7,1072.8,2622.6592464559526,898.5821253579037,2673.2339524008103,1013.4841533599036,2665.7338724182127,930.940583421762,2672.241575009002,982.223280028168,2601.999041745154,990.043228600079,2680.2,1038.6,2671.5,1086.0
2022-01-18,2022-01-18 16:00:00,17,primary_54,2608.2,946.5,2612.3779944644616,710.1908504755238,2592.5948231573107,827.9599093053586,2633.1409683327465,804.3956569140449,2625.912146067126,808.736957122894,2577.5570223499917,794.5087258137121,2620.5,927.9,2702.4,1035.9
2022-01-18,2022-01-18 17:00:00,18,primary_54,2581.5,800.7,2673.049662471058,625.1902691444553,2634.3496413847984,726.6454601130848,2653.072714249703,743.6618160185324,2668.2278756435444,736.7077099029568,2674.576203891647,730.8776669180605,2668.2,757.8,2642.1,870.0
2022-01-18,2022-01-18 18:00:00,19,primary_54,2544.9,744.6,2710.8099283385404,592.5248878168843,2667.117394873645,708.410169748714,2676.5446403204432,711.8289041627665,2701.335384884892,703.9658297075152,2703.248878410178,705.7164263793912,2663.1,657.6,2631.3,798.5999999999999
2022-01-18,2022-01-18 19:00:00,20,primary_54,2501.4,571.5,2657.08497716497,555.5850928509483,2615.84582926294,636.1458641610077,2640.5145158425976,625.6529156941181,2639.8507035962984,627.2037655523262,2640.6925184398942,603.2823481434908,2565.3,555.6,2555.7,618.3
2022-01-18,2022-01-18 20:00:00,21,primary_54,2340.3,475.2,2532.4371813056578,520.1012229392668,2559.840556049636,607.3667847935366,2567.807381288922,594.5072795586134,2572.983328958044,597.7749750347878,2563.779004579679,570.4281428258338,2519.4,509.7,2464.5,571.8
2022-01-18,2022-01-18 21:00:00,22,primary_54,2345.7,474.0,2482.803675032312,479.3122942047587,2488.7416642488806,592.5867045704755,2479.1885985019644,577.7310741174566,2500.5658467614367,582.6804397158625,2499.7277373077,558.8082237927745,2537.4,526.8,2398.5,563.7
2022-01-18,2022-01-18 22:00:00,23,primary_54,2241.6,480.6,2378.258638848364,466.8584246110439,2387.9268161232285,584.5634690657254,2398.17111770708,580.2749333848318,2410.227124247345,575.9322287081836,2423.901685729461,559.4162930869146,2450.1,550.8000000000001,2307.0,585.0
2022-01-18,2022-01-18 23:00:00,24,primary_54,2094.3,476.1,2228.877934447276,407.721956268248,2229.366381710395,564.4190172985633,2235.8262861238245,561.5908112766975,2244.759962868306,559.2763585837281,2277.7180573424966,551.0658906225577,2261.4,502.8,2156.4,571.8
2022-01-19,2022-01-19 00:00:00,1,primary_54,1936.2,450.3,1935.7542835237084,460.0267959779014,1949.0600220555275,467.401896036877,1960.52531297146,474.2502415833563,1985.3821845291304,467.49281406079245,2004.202919064405,477.5344254987946,2135.7,490.8,2013.6,553.8
2022-01-19,2022-01-19 01:00:00,2,primary_54,1859.7,439.5,1843.500641793693,428.057506015672,1898.936840668055,467.6247072077996,1911.4228877341584,462.24825958332696,1941.747361378244,466.6555894012948,1937.5473001194305,458.8542111698581,2024.7,462.6,1935.6,550.8
2022-01-19,2022-01-19 02:00:00,3,primary_54,1816.2,430.2,1810.847962874436,426.596233585117,1854.990064821324,462.3634195766211,1899.8786300584472,460.6147674357692,1917.2444375831528,471.2784102586965,1911.8044886382884,464.0038086103847,2012.4,475.8,1909.8,568.5
2022-01-19,2022-01-19 03:00:00,4,primary_54,1792.5,421.2,1784.0118764665674,436.9940441135292,1861.7862308325705,460.8550279610093,1886.7273290135604,468.0186613555939,1926.182135589729,475.670829337752,1909.3413204283145,473.23600928428095,2005.2,480.0,1936.8,558.6
2022-01-19,2022-01-19 04:00:00,5,primary_54,1826.1,427.5,1818.919323600298,415.8466945207664,1886.669956186373,457.26061155956194,1923.9290625875765,471.56001876643785,1943.629824835964,476.61454223448703,1911.608118369604,476.0581971368923,1985.4,445.2,1923.3,544.8
2022-01-19,2022-01-19 05:00:00,6,primary_54,1917.3,437.1,1913.55629842158,413.2624647510237,1972.5467200669152,447.7450572129204,1988.4630063823204,462.0752704085343,2006.7131168923129,465.7407038941644,1963.966954343682,464.0129088997088,2089.8,450.3,1980.9,528.6
2022-01-19,2022-01-19 06:00:00,7,primary_54,2044.5,431.7,2055.049861823913,427.5262828742615,2067.317270555551,433.6531188026536,2100.841549810778,458.75924950073113,2097.4930069329907,460.4571771881616,2078.3102124921447,459.8619577610002,2229.9,461.1,2096.1,519.3
2022-01-19,2022-01-19 07:00:00,8,primary_54,2252.7,501.9,2137.176567107216,398.19554683727785,2151.4023005941945,447.0126769172317,2215.302902408458,466.7273876646786,2205.3436755602943,472.0851191762693,2183.6727306755706,461.4364256757608,2360.4,533.7,2222.1,502.8
2022-01-19,2022-01-19 08:00:00,9,primary_54,2607.6,859.5,2523.97565872853,667.6610488252459,2479.689947682269,701.4720636698023,2505.219975269292,715.6190332495996,2524.8155493409795,711.9081878664352,2517.8285012933898,712.045114526528,2662.2,888.3,2408.1,697.2
2022-01-19,2022-01-19 09:00:00,10,primary_54,2745.6,1069.5,2647.931494489784,958.4376944700308,2670.394880584361,1000.865788163556,2674.856421758893,964.7236063119958,2671.9029027452343,995.9209518094084,2662.8479323532315,982.5241500714724,2910.6,1124.1,2536.2,901.8
2022-01-19,2022-01-19 10:00:00,11,primary_54,2620.5,954.6,2691.6826689888067,997.4913184793166,2683.093176951904,1062.488187239117,2648.653677177036,1010.9983002161584,2686.7717225561423,1060.2806476201652,2660.288722118245,1040.3924804989233,2910.9,1111.5,2624.1,1076.7
2022-01-19,2022-01-19 11:00:00,12,primary_54,2519.7,904.8,2708.662508913704,1034.2109111359125,2678.095177191272,1061.957625652846,2637.319927579519,1051.4031876637896,2673.081111862924,1075.7698646418437,2692.138783342636,1055.0912234648351,2858.4,1076.7,2713.8,1198.5
2022-01-19,2022-01-19 12:00:00,13,primary_54,2559.0,946.2,2602.4129219985152,1028.1783329923069,2596.8771015134325,1041.7299496923354,2554.2096480832524,1047.418261069458,2553.6501690818573,1057.0258326348671,2571.9485766993007,1035.1954541177952,2807.7,1027.2,2603.7,1197.6
2022-01-19,2022-01-19 13:00:00,14,primary_54,2680.8,1107.9,2575.542288991398,1059.1277266857865,2589.752542312243,1103.498093102832,2591.951248651392,1108.995216981088,2571.503329275521,1101.5286404999067,2579.7447970936514,1102.2206662201847,2886.9,1062.6,2556.3,1169.1
2022-01-19,2022-01-19 14:00:00,15,primary_54,2601.6,1093.8,2605.100539195814,1076.0025114599516,2602.975202344969,1112.5877888353775,2631.5217335341827,1114.510648026874,2592.119697368724,1114.8110690701046,2629.382363488423,1130.2953888166785,2860.2,1064.1,2676.3,1138.2
2022-01-19,2022-01-19 15:00:00,16,primary_54,2704.8,1128.0,2593.7176570746124,981.6336623958288,2576.015363216053,1010.32850197148,2568.755232494405,994.3692484823924,2575.3178914283394,1016.6570821783,2596.520485265905,1033.6686570213894,2856.3,1008.0,2723.7,1072.8
2022-01-19,2022-01-19 16:00:00,17,primary_54,2652.9,1057.8,2468.426294230073,748.4956284848076,2469.6358931554023,834.6002689173783,2468.814232070227,805.6429204030107,2462.2425177154014,842.6225989536654,2466.892414597899,835.7911934788175,2707.2,703.8,2608.2,946.5
2022-01-19,2022-01-19 17:00:00,18,primary_54,2489.1,749.4000000000001,2554.0283184018326,700.5342645625514,2540.519363072653,749.4853362188921,2548.8281062915325,733.7158120413311,2523.592259225289,759.0352471751129,2552.1495257346023,764.024897733927,2740.2,578.1,2581.5,800.7
2022-01-19,2022-01-19 18:00:00,19,primary_54,2425.8,579.0,2529.662944656201,661.6987624998848,2559.1724720385414,715.0617396887945,2556.09217145648,703.7776560825993,2544.212344556005,730.3496672924485,2567.316273865805,745.7226847117931,2778.3,557.4,2544.9,744.6
2022-01-19,2022-01-19 19:00:00,20,primary_54,2378.7,470.1,2467.423859526143,593.6327524172576,2499.612947572837,653.5788596716274,2480.5404118791603,619.9571604473347,2489.388438998879,627.262456996045,2492.072967944586,630.7174528615317,2737.2,577.2,2501.4,571.5
2022-01-19,2022-01-19 20:00:00,21,primary_54,2351.4,491.7,2456.6320516586584,593.753187932394,2451.65726394059,628.7288133375822,2411.6490487521755,589.3164614009345,2407.6465591834103,592.1808320748702,2421.8147282664195,593.9681033605841,2663.7,540.9,2340.3,475.2
2022-01-19,2022-01-19 21:00:00,22,primary_54,2275.5,482.7,2394.123937342932,550.7850835178235,2382.435098840796,609.4572063077084,2334.7778568502754,554.5737359941903,2358.8997289657123,566.1722392249437,2333.4007738497776,566.2725672468692,2599.2,524.1,2345.7,474.0
2022-01-19,2022-01-19 22:00:00,23,primary_54,2172.0,472.5,2274.60503716207,529.6689194063224,2246.1474007196366,584.5067956645343,2215.913310960093,523.1957373823177,2260.7979843470093,548.5669741996634,2221.5245987979447,550.672864764031,2534.4,537.3,2241.6,480.6
2022-01-19,2022-01-19 23:00:00,24,primary_54,1998.0,446.7,2086.751316635325,537.4178242478799,2071.490691729316,564.7894629548523,2078.156772795403,508.8936853086424,2109.8122089301723,523.1416389051531,2104.378872384377,527.0117293301562,2353.8,508.2,2094.3,476.1
2022-01-20,2022-01-20 00:00:00,1,primary_54,1868.4,424.5,1889.480884894073,434.7070387965608,1897.6537582105216,449.92700091147503,1908.9832494077743,460.84351576306767,1910.248925176719,454.9533365994894,1916.3307018930363,452.47399297116016,2213.4,475.5,1936.2,450.3
2022-01-20,2022-01-20 01:00:00,2,primary_54,1799.1,421.8,1816.6507399039567,421.24211580647255,1807.672054669648,459.3576916921662,1822.8729461537507,458.5651908280022,1837.5787084423864,465.01450456473367,1834.7434153140584,461.32240588433393,2131.8,474.3,1859.7,439.5
2022-01-20,2022-01-20 02:00:00,3,primary_54,1771.5,434.7,1743.6807993078355,429.8000489189651,1765.8107385872595,464.5020405551888,1764.9944331636727,458.5832626095258,1779.0504854936007,465.7524462647782,1796.2821381305896,460.2128458103657,2118.9,463.2,1816.2,430.2
2022-01-20,2022-01-20 03:00:00,4,primary_54,1773.0,449.7,1713.268995580885,400.6694458216933,1741.9162170015095,462.4433030027701,1743.477214150519,459.6826872698917,1747.299715719352,464.7304826146617,1764.473908715213,457.5793962326172,2109.6,464.7,1792.5,421.2
2022-01-20,2022-01-20 04:00:00,5,primary_54,1788.6,426.3,1747.9843622586254,394.968642296525,1736.292138584221,456.2759688245353,1741.082625055693,449.34655743412526,1750.5405487366306,458.6355310162883,1765.8441170581204,452.33938418054623,2103.0,446.7,1826.1,427.5
2022-01-20,2022-01-20 05:00:00,6,primary_54,1844.4,407.7,1823.182599111072,401.02500885401065,1817.415775491142,452.0973888446989,1808.2100313772964,445.3187463351741,1846.7060750098324,457.8346317659281,1829.683016426686,444.5477714872897,2151.3,426.9,1917.3,437.1
2022-01-20,2022-01-20 06:00:00,7,primary_54,1924.2,389.7,1900.3212802143887,396.0233800803557,1941.4575307290656,449.1529800158944,1953.847498722776,443.886972900638,1997.869644403149,458.0961949162752,1937.6193905738155,441.3288698196887,2259.6,446.7,2044.5,431.7
2022-01-20,2022-01-20 07:00:00,8,primary_54,2207.1,533.4000000000001,2127.3158481552123,425.8616675801097,2122.173862349028,474.2620362950421,2162.494958104165,489.6640809169392,2164.059477990307,485.4382887859544,2113.1675679326067,466.261466498688,2416.2,534.9,2252.7,501.9
2022-01-20,2022-01-20 08:00:00,9,primary_54,2463.3,834.3000000000001,2467.744337359172,717.7611817379375,2502.877777840148,768.1216188519875,2495.556782523345,827.0214339137382,2505.3794049677617,813.3496260567337,2486.913916970521,779.8905891924256,2886.6,906.0,2607.6,859.5
2022-01-20,2022-01-20 09:00:00,10,primary_54,2601.3,1011.6,2679.839479767076,1036.2720492729693,2735.314628607507,1108.0589236195813,2724.133164508813,1079.8615255922946,2741.4903224190616,1084.1918888338223,2704.9378258757183,1072.6884730838765,3083.4,1085.7,2745.6,1069.5
2022-01-20,2022-01-20 10:00:00,11,primary_54,2594.1,1039.8,2700.850198417653,1071.6498143662484,2708.919667188284,1111.8914800943794,2690.013442319694,1101.3398834853117,2711.957129411709,1085.8439414870738,2684.440498878207,1070.2707316104388,3024.3,1015.2,2620.5,954.6
2022-01-20,2022-01-20 11:00:00,12,primary_54,2592.6,1028.4,2668.669795593134,1057.5570593322989,2629.695996536776,1071.341388827428,2620.092434862789,1086.8903125110944,2612.508428468156,1081.0013833331714,2634.0311681834846,1043.520813103681,3068.7,979.8,2519.7,904.8
2022-01-20,2022-01-20 12:00:00,13,primary_54,2442.9,1005.6,2564.8684480647125,1004.1451635956336,2554.1597920899144,1033.5761159820863,2536.228766777813,1023.066134302356,2536.2625282350764,1016.1458807650808,2539.7111477886715,969.5650075183032,2990.1,967.8,2559.0,946.2
2022-01-20,2022-01-20 13:00:00,14,primary_54,2514.6,1067.7,2530.9501463045567,1049.4667769339396,2579.594464580751,1111.9898450766152,2569.951866505834,1085.4377336015248,2558.0739106035667,1074.8094893985524,2574.8125049352925,1026.7307704211642,2956.2,1046.4,2680.8,1107.9
2022-01-20,2022-01-20 14:00:00,15,primary_54,2563.8,1081.5,2576.2034246824496,1081.542764810239,2593.638789996039,1110.5030812255625,2605.098781348114,1127.8044427921764,2584.2453379841554,1102.4165459233348,2611.258229224306,1050.780284304004,2978.4,1026.9,2601.6,1093.8
2022-01-20,2022-01-20 15:00:00,16,primary_54,2465.7,943.2,2557.7767375123244,973.3693119658974,2586.418905101644,1025.870555751628,2588.682406624492,1009.2131994034788,2583.9299212192645,1019.2503175288742,2607.3299089132406,933.446807763466,3077.4,1046.1,2704.8,1128.0
2022-01-20,2022-01-20 16:00:00,17,primary_54,2299.2,643.2,2498.152348438716,820.6914510870575,2512.079496596899,858.5167666409602,2522.067076295546,853.7650510536329,2495.4183659571736,871.4211150949855,2547.788178867569,813.238745599603,2784.6,720.5999999999999,2652.9,1057.8
2022-01-20,2022-01-20 17:00:00,18,primary_54,2341.8,577.2,2548.1794130145663,706.6103933520119,2539.320989635381,789.7147188330849,2557.277620342909,776.6108624311944,2527.726268643152,778.983028678255,2539.363815126881,731.5609489506388,2791.5,662.1,2489.1,749.4000000000001
2022-01-20,2022-01-20 18:00:00,19,primary_54,2382.0,511.8,2542.5445295479435,635.2994615213807,2548.389097711868,736.5393279518213,2556.726402893785,690.2580430117996,2524.292103042864,703.1882294140427,2525.6070278608486,630.0559591892579,2769.6,636.9,2425.8,579.0
2022-01-20,2022-01-20 19:00:00,20,primary_54,2380.2,518.7,2462.861646940449,590.9154161071496,2486.022315634485,670.1721531135355,2458.404671183667,612.439895352707,2477.5152105681896,625.5300284951688,2465.5325281253367,580.7847237207267,2680.8,566.1,2378.7,470.1
2022-01-20,2022-01-20 20:00:00,21,primary_54,2329.8,526.2,2419.869583820042,570.6803279542634,2440.384105885224,643.3240123739457,2396.6722354139256,589.5731528040689,2411.868534438204,589.2614517431869,2402.7273458744558,549.484790435627,2618.1,532.2,2351.4,491.7
2022-01-20,2022-01-20 21:00:00,22,primary_54,2211.6,469.8,2315.615064476926,557.6439042421736,2348.64402081133,632.157549680583,2324.205802880592,575.6231205239172,2331.1172772956106,571.2412237301195,2331.0689584858023,528.9842267454025,2541.3,538.2,2275.5,482.7
2022-01-20,2022-01-20 22:00:00,23,primary_54,2097.0,468.0,2187.9174320417683,536.4339270445814,2235.4130535706977,614.6987567249126,2203.5588910123383,553.6145800047079,2220.491496437831,558.0154034800547,2214.725510632593,535.175865121303,2436.3,519.9,2172.0,472.5
2022-01-20,2022-01-20 23:00:00,24,primary_54,1949.7,474.9,2054.562221363697,488.7104372118953,2065.329926323878,596.6233051777739,2036.5465387864576,541.9845417769105,2053.8263614113635,545.184963412854,2038.163955905816,531.559998279006,2309.4,530.1,1998.0,446.7
2022-01-21,2022-01-21 00:00:00,1,primary_54,1849.5,490.8,1813.666836039533,448.126510399024,1822.352102206686,468.0775930899272,1848.5238487641395,453.43826729726624,1854.3636602599504,463.91180105668246,1842.2085151267484,468.4778148247608,2176.5,489.6,1868.4,424.5
2022-01-21,2022-01-21 01:00:00,2,primary_54,1771.8,486.9,1755.8003675706154,449.1168298437282,1758.8223906740225,464.08580156030274,1791.6724538483757,453.39265750324967,1790.7743791365515,461.74912106995936,1777.359372851868,482.0641330175077,2061.3,471.0,1799.1,421.8
2022-01-21,2022-01-21 02:00:00,3,primary_54,1752.3,496.5,1707.3282024727062,419.1336373812157,1728.341873092498,459.1343532191221,1760.502133382238,443.7564557427822,1758.9924763160166,457.3383381239564,1736.0001083412894,474.1455479386136,2006.7,467.1,1771.5,434.7
2022-01-21,2022-01-21 03:00:00,4,primary_54,1759.2,507.0,1714.1885947419207,422.30218790917263,1718.0440518360751,459.7385783071496,1759.8671621342407,440.2243031866301,1740.5304066232302,455.2885777968711,1749.8066850597422,479.47197105609456,2077.5,495.3,1773.0,449.7
2022-01-21,2022-01-21 04:00:00,5,primary_54,1799.1,513.9,1710.8643108417066,397.272058152009,1722.0520549737346,451.2622768312357,1765.3896093691826,431.06844868125927,1743.19817168683,443.921429000127,1747.7694546916457,465.653264326713,2094.0,499.5,1788.6,426.3
2022-01-21,2022-01-21 05:00:00,6,primary_54,1889.1,508.5,1776.378050044843,389.7067689389431,1795.5622298143028,438.93118305659374,1833.6893145768656,419.8086343120789,1824.0320983655615,429.6218873279148,1819.598636930138,445.6977935378032,2118.0,482.1,1844.4,407.7
2022-01-21,2022-01-21 06:00:00,7,primary_54,1992.9,495.0,1939.6377732315111,398.7489649261007,1927.1136669289808,438.8488309832031,1941.4738521220013,412.9386808733644,1926.629125997735,426.2141677231878,1907.1164826294969,434.5512832296526,2193.6,471.3,1924.2,389.7
2022-01-21,2022-01-21 07:00:00,8,primary_54,2138.7,535.2,2106.430067001228,445.6154317981957,2115.701380183449,472.5033910750851,2129.527416463483,489.65340223811137,2089.564630099682,474.2589114269305,2089.000625699438,480.7711765459936,2201.7,456.3,2207.1,533.4000000000001
2022-01-21,2022-01-21 08:00:00,9,primary_54,2451.6,757.2,2423.3275988194846,776.7169031851745,2449.822970002999,739.2721233414509,2413.657825840967,752.8767177265148,2385.8084665331785,745.9560441236086,2357.2248952538284,744.3406215907487,2356.2,583.8,2463.3,834.3000000000001
2022-01-21,2022-01-21 09:00:00,10,primary_54,2515.2,899.1,2658.2458976166245,1065.487136041393,2635.0681222430003,1051.7435809251356,2601.034076958636,1059.1415250895086,2580.2934161482344,1059.7547604314384,2587.1407014180254,1036.3796326499698,2632.5,921.3,2601.3,1011.6
2022-01-21,2022-01-21 10:00:00,11,primary_54,2606.4,1042.2,2700.8787787435417,1161.936958875746,2636.657573029838,1121.2762676511518,2619.2150589375224,1105.023459261664,2593.2788370475514,1087.304996473531,2634.389214597802,1071.3137598294013,2810.4,1098.3,2594.1,1039.8
2022-01-21,2022-01-21 11:00:00,12,primary_54,2539.2,973.5,2676.4779337799314,1129.2659467218496,2594.861835511867,1129.8784558104333,2597.7519411993594,1115.192589401342,2560.9141509392425,1079.9232544045028,2618.6435784582286,1104.0463280843871,2849.4,1187.1,2592.6,1028.4
2022-01-21,2022-01-21 12:00:00,13,primary_54,2502.9,909.0,2619.700978579431,1071.3868835384656,2518.231566245532,1073.789278003679,2515.25642225244,1076.2906527663658,2490.883833749627,1039.8291838097034,2544.9407840511667,1051.10222520688,2723.7,1097.4,2442.9,1005.6
2022-01-21,2022-01-21 13:00:00,14,primary_54,2459.4,883.2,2627.7389185272064,1170.232913100292,2560.397985696841,1138.1258518112088,2560.1501773263863,1136.1281547797098,2533.01686841298,1087.462164286972,2552.258658957722,1085.3526960355898,2674.8,1096.2,2514.6,1067.7
2022-01-21,2022-01-21 14:00:00,15,primary_54,2413.5,865.5,2649.544909242425,1174.702862615039,2558.551560707804,1122.1711846456055,2566.94710036739,1106.715316653499,2550.466847094879,1102.1678032474554,2590.735154206216,1099.6752744384771,2674.8,1124.7,2563.8,1081.5
2022-01-21,2022-01-21 15:00:00,16,primary_54,2462.4,856.5,2612.566883094728,1166.1028481632268,2538.766137689948,1080.1531115390685,2544.565534136433,1006.1517841546388,2528.620880945067,1040.763389593022,2535.050748536025,1030.3655353405543,2625.3,1027.8,2465.7,943.2
2022-01-21,2022-01-21 16:00:00,17,primary_54,2359.8,678.9,2476.990375035913,907.751314088996,2435.2326570899536,886.9728312411665,2385.497795609569,798.2131545994599,2396.5635716100664,833.482853792299,2407.859165767659,833.7838167497358,2366.7,957.0,2299.2,643.2
2022-01-21,2022-01-21 17:00:00,18,primary_54,2405.1,570.6,2519.7770587273776,704.8825601893324,2442.364443455331,746.9133972853281,2424.657433261977,684.7256752332347,2437.084762499928,692.6461442301735,2424.905074562822,695.941707588925,2424.397252032799,524.7,2341.8,577.2
2022-01-21,2022-01-21 18:00:00,19,primary_54,2429.7,560.1,2534.5735400241824,620.2873453158657,2446.272953324564,677.340172399246,2461.9106580710286,606.6369295022707,2422.998145489555,636.0540250468514,2420.677892976766,630.339288994814,2421.628016495201,450.9,2382.0,511.8
2022-01-21,2022-01-21 19:00:00,20,primary_54,2349.0,466.2,2449.413827008856,539.8202297267165,2380.66771998357,622.8265141789846,2432.717459800911,553.8415013199967,2366.7683546060257,571.1413960626868,2388.5918957497984,573.6871523786214,2361.715442112153,355.8,2380.2,518.7
2022-01-21,2022-01-21 20:00:00,21,primary_54,2352.3,469.5,2414.848820949003,500.9053269509295,2335.5792691311394,599.1286382528342,2374.2831323798905,534.6188007715609,2303.648645520868,537.245251708372,2342.7277930888054,542.2589729274089,2312.965171852091,325.8,2329.8,526.2
2022-01-21,2022-01-21 21:00:00,22,primary_54,2314.2,464.1,2314.377986249559,511.6613333994409,2261.676611513201,582.2404274344862,2284.9498862882983,522.4624991151411,2224.11581581524,525.7971871118349,2226.419888022384,529.9471899188524,2259.06543986859,321.0,2211.6,469.8
2022-01-21,2022-01-21 22:00:00,23,primary_54,2209.5,451.5,2135.180272445348,502.0988750244746,2127.9527704790416,568.494520659257,2167.3419823289687,508.6565154735679,2098.9684143702625,521.8252690308276,2091.043649128412,527.9393914860337,2163.527125175605,313.8180479390959,2097.0,468.0
2022-01-21,2022-01-21 23:00:00,24,primary_54,2058.0,446.1,1969.9535295469825,481.58590163672926,1980.84507976827,553.4402173689311,1985.995384390835,493.76966066524216,1956.5466810358116,510.0959313933813,1946.5275517742875,532.5223015200218,2017.124193711308,321.6,1949.7,474.9
2022-01-22,2022-01-22 00:00:00,1,primary_54,1979.4,489.6,1850.757939762373,442.086741532059,1888.027567726334,442.833756239039,1910.8656104318868,453.9775091236295,1887.136461530323,452.64191760519697,1881.909666303184,468.0876586547621,1879.525866428754,327.0,1849.5,490.8
2022-01-22,2022-01-22 01:00:00,2,primary_54,1892.7,489.9,1773.5203890592295,465.0698668921387,1791.5427119775352,446.6694815077275,1817.779866340152,470.616379680958,1805.355564583952,464.1280970523311,1779.6173725020597,478.37985582648207,1788.648878242023,334.5,1771.8,486.9
2022-01-22,2022-01-22 02:00:00,3,primary_54,1819.2,476.4,1705.410850743257,474.549510567042,1750.4093077453542,448.0284361498899,1766.4600901302958,477.1475704668089,1761.4329331819224,468.48740803292776,1756.8465922027374,475.8927735346393,1739.340831033208,339.0,1752.3,496.5
2022-01-22,2022-01-22 03:00:00,4,primary_54,1809.0,487.2,1715.0212241085942,467.2591076723736,1729.8511054212534,450.1407944663666,1758.590926248227,483.63612297694726,1745.165982071949,471.8796174094457,1741.933780530825,484.95152659330296,1736.753256583293,332.4,1759.2,507.0
2022-01-22,2022-01-22 04:00:00,5,primary_54,1806.9,484.8,1746.702618888011,471.5853155979503,1716.0703009120648,451.6805417069395,1783.4713068209542,474.0403582136163,1745.3896299841942,470.7132667521632,1734.7020392243971,489.9688036490166,1740.539516746972,321.5457888872702,1799.1,513.9
2022-01-22,2022-01-22 05:00:00,6,primary_54,1877.7,496.8,1765.0848769498757,486.1147682376758,1760.7186980953677,449.846975297888,1825.029128668428,481.1917282103162,1785.2665194519318,465.5854344928479,1763.2027279098452,481.9716439950267,1465.5,396.0,1889.1,508.5
2022-01-22,2022-01-22 06:00:00,7,primary_54,1881.9,485.4,1894.704598322404,493.8664987751419,1854.1563537417987,450.4345718507148,1886.9539479558248,461.0399945822804,1859.16471718167,457.2372083175573,1847.6453954818064,462.3429981952274,1538.242873245629,378.4494565597967,1992.9,495.0
2022-01-22,2022-01-22 07:00:00,8,primary_54,1971.6,522.6,1995.8832196005428,476.5631157308805,1982.9359335455192,472.0404212231389,1994.309105639889,473.7660529087016,1966.1523642774705,475.0524779239247,1949.659936765843,488.285886744411,1632.297836238003,391.7566830300462,2138.7,535.2
2022-01-22,2022-01-22 08:00:00,9,primary_54,2174.7,609.0,2256.955225380562,617.839452670486,2285.691680366347,616.2654275948478,2301.9730956912795,623.7393274755982,2239.4893129007296,597.1160172540579,2221.9213695819144,616.3495550008472,1932.549780026162,333.3,2451.6,757.2
2022-01-22,2022-01-22 09:00:00,10,primary_54,2283.6,679.8,2347.6340444694206,704.8795648625019,2431.0572293539885,686.4471082743835,2381.4132840276743,699.4440549934311,2372.6526306586293,666.5096011159924,2353.387561290334,698.2681463048868,2173.555788782783,554.6999999999999,2515.2,899.1
2022-01-22,2022-01-22 10:00:00,11,primary_54,2245.5,621.6,2362.3582014911294,673.1658359460947,2438.540179417564,670.1470555115474,2411.2058257020853,696.8964415153896,2405.6360464313416,675.4230559368061,2414.418116105345,675.4513483082959,2209.359802481807,536.7,2606.4,1042.2
2022-01-22,2022-01-22 11:00:00,12,primary_54,2218.8,588.6,2340.358920075304,703.2387113888662,2398.537670665534,656.6431202867313,2402.456609185683,687.4773168443951,2386.8686476154794,671.8460336471979,2396.016551135088,685.4202223457422,1802.1,579.3,2539.2,973.5
2022-01-22,2022-01-22 12:00:00,13,primary_54,2263.5,609.3,2341.239797592202,669.8624481448637,2345.350328426585,657.2411526519745,2359.2035071741398,668.3311900801269,2350.6223801705373,677.012490266696,2331.3280884757182,692.8295584435291,2399.1,676.5,2502.9,909.0
2022-01-22,2022-01-22 13:00:00,14,primary_54,2271.9,633.9,2310.097570957453,651.2134953431963,2330.936327825618,673.3184768409938,2355.8831445936435,675.131055007831,2350.420401634066,697.1861432464316,2330.191140068352,712.4741722636531,2403.6,722.4,2459.4,883.2
2022-01-22,2022-01-22 14:00:00,15,primary_54,2277.9,651.9,2326.0289880942632,660.226639097364,2329.5491725919373,678.9420279304849,2351.019172959605,674.1938136408954,2350.115386238044,697.8317190600458,2341.646075340377,722.5928038705006,2505.9,758.0999999999999,2413.5,865.5
2022-01-22,2022-01-22 15:00:00,16,primary_54,2210.4,573.6,2328.635813989196,652.3352036328154,2312.533836512388,656.584941426776,2320.711977440724,640.7315998526982,2331.56899956944,674.2659783634379,2327.569948676245,697.7317778879366,2430.753022975834,515.1,2462.4,856.5
2022-01-22,2022-01-22 16:00:00,17,primary_54,2172.9,467.7,2305.4541891667222,581.5873612121219,2240.65381068692,609.5381443419793,2292.7871997026177,583.9872407761422,2301.4146795825004,598.891449039417,2290.847194569413,609.4775074223193,2423.7,574.5,2359.8,678.9
2022-01-22,2022-01-22 17:00:00,18,primary_54,2278.2,476.4,2404.79971314722,549.1338463533963,2290.830584587472,566.9973329570063,2378.655759569953,546.5066313278991,2365.437142733568,560.481665123478,2372.818422865089,577.4154286574892,2572.2,589.2,2405.1,570.6
2022-01-22,2022-01-22 18:00:00,19,primary_54,2389.5,542.4,2376.2912987956893,557.9899431205503,2342.953257321421,558.4112771321842,2439.395827040564,544.5502173736485,2398.9106566205805,549.9770209417627,2378.852430436885,565.7663605697944,2538.3,583.5,2429.7,560.1
2022-01-22,2022-01-22 19:00:00,20,primary_54,2382.9,548.7,2276.48291718066,562.8841925185668,2307.05329727182,538.8765657378176,2358.8836144354914,523.7358034773183,2357.935588767078,525.2946583523598,2338.204444986593,533.690239918569,2428.5,533.4,2349.0,466.2
2022-01-22,2022-01-22 20:00:00,21,primary_54,2357.7,566.7,2311.71107413635,550.8516657170422,2298.539141110245,530.6642541048079,2338.3635252647427,530.6764056952007,2328.44107213654,520.168828074063,2320.737443514188,542.00234615237,2364.9,528.6,2352.3,469.5
2022-01-22,2022-01-22 21:00:00,22,primary_54,2266.2,543.9,2299.782586662817,523.6953601250809,2250.565193951736,522.4530675726626,2264.0938576680765,514.5760284469291,2274.389430136161,511.6490053917823,2271.523272385507,532.7446785966968,2349.6,536.7,2314.2,464.1
2022-01-22,2022-01-22 22:00:00,23,primary_54,2116.8,499.2,2143.2900473003738,487.421265408172,2119.3834587562847,511.96763441526105,2168.110205047024,500.5818331230491,2147.569858428094,503.942327385074,2172.8073802490785,524.796629951417,2227.2,524.7,2209.5,451.5
2022-01-22,2022-01-22 23:00:00,24,primary_54,1981.2,476.7,1990.308706263463,464.50776249064825,1968.343988524924,493.0477072281412,2014.2311445415648,484.1987747092878,1995.534338903897,479.8755285293267,2022.194559696442,498.8557175815215,2073.0,505.8,2058.0,446.1
2022-01-23,2022-01-23 00:00:00,1,primary_54,1851.0,496.8,1844.796897933724,475.6845676056352,1863.8261861361043,468.0021745548069,1855.261499757259,459.7446107875559,1877.0158972890235,465.43502474886935,1879.8315608787293,468.0776977248959,1948.2,489.0,1979.4,489.6
2022-01-23,2022-01-23 01:00:00,2,primary_54,1792.8,511.5,1794.5554798802457,473.25395592861145,1797.5601866058316,467.13204474994313,1796.807302288435,456.076354537666,1814.217551284345,464.0348221870091,1818.0329833845483,464.4207273403525,1855.5,477.3,1892.7,489.9
2022-01-23,2022-01-23 02:00:00,3,primary_54,1795.8,544.8,1769.4009980978462,477.7679241354342,1763.2312190974967,465.19888992750055,1762.3802015848196,452.5498233561025,1775.4015623979794,456.7024092550015,1780.388744961944,456.9711682702656,1793.1,471.3,1819.2,476.4
2022-01-23,2022-01-23 03:00:00,4,primary_54,1743.3,532.2,1752.6421008118334,483.75125895166894,1752.7656571135,461.5597363491912,1747.5380538162972,454.7006263123724,1764.7380648141689,453.9627657341889,1774.3564130991667,457.8228144729237,1759.5,450.6,1809.0,487.2
2022-01-23,2022-01-23 04:00:00,5,primary_54,1791.0,531.6,1763.4614685956376,469.8435583537826,1755.2024596999545,456.6300176503476,1755.3158837174294,456.6437519328881,1770.9294641536594,452.806352735913,1775.5857746597092,454.8714479799729,1753.8,449.7,1806.9,484.8
2022-01-23,2022-01-23 05:00:00,6,primary_54,1855.8,531.9,1757.7290782197313,479.5773296928684,1796.4688660010067,449.0550345068996,1824.299498775869,452.2936922063526,1829.7771905523591,456.0980945685958,1841.990506036921,449.5155519135498,1792.5,447.9,1877.7,496.8
2022-01-23,2022-01-23 06:00:00,7,primary_54,1834.2,500.4,1840.02013480187,463.68746331544287,1864.189173358608,444.6043353483092,1889.054094539708,449.4717716871833,1900.5727431747432,452.34374947045023,1909.58996229967,452.09284285024086,1815.3,445.8,1881.9,485.4
2022-01-23,2022-01-23 07:00:00,8,primary_54,1943.4,560.1,1950.5072923457387,505.0655483889046,1979.926803172278,462.0600212509811,1994.8413055138249,483.3788150789723,2008.8446776476007,481.73313609138376,2027.033170432032,482.80640794186576,1843.5,448.2,1971.6,522.6
2022-01-23,2022-01-23 08:00:00,9,primary_54,2220.9,656.1,2243.855995166023,614.2882080313009,2252.2832025140488,593.0960472929179,2277.383253584246,598.5318845971004,2284.110588377837,618.0977171790396,2288.180027763367,642.270332089469,2067.9,531.6,2174.7,609.0
2022-01-23,2022-01-23 09:00:00,10,primary_54,2367.3,657.3,2412.741158348272,712.4193346716054,2379.2316971394407,664.4006089121547,2380.2881137074223,683.3812612378001,2393.6532530585387,694.3773904455984,2383.510680143315,742.5954801236959,2304.3,633.9,2283.6,679.8
2022-01-23,2022-01-23 10:00:00,11,primary_54,2296.2,570.0,2458.9535308245604,706.5381470784828,2380.1054210255525,660.5405237880202,2401.330422147453,686.4820980487825,2435.78102110897,692.316387459003,2420.6129605818983,750.1524823719079,2355.6,630.0,2245.5,621.6
2022-01-23,2022-01-23 11:00:00,12,primary_54,2290.2,544.2,2457.5509012879243,709.0111725045817,2350.086657117268,650.9372782673668,2431.978672329514,670.6091000548817,2439.8948478584166,678.9629921053075,2436.0254667625763,726.9520246096693,2290.5,572.4,2218.8,588.6
2022-01-23,2022-01-23 12:00:00,13,primary_54,2292.6,537.9,2406.4885552461383,685.1493182590757,2277.993770846792,652.7740117868111,2365.8618833672517,676.0508086005865,2373.8946985651323,663.7767146025116,2362.37101720442,715.7466042907673,2300.7,561.3,2263.5,609.3
2022-01-23,2022-01-23 13:00:00,14,primary_54,2309.4,562.5,2364.1794904315348,744.6021328320899,2282.476360513675,675.4659707522793,2360.519208305922,672.9242778196954,2373.05606506097,675.2171038398925,2373.3075768836666,681.5169564273026,2242.2,542.4,2271.9,633.9
2022-01-23,2022-01-23 14:00:00,15,primary_54,2313.6,598.8,2319.596607299124,726.4893678204267,2276.544941562905,676.4905648154883,2346.522014818383,677.0691030066708,2366.482334672547,684.1187290913001,2349.335732734952,686.0412857640441,2200.8,529.2,2277.9,651.9
2022-01-23,2022-01-23 15:00:00,16,primary_54,2303.4,562.5,2320.840553674899,673.4857392461744,2253.396493999344,657.9778612825858,2322.33220710103,647.1033490365721,2356.5068084888103,657.0941709414195,2302.5752513010507,661.9533444067686,2244.6,568.5,2210.4,573.6
2022-01-23,2022-01-23 16:00:00,17,primary_54,2325.3,525.9,2266.113551763396,571.2088873352533,2189.783130114556,604.2448658490234,2282.762493244133,586.7712528254144,2296.882080607441,582.8095493865643,2257.282671121686,568.3612616437493,2209.2,513.9,2172.9,467.7
2022-01-23,2022-01-23 17:00:00,18,primary_54,2447.7,543.9,2313.6045197784665,533.6251539983208,2247.335075601954,567.9738868957919,2325.473556800291,555.0853921521447,2335.27458726651,542.7001621456618,2293.9956292330107,532.5218390793829,2320.8,485.7,2278.2,476.4
2022-01-23,2022-01-23 18:00:00,19,primary_54,2451.6,532.2,2396.1044034474494,524.4714198399012,2316.2570150079614,558.1369855710761,2399.440954912101,535.5631987784006,2398.059349302732,538.749605858245,2373.1238340085315,536.1035460711487,2406.6,514.2,2389.5,542.4
2022-01-23,2022-01-23 19:00:00,20,primary_54,2391.9,518.4,2408.815616196453,527.8141868285854,2325.808463132858,544.5162759545935,2412.167697659939,536.843063107848,2407.525266459016,531.731621307601,2372.153009013591,535.5789186090411,2423.1,531.0,2382.9,548.7
2022-01-23,2022-01-23 20:00:00,21,primary_54,2345.7,506.1,2394.094482450965,575.0948159720243,2313.361786365608,529.9611548045908,2396.6607261794315,538.8161421802004,2397.2828022673857,527.1941674410471,2365.272387822851,542.0900412289311,2365.8,498.3,2357.7,566.7
2022-01-23,2022-01-23 21:00:00,22,primary_54,2292.3,502.2,2328.361011909032,543.2426828825778,2245.352838541068,520.5063806142978,2317.475961646295,527.1425671017139,2322.3687813111883,522.2766371392004,2258.328669651536,534.4610596177392,2305.5,503.7,2266.2,543.9
2022-01-23,2022-01-23 22:00:00,23,primary_54,2188.8,501.0,2209.603262350747,532.4790330140557,2122.824710867839,515.7923886089318,2200.571678586134,520.1723243066583,2184.7207148329976,517.859847779883,2138.3860919037024,518.7237936469138,2169.3,499.5,2116.8,499.2
2022-01-23,2022-01-23 23:00:00,24,primary_54,2035.8,507.9,2015.3922600251087,496.3091862858988,1980.1387201994137,495.66342903953006,2041.519812081357,495.5489351073937,2016.5639288910256,487.3627920268463,1988.6580477929756,491.7976815932332,1989.9,462.9,1981.2,476.7
2022-01-24,2022-01-24 00:00:00,1,primary_54,1918.8,514.2,1892.5976481337127,506.0030949068909,1886.081372225923,494.3531528071905,1897.7256631768605,488.381196583274,1886.1638663360245,490.281719484584,1905.476786162244,489.32638005504674,1890.6,476.7,1851.0,496.8
2022-01-24,2022-01-24 01:00:00,2,primary_54,1839.6,514.8,1824.049830080913,507.5090787332843,1805.3961602053369,487.2075758624672,1813.856632258024,472.62434978863183,1816.6898005596972,480.49857591059447,1839.107153589217,471.8605380483573,1770.6,440.1,1792.8,511.5
2022-01-24,2022-01-24 02:00:00,3,primary_54,1793.1,506.7,1808.879383985368,510.07887986621,1768.0640008172747,482.4833447423185,1786.929648737636,471.3480561751937,1786.6814259969333,473.8805098184727,1835.038727760768,473.95178932508185,1739.1,443.4,1795.8,544.8
2022-01-24,2022-01-24 03:00:00,4,primary_54,1801.8,512.1,1800.427339745304,525.7057416948668,1758.0269917913877,474.0791280932295,1770.9073013922257,470.1557545524847,1778.2226842409252,473.7236693659912,1810.769470126866,477.2062725276761,1740.0,456.0,1743.3,532.2
2022-01-24,2022-01-24 04:00:00,5,primary_54,1844.4,511.5,1806.1622920815569,535.5614709835803,1773.4793734861296,467.74134217511227,1806.317658625905,464.7014926205074,1795.2268214481653,471.156982654616,1818.1122519500907,479.2293438562592,1763.1,417.9,1791.0,531.6
2022-01-24,2022-01-24 05:00:00,6,primary_54,1956.3,520.8,1905.908826518831,532.0602348877247,1836.7972124766093,459.68015380038486,1885.745982666848,469.7900586408496,1874.394079368567,469.3773484841032,1907.4764540457325,476.7560862797772,1833.9,413.7,1855.8,531.9
2022-01-24,2022-01-24 06:00:00,7,primary_54,2039.4,503.7,1971.2626466382408,525.6352071425439,1935.3957608429057,464.4303551051832,1999.2982156420649,478.6368365035244,1977.2163605852747,471.83946754363245,2004.2056196382632,484.0288204183263,1941.0,417.9,1834.2,500.4
2022-01-24,2022-01-24 07:00:00,8,primary_54,2208.0,562.2,2074.719557142151,578.355410203931,2105.473725529041,496.4473008173873,2160.49810010276,527.7969623095481,2130.535875388416,505.44134331584354,2148.58138695789,530.6172659535739,2149.8,480.9,1943.4,560.1
2022-01-24,2022-01-24 08:00:00,9,primary_54,2422.5,728.7,2445.788695463656,849.9763390107279,2429.77950338124,812.6432384533816,2475.1496922801407,862.2498173525568,2461.284177339064,806.2136422140906,2446.1416386532355,842.203021038093,2495.1,807.3000000000001,2220.9,656.1
2022-01-24,2022-01-24 09:00:00,10,primary_54,2569.5,876.0,2754.090628683971,1191.8694202844747,2694.060305832348,1089.3093929112035,2756.476980162889,1116.8976094170753,2712.6607850837117,1074.9098863417016,2736.0681658313206,1114.3866926401836,2629.2,976.5,2367.3,657.3
2022-01-24,2022-01-24 10:00:00,11,primary_54,2745.0,981.9,2808.413525117723,1218.2670997860134,2690.189556223164,1149.5472383557378,2787.876463004594,1138.7721004171651,2725.7838003535094,1127.5064695693138,2785.193905460713,1161.7478642438316,2614.5,945.3,2296.2,570.0
2022-01-24,2022-01-24 11:00:00,12,primary_54,2787.9,1023.9,2748.0600470354443,1119.678652620961,2649.6430333090207,1136.6755320051757,2736.8249146594194,1118.229642089163,2684.4549684123854,1118.940349120174,2716.012893273941,1126.9991382740889,2575.2,926.4,2290.2,544.2
2022-01-24,2022-01-24 12:00:00,13,primary_54,2710.8,963.6,2695.42844295246,1092.7231948140952,2561.9421387382986,1074.480975463865,2674.468347513656,1064.60286230194,2634.296440931329,1052.5906469725428,2631.622196730157,1041.9783955961648,2662.2,1070.4,2292.6,537.9
2022-01-24,2022-01-24 13:00:00,14,primary_54,2667.6,925.8,2666.145633921866,1138.597737825592,2576.381993554326,1127.7051915294053,2650.2906891419443,1113.8858325870142,2639.583078294674,1115.0546850519513,2627.1792266197417,1103.8646015594693,2682.9,1115.1,2309.4,562.5
2022-01-24,2022-01-24 14:00:00,15,primary_54,2652.6,873.9000000000001,2650.840163428138,1090.8971851634396,2582.490692931367,1124.2482407880264,2653.680013959662,1096.0833565292417,2656.2288613195187,1118.5101242014025,2632.693115593165,1112.749558043441,2699.4,1111.5,2313.6,598.8
2022-01-24,2022-01-24 15:00:00,16,primary_54,2711.4,909.3,2688.8000018117414,1055.152151796187,2576.807735597093,1056.3212708966637,2653.8508020528147,1027.736884409425,2645.869295311554,1042.1609878516304,2695.219810743483,996.9644891044692,2671.5,1086.0,2303.4,562.5
2022-01-24,2022-01-24 16:00:00,17,primary_54,2661.6,895.1999999999999,2568.2728166713064,842.1583269684887,2487.467042772861,868.1018232652499,2508.3603167198776,801.9421507448262,2520.000999982326,822.822749777572,2531.100352729817,823.8335619191906,2702.4,1035.9,2325.3,525.9
2022-01-24,2022-01-24 17:00:00,18,primary_54,2570.4,625.5,2553.801691228275,755.1251389464962,2548.2172683539143,773.2395492408015,2550.465036465021,710.818627829616,2556.374083406507,723.1807880172721,2561.515989556898,738.7934641456635,2642.1,870.0,2447.7,543.9
2022-01-24,2022-01-24 18:00:00,19,primary_54,2557.8,575.7,2575.8533690695863,748.0834296355558,2572.1035789788484,740.7866146752551,2589.791108306938,674.3781358456182,2585.287911449821,692.035721641158,2568.3080554407725,676.1245398972363,2631.3,798.5999999999999,2451.6,532.2
2022-01-24,2022-01-24 19:00:00,20,primary_54,2533.2,490.8,2553.8573167894715,703.9922051062092,2514.470366728415,682.3306881128414,2561.2243397566467,626.9222658525961,2542.3489428443754,640.3110304457038,2569.660475557561,651.5289740789094,2555.7,618.3,2391.9,518.4
2022-01-24,2022-01-24 20:00:00,21,primary_54,2521.8,491.7,2482.042732066394,687.6247820594652,2470.81236346132,662.6624108710262,2531.610383622078,623.363138290627,2506.358376698747,628.9262563733258,2541.758543617508,648.9682579076975,2464.5,571.8,2345.7,506.1
2022-01-24,2022-01-24 21:00:00,22,primary_54,2460.6,492.0,2441.390804848191,665.6197462730793,2396.233892505785,655.9810545827451,2454.118450983414,631.2920100564834,2441.7671353110463,619.1440900938276,2462.6300650468597,635.7087765715585,2398.5,563.7,2292.3,502.2
2022-01-24,2022-01-24 22:00:00,23,primary_54,2414.1,537.0,2298.8055321573565,636.1241957395044,2285.974244976005,648.6348856384594,2332.893375771855,620.9216688816016,2331.539393876052,613.8608865651464,2353.130665955964,639.8740956018717,2307.0,585.0,2188.8,501.0
2022-01-24,2022-01-24 23:00:00,24,primary_54,2252.4,509.4,2146.0707092315856,607.0302535535717,2115.777796061924,630.9095163213974,2178.3860999796216,606.5539743395768,2181.2778718345257,595.9879684089237,2203.2209744418383,616.6077518328545,2156.4,571.8,2035.8,507.9
2022-01-25,2022-01-25 00:00:00,1,primary_54,2135.7,504.6,1995.5657102412777,526.9130636173836,2078.653003683642,497.68206550809793,2107.78386451691,506.20051216901135,2091.972996719315,506.9864428416555,2064.8702664195407,524.7775925917869,2013.6,553.8,1918.8,514.2
2022-01-25,2022-01-25 01:00:00,2,primary_54,2092.5,527.1,1913.1205972313776,529.6946006110369,1963.4943856563043,498.8165263756981,2017.1254398634264,522.6268098471021,1990.0897052950647,506.71623920422417,1952.785185182532,526.0101448074684,1935.6,550.8,1839.6,514.8
2022-01-25,2022-01-25 02:00:00,3,primary_54,2061.6,544.8000000000001,1871.5141033645805,510.48831635113135,1901.7524252880085,490.3938335254053,1968.193723437788,518.7493186333201,1940.2511985984763,505.921020145074,1903.8406255392936,518.2994284559572,1909.8,568.5,1793.1,506.7
2022-01-25,2022-01-25 03:00:00,4,primary_54,2068.8,562.1999999999999,1877.9258622986777,520.9292463473618,1893.3352190407809,488.59048606294175,1977.6744534928184,532.6922077806312,1927.4488829173504,506.42397498798647,1917.065876026179,531.5373858792793,1936.8,558.6,1801.8,512.1
2022-01-25,2022-01-25 04:00:00,5,primary_54,2087.4,563.1,1934.705045257304,515.0334419460448,1904.414902254172,480.310937498795,2002.7607489890088,532.0396263658706,1964.4107671543072,505.8528353196284,1949.912224296656,528.548968430259,1923.3,544.8,1844.4,511.5
2022-01-25,2022-01-25 05:00:00,6,primary_54,2189.1,569.6999999999999,1967.0410611058348,503.18083735254726,2002.4268742737315,460.8194850831986,2089.0613969686524,514.711840790875,2070.062945335291,503.27153303266425,2035.6493619640717,524.8742678224216,1980.9,528.6,1956.3,520.8
2022-01-25,2022-01-25 06:00:00,7,primary_54,2255.7,565.5,2106.348746779303,492.5608207709057,2108.754015432385,453.9239835562708,2204.151271192676,515.0118524854462,2138.809537012158,497.3017654114287,2161.659913079169,522.2895819932163,2096.1,519.3,2039.4,503.7
2022-01-25,2022-01-25 07:00:00,8,primary_54,2452.2,722.0999999999999,2256.6470221207887,513.6170596860239,2266.993007467356,477.4986449839394,2347.76289100447,538.5296960074701,2289.2834626287627,524.9662412712628,2336.007329938128,553.6995826552951,2222.1,502.8,2208.0,562.2
2022-01-25,2022-01-25 08:00:00,9,primary_54,2721.9,1001.1,2614.3322135980934,762.210793586064,2596.31034494618,765.6921649946556,2676.5148398825627,810.1273473325999,2635.912687536627,811.5019206146673,2669.1217609067003,827.8230348802225,2408.1,697.2,2422.5,728.7
2022-01-25,2022-01-25 09:00:00,10,primary_54,2961.0,1194.6,2796.578215636459,1039.6775743633602,2795.3647490970816,1061.470902944366,2856.4494240658823,1077.750023934028,2823.197521774474,1039.2942596186344,2817.8283720567847,1074.929806238045,2536.2,901.8,2569.5,876.0
2022-01-25,2022-01-25 10:00:00,11,primary_54,3038.1,1196.4,2888.903606886481,1116.513255041642,2876.545447377553,1132.6184043152389,2920.834167504215,1156.997166646686,2912.079758998108,1092.5817260393592,2870.387888015075,1142.201792323389,2624.1,1076.7,2745.0,981.9
2022-01-25,2022-01-25 11:00:00,12,primary_54,2886.6,1118.1,2786.170829104046,1133.119688274165,2879.489594899864,1115.4409085134296,2840.3117403903207,1147.1890878980682,2868.830462325096,1084.1789513180186,2791.202443974967,1110.7862599670216,2713.8,1198.5,2787.9,1023.9
2022-01-25,2022-01-25 12:00:00,13,primary_54,2878.8,1152.6,2682.1723370129407,1016.7885882892616,2799.352637084789,1063.56851999585,2720.3053736749125,1054.9212405700885,2763.946759613146,1011.9345673797874,2698.295867377777,993.7887704168916,2603.7,1197.6,2710.8,963.6
2022-01-25,2022-01-25 13:00:00,14,primary_54,2791.2,1154.4,2685.037839737095,1077.0013581061569,2819.5798549859487,1130.898505851502,2717.1208068065584,1116.7311789422292,2739.261714184182,1052.5910418048504,2716.073677271227,1081.0713088577625,2556.3,1169.1,2667.6,925.8
2022-01-25,2022-01-25 14:00:00,15,primary_54,2829.3,1133.1,2737.9206865367664,1108.0522193310037,2838.336186837299,1140.9454716178486,2726.5176070720568,1124.132402526673,2756.052424459268,1071.8606178495183,2755.2216837353653,1112.9408459745512,2676.3,1138.2,2652.6,873.9000000000001
2022-01-25,2022-01-25 15:00:00,16,primary_54,2820.6,1078.5,2783.3089297426404,1038.7447433397354,2818.782608979906,1081.515412592336,2733.851205978647,1051.5958626908164,2745.4304790547767,1015.0444622601524,2762.0974254937896,1056.4660009963704,2723.7,1072.8,2711.4,909.3
2022-01-25,2022-01-25 16:00:00,17,primary_54,2625.0,796.5,2704.0055080910406,807.6998271542958,2705.6174662122216,874.3031816954646,2608.9432775429477,830.3155084512484,2633.7147049342893,822.6136015751406,2615.410605442432,825.9164240050401,2608.2,946.5,2661.6,895.1999999999999
2022-01-25,2022-01-25 17:00:00,18,primary_54,2710.5,731.1,2717.9825357478426,694.4165305107589,2694.529738467083,749.698801492383,2635.89381317545,718.5755466699585,2657.897360043424,701.4381551228065,2637.749334276595,710.9644511137049,2581.5,800.7,2570.4,625.5
2022-01-25,2022-01-25 18:00:00,19,primary_54,2751.6,700.2,2715.5561778681185,679.6835641584895,2694.882129368107,686.5304374842808,2649.402407119807,657.6846460911579,2660.158046228484,658.6272842999253,2641.335781024514,664.645806448709,2544.9,744.6,2557.8,575.7
2022-01-25,2022-01-25 19:00:00,20,primary_54,2709.6,674.0999999999999,2709.5455368020234,611.266733455663,2627.89682139207,632.1485887549774,2572.9970821405277,591.3299380188029,2597.5817495546435,594.7546374344613,2577.806044216484,594.6377923299071,2501.4,571.5,2533.2,490.8
2022-01-25,2022-01-25 20:00:00,21,primary_54,2639.1,629.4,2617.6311487246567,600.6281321954727,2576.338828660108,609.2431505540688,2528.24865746878,587.205559014589,2570.852028023271,570.5717504703053,2531.521291355322,568.9355268120559,2340.3,475.2,2521.8,491.7
2022-01-25,2022-01-25 21:00:00,22,primary_54,2560.8,618.6,2584.5115465471144,560.9007914363727,2519.03663610069,589.766925150287,2458.813588686752,578.0102500907293,2510.602114000161,554.7772992554205,2453.378559768265,550.7087110928843,2345.7,474.0,2460.6,492.0
2022-01-25,2022-01-25 22:00:00,23,primary_54,2477.1,629.1,2485.252637202878,558.7706464246728,2437.8661265241544,586.2469205528871,2400.573500642057,582.290473389288,2429.791290960382,552.0128706858168,2369.7051919050127,548.1641621255151,2241.6,480.6,2414.1,537.0
2022-01-25,2022-01-25 23:00:00,24,primary_54,2352.0,627.0,2292.922601372233,555.7956573458539,2261.2698233953315,562.0288241191612,2248.343522835854,565.0934810738045,2261.9476399592486,537.5324101580475,2224.720782136617,536.9857161447597,2094.3,476.1,2252.4,509.4
2022-01-26,2022-01-26 00:00:00,1,primary_54,2227.5,642.0,2220.7361704037103,604.292361675981,2209.1414210656226,600.9108770902074,2208.744006059442,611.0899374982157,2198.1192435942903,589.7544084943231,2195.9408441459573,582.131253721592,1936.2,450.3,2135.7,504.6
2022-01-26,2022-01-26 01:00:00,2,primary_54,2155.5,652.5,2161.914467161118,583.3691624834952,2110.6724542544484,591.4436797061834,2143.5644317844885,599.7894141434675,2110.266453278753,571.1938613209815,2098.775556429287,560.4081805733682,1859.7,439.5,2092.5,527.1
2022-01-26,2022-01-26 02:00:00,3,primary_54,2142.6,678.0,2109.3799458991334,560.8709122602834,2073.018297042442,576.3486414044986,2101.7559861586656,569.250624128492,2047.985921676964,548.4020219056101,2016.6541379077933,538.2633672920665,1816.2,430.2,2061.6,544.8000000000001
2022-01-26,2022-01-26 03:00:00,4,primary_54,2132.4,699.0,2072.6814178060545,538.8260796040372,2054.677351199603,560.2842185398654,2093.1403727636484,564.2323636551754,2031.8901234264583,533.1788509192468,1997.026778158085,518.0929963585903,1792.5,421.2,2068.8,562.1999999999999
2022-01-26,2022-01-26 04:00:00,5,primary_54,2189.7,690.3000000000001,2093.319853494804,502.89368799438967,2076.2650703898125,539.6057454965394,2117.224544473779,556.0515375248906,2036.903265224168,522.610947943009,2033.7841247283536,508.9513958544141,1826.1,427.5,2087.4,563.1
2022-01-26,2022-01-26 05:00:00,6,primary_54,2248.5,687.6,2198.3103268113805,486.037821453906,2166.8169032719843,520.3489442838513,2178.193981203967,555.4403128791911,2129.7148905008903,514.6717201296742,2128.227146036619,505.6412976582423,1917.3,437.1,2189.1,569.6999999999999
2022-01-26,2022-01-26 06:00:00,7,primary_54,2306.4,631.5,2313.7786318144945,491.0483024477255,2267.804904131885,508.4848121604092,2261.088594771638,535.3747651083752,2227.7029693009604,498.3851048343221,2240.9037221580343,497.4652229639101,2044.5,431.7,2255.7,565.5
2022-01-26,2022-01-26 07:00:00,8,primary_54,2367.3,647.4,2454.371414475693,547.5545260709019,2440.433051551106,558.450314753822,2412.427950948912,599.5685239103299,2373.252208054746,560.1354515663355,2384.4150662538023,546.712144864591,2252.7,501.9,2452.2,722.0999999999999
2022-01-26,2022-01-26 08:00:00,9,primary_54,2589.6,837.3000000000001,2695.66353005023,878.1101145794823,2749.81038269086,897.006917957524,2722.084830076542,899.1972479751892,2661.471737852645,897.1848233306246,2680.831318226042,879.8766557141732,2607.6,859.5,2721.9,1001.1
2022-01-26,2022-01-26 09:00:00,10,primary_54,2830.8,1167.3,2897.138636397989,1062.3758462829849,2988.1462562272586,1135.6741836387728,2897.7502671497696,1121.3486267008009,2894.944545649574,1132.9076428674275,2890.826438322091,1140.3864072722492,2745.6,1069.5,2961.0,1194.6
2022-01-26,2022-01-26 10:00:00,11,primary_54,2826.6,1108.5,2930.4643307392657,1105.082541605344,2978.8973630336136,1128.8936826732122,2930.097499736247,1116.6343242360192,2929.041809596819,1139.375087007698,2903.341543571274,1154.6963256343213,2620.5,954.6,3038.1,1196.4
2022-01-26,2022-01-26 11:00:00,12,primary_54,2763.0,1072.5,2851.473084366097,1118.3885317602385,2915.621591064262,1121.5058577227353,2856.337266408935,1137.316366912056,2841.704385688375,1125.3141397487216,2839.341327319325,1122.8311496230597,2519.7,904.8,2886.6,1118.1
2022-01-26,2022-01-26 12:00:00,13,primary_54,2733.3,1060.5,2813.659442565404,1124.4136736038392,2845.393983892702,1081.529646299422,2785.270789976149,1098.3032498614996,2786.1325586166377,1087.7318976146985,2798.528646495275,1105.188467795491,2559.0,946.2,2878.8,1152.6
2022-01-26,2022-01-26 13:00:00,14,primary_54,2704.5,1071.3,2823.956421015113,1180.3069850142867,2855.257266881025,1132.0795879499465,2797.048091354319,1144.6921467605382,2791.7996175988865,1158.412265823162,2802.467927117718,1163.403041697099,2680.8,1107.9,2791.2,1154.4
2022-01-26,2022-01-26 14:00:00,15,primary_54,2731.8,1136.4,2850.2946641074564,1203.1071023907994,2858.2793351501105,1123.9959520293653,2804.7308559257453,1140.5761443027625,2787.7138849659977,1164.3637521263854,2811.7741997627227,1168.73941747595,2601.6,1093.8,2829.3,1133.1
2022-01-26,2022-01-26 15:00:00,16,primary_54,2705.7,1110.0,2823.2638277734536,1175.2329479022756,2827.935894395974,1057.8795672643269,2780.376144493298,1073.2464686250084,2770.867163208561,1109.3496855154538,2755.176028108665,1109.218447731852,2704.8,1128.0,2820.6,1078.5
2022-01-26,2022-01-26 16:00:00,17,primary_54,2612.7,856.8000000000001,2632.1581638205944,856.9334567010819,2704.6723122720323,821.8500627916042,2628.4915251258376,834.8218120354588,2600.706739800893,828.7720960096552,2585.1612754959515,819.3160057092672,2652.9,1057.8,2625.0,796.5
2022-01-26,2022-01-26 17:00:00,18,primary_54,2604.0,682.5,2653.948822563329,720.197683920187,2721.332641945617,730.382280304816,2666.955244284238,719.7558093231647,2644.1400581790967,728.7870047005672,2634.707915274162,702.661172229238,2489.1,749.4000000000001,2710.5,731.1
2022-01-26,2022-01-26 18:00:00,19,primary_54,2646.3,609.0,2728.219610737066,726.4842835335199,2735.2423602908966,696.1244653561996,2728.2837940962177,700.3957076195237,2698.2037697056803,699.8207046444115,2687.4878887747145,700.5963324631888,2425.8,579.0,2751.6,700.2
2022-01-26,2022-01-26 19:00:00,20,primary_54,2579.4,551.1,2720.921234503096,661.4085928535264,2707.865003572139,655.8970876078112,2715.8738148043267,660.3653028418271,2661.2580270610524,654.8258175733317,2678.8123088554694,653.5468675928716,2378.7,470.1,2709.6,674.0999999999999
2022-01-26,2022-01-26 20:00:00,21,primary_54,2556.3,546.9000000000001,2664.136485258096,657.5839860955388,2658.735826869813,638.8433244861288,2634.760157048498,647.5118203053935,2585.471487087721,625.5734335064639,2631.884937978324,616.9718832596818,2351.4,491.7,2639.1,629.4
2022-01-26,2022-01-26 21:00:00,22,primary_54,2437.5,536.4,2622.1520726244894,624.9033704259489,2588.8325515397446,630.7765216513964,2595.146242997795,647.3367160181244,2534.323365520683,621.6703835734207,2588.7568930289285,598.4296144288669,2275.5,482.7,2560.8,618.6
2022-01-26,2022-01-26 22:00:00,23,primary_54,2318.4,531.9,2490.99609871185,613.6014768723891,2493.9118050777456,622.1103796009296,2497.231591076931,644.1861740896879,2458.0302012527145,611.7093486095664,2476.478885328213,579.6738963374889,2172.0,472.5,2477.1,629.1
2022-01-26,2022-01-26 23:00:00,24,primary_54,2140.8,510.0,2395.2581752235824,597.7875226390405,2367.4810583173203,601.8685218300218,2363.3581573687966,629.3633264405163,2327.475810433186,591.2057043067318,2343.517488857341,569.2108631156576,1998.0,446.7,2352.0,627.0
2022-01-27,2022-01-27 00:00:00,1,primary_54,2023.2,522.3,2153.454163296052,528.9942658842762,2064.554275079634,519.6711232326755,2108.4721104811274,521.1782039026142,2095.8697766094065,525.1528346687277,2089.540494831445,528.073328515469,1868.4,424.5,2227.5,642.0
2022-01-27,2022-01-27 01:00:00,2,primary_54,1971.9,537.6,2072.367867425283,547.7878344856434,2027.503776963812,530.2829364697982,2091.5515210517087,536.0638712403817,2071.3804695064864,537.9145366283177,2043.302473431696,546.7540561769925,1799.1,421.8,2155.5,652.5
2022-01-27,2022-01-27 02:00:00,3,primary_54,1961.1,552.9,2048.388686760711,531.3861999237013,2024.7300376896096,535.4985255553538,2078.496378373636,546.9165702003436,2048.4956122660715,551.5381169597345,2025.179271048764,549.4640481739359,1771.5,434.7,2142.6,678.0
2022-01-27,2022-01-27 03:00:00,4,primary_54,1965.6,564.6,2023.4128831395783,523.7981447964258,2042.175669993792,542.187798757216,2109.585300585434,566.1284635735144,2075.168437900416,564.5115025741576,2045.2799430642508,554.513996149567,1773.0,449.7,2132.4,699.0
2022-01-27,2022-01-27 04:00:00,5,primary_54,2007.0,554.7,2075.673088670746,525.2673048987837,2113.993848878612,542.2000737140215,2179.853091025978,568.3491219679887,2123.9410763643014,573.3360478942989,2112.426842636089,566.1055713798099,1788.6,426.3,2189.7,690.3000000000001
2022-01-27,2022-01-27 05:00:00,6,primary_54,2077.2,553.8,2201.042368679165,556.6941914192979,2199.104952106812,541.9679633956073,2223.870525400624,577.6175695875887,2201.9965858309984,571.6765666512514,2209.199138754449,574.8532764933155,1844.4,407.7,2248.5,687.6
2022-01-27,2022-01-27 06:00:00,7,primary_54,2160.6,542.1,2355.7079452166463,573.2229583076693,2310.816638397038,537.993853365392,2335.687298501566,560.7118374696487,2303.0111250477285,558.4409034475026,2315.17346264247,552.8242838376372,1924.2,389.7,2306.4,631.5
2022-01-27,2022-01-27 07:00:00,8,primary_54,2292.9,592.5,2448.166285599567,643.2813288318335,2470.7424665516105,579.6664240422979,2499.1805638842616,608.7661876105536,2431.0660855400342,598.0635503061726,2444.1674433840885,597.4515363908916,2207.1,533.4000000000001,2367.3,647.4
2022-01-27,2022-01-27 08:00:00,9,primary_54,2574.9,837.9000000000001,2685.4836283511045,956.778085757297,2738.1922472200577,907.4496750970508,2714.302187300236,869.2936104503794,2656.875478664291,881.7906183295225,2622.1967421071968,882.8361151660642,2463.3,834.3000000000001,2589.6,837.3000000000001
2022-01-27,2022-01-27 09:00:00,10,primary_54,2780.1,1015.8,2914.123382897508,1249.375986630975,2957.5355737806485,1197.5033444736205,2927.810286273127,1192.231335106413,2868.481252290871,1164.9135211579205,2836.5993419571228,1227.9561936524383,2601.3,1011.6,2830.8,1167.3
2022-01-27,2022-01-27 10:00:00,11,primary_54,2669.4,924.3,2854.6653118702056,1232.5980543840094,2940.9678011337883,1210.0357099579792,2880.680759280211,1199.8837349525104,2866.7325424608,1184.576039664047,2848.718483429721,1212.9925181601498,2594.1,1039.8,2826.6,1108.5
2022-01-27,2022-01-27 11:00:00,12,primary_54,2625.9,886.8,2756.705706429544,1142.6620632783,2870.379415379347,1162.832492317848,2772.203524560105,1137.698131108327,2776.460480620193,1123.90221934091,2761.5169482421634,1143.0246490121158,2592.6,1028.4,2763.0,1072.5
2022-01-27,2022-01-27 12:00:00,13,primary_54,2590.2,859.5,2687.805911795119,1099.9905123490537,2768.6680642268107,1108.858142151761,2744.1790679076207,1071.1482115818037,2723.9512669270966,1072.6665986496191,2700.5490033653678,1098.7180626564054,2442.9,1005.6,2733.3,1060.5
2022-01-27,2022-01-27 13:00:00,14,primary_54,2567.7,850.5,2720.0177313257623,1165.831273811503,2737.3229702890803,1166.2779932219798,2711.3288087777305,1144.375618697071,2695.065615246186,1140.805075739108,2699.9255900490675,1161.8779609274272,2514.6,1067.7,2704.5,1071.3
2022-01-27,2022-01-27 14:00:00,15,primary_54,2797.8,1066.8,2750.362814336693,1220.2509582134433,2743.356851624865,1183.2335568537453,2717.611678757432,1162.5377026724393,2685.8910583241964,1161.6971443233583,2720.5696506934305,1176.4370253027907,2563.8,1081.5,2731.8,1136.4
2022-01-27,2022-01-27 15:00:00,16,primary_54,2715.6,1011.9,2653.7852352363784,1103.9084593259374,2701.063838655054,1124.7847897671631,2665.038536058736,1116.3820333860792,2655.234139777828,1111.0918263961034,2665.6944780664703,1119.483924547457,2465.7,943.2,2705.7,1110.0
2022-01-27,2022-01-27 16:00:00,17,primary_54,2404.5,874.8,2420.767852911312,845.1507840959918,2534.0161242286413,897.793461822961,2481.911192008009,850.3704428026213,2481.059792168276,845.2808753561159,2462.266849776931,853.9600212083508,2299.2,643.2,2612.7,856.8000000000001
2022-01-27,2022-01-27 17:00:00,18,primary_54,2621.7,846.5999999999999,2516.51334890401,752.567151024213,2576.900302717216,767.1344597565652,2539.8180734812404,714.235034644401,2528.050380704194,716.8135988672955,2482.810138524212,712.2906242711022,2341.8,577.2,2604.0,682.5
2022-01-27,2022-01-27 18:00:00,19,primary_54,2614.8,742.1999999999999,2573.535594312244,736.9491537588532,2611.946698505561,724.0571618795735,2569.966884650426,663.6861287352657,2553.7018636350517,676.2356315032778,2529.162789742949,668.2697342346055,2382.0,511.8,2646.3,609.0
2022-01-27,2022-01-27 19:00:00,20,primary_54,2490.3,585.9,2556.709246918192,664.6879596598321,2565.855631615481,679.9931724265193,2529.164990796421,602.94821366447,2510.479963253887,620.6687318689504,2494.001022908371,611.4656526158906,2380.2,518.7,2579.4,551.1
2022-01-27,2022-01-27 20:00:00,21,primary_54,2431.8,535.2,2501.920877285208,637.312396900234,2508.049502904625,658.1027469467948,2475.883109198405,599.8831536379362,2455.412010095166,599.695712385851,2457.7540188092107,590.0202762907211,2329.8,526.2,2556.3,546.9000000000001
2022-01-27,2022-01-27 21:00:00,22,primary_54,2356.2,527.1,2392.723324475781,618.7819998646294,2426.879270366965,654.0869066972787,2403.232818566477,598.7420601588257,2379.1858653041413,577.577966624216,2365.4075429863037,570.1221039407461,2211.6,469.8,2437.5,536.4
2022-01-27,2022-01-27 22:00:00,23,primary_54,2243.1,532.2,2290.191417667251,641.6240669889482,2308.9041547923835,651.8989201008796,2300.1517887752657,600.9184255763771,2284.71230352642,568.4359676333693,2275.2731919141115,559.070604223196,2097.0,468.0,2318.4,531.9
2022-01-27,2022-01-27 23:00:00,24,primary_54,2099.7,543.0,2127.631709874892,634.2639474527099,2151.202771822194,633.4777076954961,2146.6186682478537,594.3710398232156,2112.807764989702,561.0707325436235,2142.593513586451,565.4564656799228,1949.7,474.9,2140.8,510.0
2022-01-28,2022-01-28 00:00:00,1,primary_54,2008.5,562.8,1924.5631019975417,562.9676857696089,1985.0243168570585,536.3491527639503,1984.8577721298964,531.7829944626965,1983.5560879557167,538.91725784749,1987.090983433507,540.8943316262674,1849.5,490.8,2023.2,522.3
2022-01-28,2022-01-28 01:00:00,2,primary_54,1950.9,591.9,1910.2372991962225,586.036766490758,1930.3100898793325,536.2187740470295,1923.6097379784112,535.9366036256466,1925.0771223139889,549.7865026294274,1932.8644537881637,553.5999255824756,1771.8,486.9,1971.9,537.6
2022-01-28,2022-01-28 02:00:00,3,primary_54,1899.6,609.6,1863.8936288430352,588.7678384828276,1905.21763280998,533.0575088495133,1912.0596823472,542.0719646843239,1911.6059212141656,553.4288994523127,1908.381440782907,560.8311787367574,1752.3,496.5,1961.1,552.9
2022-01-28,2022-01-28 03:00:00,4,primary_54,1905.9,635.7,1836.529401081096,560.5359654832707,1919.4348417071976,529.301283075751,1908.5974468236984,545.9909353067604,1912.1491091658415,555.4003202437807,1909.0255360983492,565.2727041834883,1759.2,507.0,1965.6,564.6
2022-01-28,2022-01-28 04:00:00,5,primary_54,1930.2,634.5,1849.774052117396,575.7702597243788,1966.0832179165689,523.9833999695319,1946.512654067788,539.4345437029223,1953.758069375831,558.6202944836097,1955.3934641538613,574.0846826716834,1799.1,513.9,2007.0,554.7
2022-01-28,2022-01-28 05:00:00,6,primary_54,2055.6,648.9000000000001,1919.5819200270348,578.0333275237366,2050.7993381340334,520.5838266004512,2017.323210270856,547.2899476540127,2016.672145362336,556.9789082975678,2004.739369957218,569.1486064601997,1889.1,508.5,2077.2,553.8
2022-01-28,2022-01-28 06:00:00,7,primary_54,2099.7,613.2,2071.157142701244,558.898216525584,2148.166981831426,518.6511492774034,2097.4014036138474,528.7614650478091,2094.9925313756967,547.3061034949338,2088.416522594766,550.6873803774886,1992.9,495.0,2160.6,542.1
2022-01-28,2022-01-28 07:00:00,8,primary_54,2095.5,551.1,2129.6579787788023,558.7027178107262,2265.7437095887794,540.6564638059355,2199.575474652095,547.0912375549041,2187.0830959407563,572.1419979523199,2190.197021419386,584.1160457088098,2138.7,535.2,2292.9,592.5
2022-01-28,2022-01-28 08:00:00,9,primary_54,2350.2,727.5,2434.612276362657,815.4669005948283,2524.389139837841,840.8895013906869,2453.25842769057,818.0748597044833,2459.697936780051,856.8824811808718,2450.0989859259703,852.5649240062995,2451.6,757.2,2574.9,837.9000000000001
2022-01-28,2022-01-28 09:00:00,10,primary_54,2674.2,1043.4,2709.174525044224,1094.90133340764,2714.1719961610047,1109.9576128995743,2676.520960810898,1025.727722730444,2677.5872109922534,1076.0362745945672,2663.1547426209463,1071.597642687275,2515.2,899.1,2780.1,1015.8
2022-01-28,2022-01-28 10:00:00,11,primary_54,2649.3,976.2,2676.3249774729848,1125.1465090949473,2679.9586695203657,1115.963609105122,2644.01691539992,1016.5195564239808,2636.1631823721164,1097.1472566312,2603.13590103119,1098.82091712823,2606.4,1042.2,2669.4,924.3
2022-01-28,2022-01-28 11:00:00,12,primary_54,2625.9,953.4,2634.097868479096,1114.8994806379667,2636.438490984187,1084.9420254648826,2577.2281323564525,993.7568753920772,2570.140358596972,1068.151677451078,2550.836581006817,1101.398503798524,2539.2,973.5,2625.9,886.8
2022-01-28,2022-01-28 12:00:00,13,primary_54,2509.2,923.4,2568.1254031656654,1065.5835896154056,2560.484623448944,1060.087808117291,2493.737822299666,999.420282796483,2509.68454751867,1036.6394619716295,2500.1981627726777,1044.054541968639,2502.9,909.0,2590.2,859.5
2022-01-28,2022-01-28 13:00:00,14,primary_54,2495.7,910.8,2540.271487033752,1070.4540161806426,2560.845628677197,1105.9406917853348,2503.0293423666803,1049.714270250086,2513.1980052762547,1074.422571214128,2493.7342044710717,1085.04149043632,2459.4,883.2,2567.7,850.5
2022-01-28,2022-01-28 14:00:00,15,primary_54,2544.3,968.7,2617.547960829372,1109.464449454397,2589.0299305146737,1125.0418321726447,2590.3557939503416,1070.4720456271418,2574.609820078933,1097.299449269063,2550.1164267690137,1127.3914293697983,2413.5,865.5,2797.8,1066.8
2022-01-28,2022-01-28 15:00:00,16,primary_54,2583.9,964.2,2596.671265917993,1052.410110772032,2573.174526915764,1080.6684840625342,2541.3137693039184,1006.1544741230272,2524.6928338094717,1012.1494551692936,2530.643792215428,1049.5423974999296,2462.4,856.5,2715.6,1011.9
2022-01-28,2022-01-28 16:00:00,17,primary_54,2451.0,796.8,2440.3765528264867,864.982193645576,2452.4401598183485,892.8886366588011,2410.6795087705104,837.499219480851,2382.099134895086,832.3687198902002,2406.223102718871,865.0778545858938,2359.8,678.9,2404.5,874.8
2022-01-28,2022-01-28 17:00:00,18,primary_54,2397.0,584.7,2382.548642171526,663.1898038290998,2463.853008224396,747.9513725000551,2430.813299577846,696.9676685905247,2433.266014961825,716.4070351475978,2406.6509404063163,682.9821722386596,2405.1,570.6,2621.7,846.5999999999999
2022-01-28,2022-01-28 18:00:00,19,primary_54,2448.3,586.2,2479.451673577348,670.0170088836956,2506.905370715706,712.9280968648376,2435.7270173908905,680.6440173037248,2465.739528970744,700.5109519141727,2424.071267309199,678.4179699796524,2429.7,560.1,2614.8,742.1999999999999
2022-01-28,2022-01-28 19:00:00,20,primary_54,2426.4,566.7,2412.33383528716,661.889913713232,2464.38057488272,668.6554754405296,2406.22682416323,631.1456322236029,2424.9759582930883,646.1392526550322,2400.857553967555,604.4657978996643,2349.0,466.2,2490.3,585.9
2022-01-28,2022-01-28 20:00:00,21,primary_54,2376.0,539.4,2375.730353962745,639.856957364936,2425.935171046137,658.8136250132147,2375.1715225911994,620.0794944240929,2368.9992907567266,617.2039557344149,2345.8426406421663,603.2795428097634,2352.3,469.5,2431.8,535.2
2022-01-28,2022-01-28 21:00:00,22,primary_54,2330.4,551.6999999999999,2380.189894798923,654.6153609466268,2362.2219717611283,655.1125908976638,2310.8425529174174,608.433143872446,2320.418573882891,605.4153062818301,2290.9393927052447,594.0293003344508,2314.2,464.1,2356.2,527.1
2022-01-28,2022-01-28 22:00:00,23,primary_54,2227.2,546.3,2258.395882228045,650.3616823434127,2240.6737426366453,655.5697392658484,2200.4883083356217,598.7850578943471,2195.8979418266845,604.2717811356114,2150.727544740266,585.048525268081,2209.5,451.5,2243.1,532.2
2022-01-28,2022-01-28 23:00:00,24,primary_54,2127.6,573.0,2121.457135063692,657.1234030022791,2065.424155396701,643.0558363224906,2034.3891142048867,575.6095901502118,2013.1280103892004,593.4837577531152,1985.6525518536057,576.847796917061,2058.0,446.1,2099.7,543.0
2022-01-29,2022-01-29 00:00:00,1,primary_54,2004.9,590.7,1974.97125086726,582.9046904592435,1999.3260336258047,570.3807697829163,1997.7485634079944,556.5477278430657,1958.2918322836756,572.0781327455404,1966.030699940156,571.1662034128517,1979.4,489.6,2008.5,562.8
2022-01-29,2022-01-29 01:00:00,2,primary_54,1929.0,606.9,1903.129926662252,598.5752078879742,1919.3726099866024,570.2780686532782,1900.1060844800447,544.8793030223051,1869.781677687276,566.7746870533249,1875.6890715831155,562.3485225142738,1892.7,489.9,1950.9,591.9
2022-01-29,2022-01-29 02:00:00,3,primary_54,1899.0,635.6999999999999,1808.271863802248,592.3718872184583,1846.665113894862,569.8488918629914,1838.9627341361515,544.1945922446794,1801.3693601004804,566.482558346231,1810.5218325298652,571.0705400877101,1819.2,476.4,1899.6,609.6
2022-01-29,2022-01-29 03:00:00,4,primary_54,1868.4,633.3,1805.179513768724,604.41141657644,1837.3150485866176,569.7745255814244,1820.4815597201875,564.3851237118234,1794.7480236048063,572.5421044031032,1802.4204188820547,576.5880321632116,1809.0,487.2,1905.9,635.7
2022-01-29,2022-01-29 04:00:00,5,primary_54,1898.1,643.2,1813.0223902461505,575.058045196936,1836.1574861899924,561.8830267525485,1818.1123412138177,563.3365146796436,1806.128052566945,572.2243340896928,1824.207647479553,566.4045660186164,1806.9,484.8,1930.2,634.5
2022-01-29,2022-01-29 05:00:00,6,primary_54,1909.2,612.0,1894.417806084008,560.689490905039,1889.2900725098093,550.6685612309635,1866.8148242661568,561.4405634655469,1874.93828089546,565.1587549290568,1868.781550759867,557.0023493907681,1877.7,496.8,2055.6,648.9000000000001
2022-01-29,2022-01-29 06:00:00,7,primary_54,1876.5,554.4,1949.8725167312923,518.6693117680438,1985.3654203895755,533.6840976655808,1941.135474985075,532.9870424768568,1918.656905548468,547.2495304417404,1951.620670918803,541.2277280292724,1881.9,485.4,2099.7,613.2
2022-01-29,2022-01-29 07:00:00,8,primary_54,1908.9,526.8,2018.124094223992,514.1655819872456,2073.2085411130515,542.1033166149214,1996.570992814416,537.3835846988873,1982.6669664426,541.2338900091708,1989.633711488472,558.0446811979099,1971.6,522.6,2095.5,551.1
2022-01-29,2022-01-29 08:00:00,9,primary_54,2151.6,612.0,2208.883747308118,575.1465649557211,2349.855990646984,662.281152851112,2310.908669599887,649.5034375648119,2264.2275224356067,646.8652790884903,2270.05685959924,649.3493591180205,2174.7,609.0,2350.2,727.5
2022-01-29,2022-01-29 09:00:00,10,primary_54,2291.1,596.1,2341.933173657845,617.1521589168915,2523.602877110828,793.3556037717813,2458.334366332856,779.8548938947771,2412.690511970688,747.7979883599118,2423.746477156514,741.2751106245646,2283.6,679.8,2674.2,1043.4
2022-01-29,2022-01-29 10:00:00,11,primary_54,2289.9,560.7,2402.3674019843097,587.7587420607904,2547.122743592875,755.7769027487927,2473.68754061181,722.7430257885542,2447.4595974597123,698.0947162332244,2417.2613659636886,704.5450441287628,2245.5,621.6,2649.3,976.2
2022-01-29,2022-01-29 11:00:00,12,primary_54,2316.0,555.0,2340.4831316614464,637.6001180634466,2516.105538970208,729.1780900210634,2468.587927060371,690.9939820790973,2406.409127599316,668.2426228678147,2399.1487711682703,689.2792520591273,2218.8,588.6,2625.9,953.4
2022-01-29,2022-01-29 12:00:00,13,primary_54,2280.3,536.1,2404.0207781553545,621.6454064459285,2454.605972361872,705.2259543567287,2415.791679628233,686.8100624310621,2362.913133475542,652.108420315607,2353.135089135074,676.4477218164603,2263.5,609.3,2509.2,923.4
2022-01-29,2022-01-29 13:00:00,14,primary_54,2225.1,532.2,2432.3693550967805,648.9229376907621,2446.69510125649,710.9026856482085,2416.800054468823,693.6169521074742,2371.828610906106,661.4483007583793,2329.6386570642694,699.7766276985931,2271.9,633.9,2495.7,910.8
2022-01-29,2022-01-29 14:00:00,15,primary_54,2230.8,532.5,2337.3734288081937,696.3915544471224,2441.621401746536,713.7457048891563,2405.808914818015,717.3310142961903,2375.1196348914928,657.685143686236,2361.6714483291,713.9830781184676,2277.9,651.9,2544.3,968.7
2022-01-29,2022-01-29 15:00:00,16,primary_54,2234.7,526.5,2278.6411629165245,619.0909508141633,2413.413307624216,678.3327800797097,2400.5589134639736,666.2192834475878,2349.932307790402,612.1332267906839,2358.2177819278795,658.6345234333631,2210.4,573.6,2583.9,964.2
2022-01-29,2022-01-29 16:00:00,17,primary_54,2270.1,517.2,2258.05844960528,556.1243615396695,2346.889570077101,627.8614992313609,2356.950572818268,583.9882324081757,2299.303235508857,556.5568923121774,2298.529443354671,592.8749654480262,2172.9,467.7,2451.0,796.8
2022-01-29,2022-01-29 17:00:00,18,primary_54,2361.6,527.7,2388.9252928322207,541.3292087032091,2398.060747275113,597.0270288864399,2412.1518125394205,556.3492899386496,2384.581297672792,542.1840549660103,2368.1990037256087,584.1408470486163,2278.2,476.4,2397.0,584.7
2022-01-29,2022-01-29 18:00:00,19,primary_54,2367.9,518.1,2413.6854931759685,555.9322864276673,2441.9363364703345,584.75489860011,2442.19932892488,549.5808449737885,2425.915684518512,540.606559787835,2401.16137479754,584.5365961923103,2389.5,542.4,2448.3,586.2
2022-01-29,2022-01-29 19:00:00,20,primary_54,2364.6,528.0,2397.4565783818985,559.9409244154273,2399.1506110741675,571.9253696522678,2410.057980042377,535.2951064885076,2398.9557213920416,534.9654675600038,2386.574160340429,577.824341641798,2382.9,548.7,2426.4,566.7
2022-01-29,2022-01-29 20:00:00,21,primary_54,2278.5,495.0,2392.9709070342183,576.4232128168039,2380.305872574145,559.0928070233732,2383.1529933643637,531.6621503075748,2364.426693551377,536.340171857806,2345.844325282632,565.6501069495049,2357.7,566.7,2376.0,539.4
2022-01-29,2022-01-29 21:00:00,22,primary_54,2233.8,502.8,2343.128349386553,579.4940139509378,2348.6159443595034,553.4543450761892,2332.7802814836077,533.0671400438066,2313.371673255223,536.3964592255423,2293.4371218304063,563.1066955005363,2266.2,543.9,2330.4,551.6999999999999
2022-01-29,2022-01-29 22:00:00,23,primary_54,2136.0,494.1,2204.730572330024,556.2979737735124,2213.826299775497,547.5683640060811,2225.3646531235204,528.6529742379679,2182.7399024666847,531.2908617231542,2152.105611434383,553.7702786454754,2116.8,499.2,2227.2,546.3
2022-01-29,2022-01-29 23:00:00,24,primary_54,2013.0,496.8,2112.7943022674835,543.7743194235373,2064.839867507599,532.3957293678363,2080.30519993293,508.1192996172281,2040.9316259055995,515.1849503989889,2044.1332077048417,534.0880329984785,1981.2,476.7,2127.6,573.0
2022-01-30,2022-01-30 00:00:00,1,primary_54,1938.9,526.8,1966.9294299485432,497.7561163705656,1913.017111350612,491.87844911472655,1915.766534449064,497.2209401487268,1919.7358567568465,497.2268384978262,1924.2689120598573,503.53810292309066,1851.0,496.8,2004.9,590.7
2022-01-30,2022-01-30 01:00:00,2,primary_54,1882.5,539.7,1871.968603074217,498.3834205690489,1847.1853812850047,488.5001627397103,1839.6566523934248,489.3146857837517,1856.828678949197,496.300541366514,1827.660253769851,492.7396275818324,1792.8,511.5,1929.0,606.9
2022-01-30,2022-01-30 02:00:00,3,primary_54,1860.0,576.6,1851.437104438529,492.14995677864977,1806.292373054012,485.028237875317,1787.0813648207695,496.58869298379454,1807.5711435981716,496.50844947165575,1789.427489499741,498.7842709310303,1795.8,544.8,1899.0,635.6999999999999
2022-01-30,2022-01-30 03:00:00,4,primary_54,1834.5,582.6,1808.3993118844328,503.5101551267823,1766.3735358309596,491.1817514567648,1749.384410561657,504.0098510960232,1767.268149537303,501.7730030363799,1760.0974941381974,509.9128427666923,1743.3,532.2,1868.4,633.3
2022-01-30,2022-01-30 04:00:00,5,primary_54,1896.0,598.2,1792.125260028084,520.4658873308708,1758.9254680741035,487.0370506710141,1758.3448199879786,502.29114466099816,1776.845062848153,505.0694270432207,1753.9849424479985,507.1535505019944,1791.0,531.6,1898.1,643.2
2022-01-30,2022-01-30 05:00:00,6,primary_54,1965.3,608.7,1849.9984214264016,526.5445253547484,1817.2603934480333,485.1868088693844,1825.4335502500464,507.2329312296127,1849.03278821864,508.7920207920667,1813.8392238758893,515.2060600126704,1855.8,531.9,1909.2,612.0
2022-01-30,2022-01-30 06:00:00,7,primary_54,1926.6,577.8,1905.48845089348,520.4899699890093,1852.520172589916,476.3251696532586,1861.440531664278,502.5353539935701,1879.4192141099163,504.2778503039492,1874.3736858086047,509.6944198209245,1834.2,500.4,1876.5,554.4
2022-01-30,2022-01-30 07:00:00,8,primary_54,1959.3,568.8,1985.91916762961,541.3123991726105,1959.4725475942305,490.2302693418208,1951.9548253696337,529.7007961579704,1962.522955873551,519.4360029246768,1952.392564383918,528.9647517267053,1943.4,560.1,1908.9,526.8
2022-01-30,2022-01-30 08:00:00,9,primary_54,2199.3,635.7,2211.376696366504,653.3897411591242,2222.7775628011805,625.5672343144223,2213.313510430812,667.2844565500371,2203.131767147374,652.2512742998592,2214.7080565152155,624.8031542144673,2220.9,656.1,2151.6,612.0
2022-01-30,2022-01-30 09:00:00,10,primary_54,2386.5,675.0,2389.515565648336,806.2268137555485,2387.8945435511428,680.1825717803857,2369.880935047939,752.6790656169802,2374.4060047583484,755.6988055245968,2353.484341071629,665.3548462613741,2367.3,657.3,2291.1,596.1
2022-01-30,2022-01-30 10:00:00,11,primary_54,2405.4,648.9,2333.4338941122173,735.7874860119069,2393.1178354032168,663.3324702306445,2398.9340653372005,709.7470755235747,2393.71232628447,730.3697743807506,2356.260933290529,647.5210782560359,2296.2,570.0,2289.9,560.7
2022-01-30,2022-01-30 11:00:00,12,primary_54,2409.2,633.3,2333.325770303172,692.442565976896,2395.247844819829,652.79486634896,2417.439066108297,674.5109686278099,2419.236449451669,705.5592321010698,2366.670973149812,620.2612583647882,2290.2,544.2,2316.0,555.0
2022-01-30,2022-01-30 12:00:00,13,primary_54,2310.0,614.4,2278.758741544187,739.5591178657178,2344.801003592338,665.6050125139841,2336.811968413125,669.689335076235,2355.254389078798,694.862383252968,2306.3082158602083,611.3570964600838,2292.6,537.9,2280.3,536.1
2022-01-30,2022-01-30 13:00:00,14,primary_54,2283.6,600.0,2236.811900447165,741.0656770432454,2303.448160807138,683.6239046647407,2330.817749089421,656.6484961424351,2335.173749905109,695.9684921068207,2292.922190059326,626.149142561454,2309.4,562.5,2225.1,532.2
2022-01-30,2022-01-30 14:00:00,15,primary_54,2276.1,600.6,2218.351918309816,755.1568207376062,2293.1743551836835,685.0911192520415,2322.5708932223542,658.1445348506381,2333.3394247492697,710.0682878573309,2293.654337905211,638.1216578337395,2313.6,598.8,2230.8,532.5
2022-01-30,2022-01-30 15:00:00,16,primary_54,2251.2,604.5,2250.012399269176,728.827493485684,2290.3079606891383,674.1702503690713,2301.9758787711958,641.2000915815528,2325.576696068184,688.4331249141621,2302.349396798167,623.8579418646426,2303.4,562.5,2234.7,526.5
2022-01-30,2022-01-30 16:00:00,17,primary_54,2225.7,556.5,2172.328386575605,629.23123012414,2229.51515434744,622.6311608602688,2234.5061286059577,591.3539381441481,2270.8802085810034,630.1962303651144,2254.5723801629474,574.1747480555413,2325.3,525.9,2270.1,517.2
2022-01-30,2022-01-30 17:00:00,18,primary_54,2291.1,533.7,2246.3072176741284,606.20838187164,2281.006459151124,589.1522305083099,2286.6006622373584,562.052089591082,2321.044651283586,575.102395602644,2349.366401093552,536.4344485702239,2447.7,543.9,2361.6,527.7
2022-01-30,2022-01-30 18:00:00,19,primary_54,2300.4,501.6,2248.2007590058465,580.3985839405733,2302.55910236585,571.8580415107097,2295.525471406172,541.6011806612755,2356.783459729348,555.1234147885585,2338.1684456015787,525.748449910415,2451.6,532.2,2367.9,518.1
2022-01-30,2022-01-30 19:00:00,20,primary_54,2308.2,497.7,2227.490734794936,549.5235832340853,2264.1099099988114,555.2059064792691,2262.258839464041,530.840902249701,2323.6373883560627,540.7377711661643,2320.99288907244,524.4582341449712,2391.9,518.4,2364.6,528.0
2022-01-30,2022-01-30 20:00:00,21,primary_54,2282.4,492.0,2211.24028607478,553.681679523232,2223.322828714556,540.2279406474901,2217.111422219384,537.1591061782945,2265.5963206915912,536.3735739997379,2277.344490924393,521.6829675049845,2345.7,506.1,2278.5,495.0
2022-01-30,2022-01-30 21:00:00,22,primary_54,2225.1,493.5,2217.2686855924467,542.0603657371043,2174.8395209518058,537.1496180555204,2156.6008115106747,530.0833125945894,2201.945571178488,532.8355228951989,2212.0224503322006,536.095365837692,2292.3,502.2,2233.8,502.8
2022-01-30,2022-01-30 22:00:00,23,primary_54,2126.1,510.9,2126.103514442776,539.4649344446522,2071.074772874899,524.2314258771911,2056.6779566152504,526.5729845132485,2077.2694434592486,531.3953410126056,2114.7010251863207,533.9115923172436,2188.8,501.0,2136.0,494.1
2022-01-30,2022-01-30 23:00:00,24,primary_54,2004.9,515.4,1957.057959418751,537.7905544432606,1926.641372729896,509.877062381434,1933.2672873991685,515.5728219463837,1939.2348060486927,521.1951518015453,1975.3167705414016,527.270435648065,2035.8,507.9,2013.0,496.8
2022-01-31,2022-01-31 00:00:00,1,primary_54,1895.1,526.8,1921.598432881132,535.218203695601,1907.12342029656,510.1915503721452,1908.333529156018,521.9236471827833,1914.941822595448,510.45665155405857,1917.133067764625,530.7665635371425,1918.8,514.2,1938.9,526.8
2022-01-31,2022-01-31 01:00:00,2,primary_54,1819.2,544.2,1865.764499681106,532.4134601428996,1833.6925805031624,509.0478168053269,1846.4717439119895,529.1946437148785,1848.7152402975223,509.6633495995508,1852.370147661168,528.3747937879239,1839.6,514.8,1882.5,539.7
2022-01-31,2022-01-31 02:00:00,3,primary_54,1778.1,555.0,1835.1604634999064,553.0314161805503,1794.980338868383,509.78829864355015,1802.357832782342,532.4501961988881,1802.525878417145,511.31725435027454,1817.0469627478649,529.382319085725,1793.1,506.7,1860.0,576.6
2022-01-31,2022-01-31 03:00:00,4,primary_54,1762.2,567.6,1811.2496190294005,560.0771239592506,1789.2800725901784,510.1766387356448,1776.3531867097731,532.2084338502641,1797.991149862597,513.2527215794556,1797.9382800898186,539.4882384998581,1801.8,512.1,1834.5,582.6
2022-01-31,2022-01-31 04:00:00,5,primary_54,1769.7,558.0,1793.1487045505926,551.8041796479722,1805.7968050946683,505.4929625642552,1805.1031825563136,529.6084011881696,1824.770110071192,512.9595959481352,1828.0727449837293,545.2329960217858,1844.4,511.5,1896.0,598.2
2022-01-31,2022-01-31 05:00:00,6,primary_54,1849.8,551.1,1889.7532503877933,574.4380114543168,1905.776801146668,505.04392048325246,1906.6867187444411,539.6586580988745,1920.3069118730764,518.5454310609716,1909.624806989542,549.6682816883053,1956.3,520.8,1965.3,608.7
2022-01-31,2022-01-31 06:00:00,7,primary_54,1946.1,539.1,1994.300188934429,565.6088560508196,2012.7838079618048,503.9499062572432,1989.011712229216,527.863031790292,2013.132381398049,521.1640107764058,1975.020477225287,534.7090736780032,2039.4,503.7,1926.6,577.8
2022-01-31,2022-01-31 07:00:00,8,primary_54,2101.5,624.6,2043.8107419183675,597.7812591700028,2137.9506187239954,527.2989795543548,2120.798807078268,540.8242058383822,2113.5350723970264,550.5525624171662,2073.1437243480245,544.2097704082851,2208.0,562.2,1959.3,568.8
2022-01-31,2022-01-31 08:00:00,9,primary_54,2367.9,820.2,2333.696265624869,797.9749389659303,2433.545921691424,819.1173546229145,2410.957764004392,797.4064307898182,2403.747891941033,798.0681441817501,2325.301984176263,772.9846382017539,2422.5,728.7,2199.3,635.7
2022-01-31,2022-01-31 09:00:00,10,primary_54,2472.3,880.1999999999999,2591.0532851580824,1089.3306646632009,2643.146496953221,1060.1490246904482,2575.639056810529,1059.8660918700466,2581.5363480606898,1060.407913679839,2579.866996737378,1059.6486995823502,2569.5,876.0,2386.5,675.0
2022-01-31,2022-01-31 10:00:00,11,primary_54,2506.5,886.2,2698.1202563929364,1120.3772397124587,2662.0023865985977,1120.3853314907865,2620.318005256853,1082.8517571747427,2594.885510675306,1098.0867391185625,2617.796232445852,1082.4904304152285,2745.0,981.9,2405.4,648.9
2022-01-31,2022-01-31 11:00:00,12,primary_54,2466.0,845.4000000000001,2661.373601482197,1099.9734552298462,2624.4566880686707,1126.1671333734296,2601.3065985987278,1110.1154381741228,2579.250128821981,1113.042545085731,2618.717474835645,1106.4692479858627,2787.9,1023.9,2409.2,633.3
2022-01-31,2022-01-31 12:00:00,13,primary_54,2422.2,852.3000000000001,2632.069436442416,1072.7523434480645,2551.844446164336,1083.2790540313376,2543.66604343508,1092.3643799164922,2518.387431972702,1078.3762178609252,2595.2208485356327,1059.523641815697,2710.8,963.6,2310.0,614.4
2022-01-31,2022-01-31 13:00:00,14,primary_54,2416.8,844.5,2630.774825239592,1132.9155321926107,2578.532684299088,1136.6313513838284,2619.618358610576,1133.9865838032586,2571.685123770691,1113.8644982936275,2620.837616247571,1084.0306580791232,2667.6,925.8,2283.6,600.0
2022-01-31,2022-01-31 14:00:00,15,primary_54,2392.2,844.1999999999999,2650.557985138814,1159.5670495064603,2595.953844048809,1141.8383814236768,2647.02395957118,1157.156055312146,2597.0147875097277,1122.5013709336738,2639.327932392569,1117.3001866533918,2652.6,873.9000000000001,2276.1,600.6
2022-01-31,2022-01-31 15:00:00,16,primary_54,2428.8,856.2,2647.12643349246,1186.7900845951144,2590.73738880938,1114.6950122015471,2673.304548924466,1167.3000411450844,2585.5800795398804,1078.1674871858586,2637.528520873528,1085.278152859384,2711.4,909.3,2251.2,604.5
2022-01-31,2022-01-31 16:00:00,17,primary_54,2465.7,831.9,2521.6902533513025,1006.838943630122,2473.5566682522995,913.6255613505168,2533.298534134844,935.0463147031916,2445.061450988098,897.3627914289261,2502.757143470073,930.6569159810516,2661.6,895.1999999999999,2225.7,556.5
2022-01-31,2022-01-31 17:00:00,18,primary_54,2482.2,751.5,2496.750202368513,797.3638187145358,2493.4467133119924,772.731567747641,2483.875147617281,741.9312955461398,2429.996434169675,755.7066881683097,2475.192531524567,736.2544140373901,2570.4,625.5,2291.1,533.7
2022-01-31,2022-01-31 18:00:00,19,primary_54,2572.5,782.4000000000001,2519.407213986811,764.4544431462451,2507.5262788137666,744.5924904698472,2466.4560811843803,693.0704100325952,2449.268458582802,709.5041255963768,2439.771192868935,689.590588772849,2557.8,575.7,2300.4,501.6
2022-01-31,2022-01-31 19:00:00,20,primary_54,2469.6,634.8,2536.18717129626,705.1911089608847,2452.348641659856,701.7492015959699,2454.452238861597,668.145783064771,2417.114857545944,679.116216486997,2419.7518511926123,650.1326161989923,2533.2,490.8,2308.2,497.7
2022-01-31,2022-01-31 20:00:00,21,primary_54,2361.6,536.1,2436.641463265309,690.2796115486206,2385.187445288529,689.0003590078425,2385.575209023029,663.9170395333092,2373.748390539255,668.156784588862,2339.3614308321607,647.6090761612302,2521.8,491.7,2282.4,492.0
2022-01-31,2022-01-31 21:00:00,22,primary_54,2315.1,540.3,2414.69167409659,659.8621487711745,2342.523366576124,683.2037259081393,2342.68687555572,656.9579179652221,2330.763596306526,663.0301690614475,2309.8125774316586,649.9456268866834,2460.6,492.0,2225.1,493.5
2022-01-31,2022-01-31 22:00:00,23,primary_54,2230.2,565.5,2320.72861626363,663.4149936502893,2239.011449298503,680.8353597397195,2244.2288965832536,666.1878048654514,2235.434502277936,661.7317786744109,2211.5447616209767,661.8139418214678,2414.1,537.0,2126.1,510.9
2022-01-31,2022-01-31 23:00:00,24,primary_54,2068.2,556.8,2173.069813388416,667.8380282416086,2080.99145867429,667.3967522213173,2082.6128093412262,658.6112039945378,2075.457344302541,640.4440528223146,2071.537678848774,647.5427419616545,2252.4,509.4,2004.9,515.4
2022-02-01,2022-02-01 00:00:00,1,primary_54,2008.8,588.3,1946.738970147224,535.4298862328562,1925.341424612708,546.8754676815073,1925.9781338192247,551.8501437507791,1934.2571142364689,557.9614604790208,1947.1297601865465,549.5396024109092,2135.7,504.6,1895.1,526.8
2022-02-01,2022-02-01 01:00:00,2,primary_54,1950.9,616.2,1883.452286014782,534.6357801118442,1846.9766621645576,542.2782404945725,1859.4336118445383,550.8949060445736,1872.2588639535068,559.204789675909,1889.106289922812,552.6610787396659,2092.5,527.1,1819.2,544.2
2022-02-01,2022-02-01 02:00:00,3,primary_54,1891.2,627.3,1826.9400969484973,528.8141656180081,1804.6357694842047,538.8402902490509,1822.6811169533617,549.3170378503879,1822.263369877356,562.3665910662216,1844.2799476141136,556.9891360278295,2061.6,544.8000000000001,1778.1,555.0
2022-02-01,2022-02-01 03:00:00,4,primary_54,1887.6,640.8000000000001,1831.749173512132,538.102404691465,1791.479853853932,531.7045178496148,1819.2472267698456,554.5171136331535,1804.7955175166137,568.1460660404715,1832.420696326888,561.7498337903428,2068.8,562.1999999999999,1762.2,567.6
2022-02-01,2022-02-01 04:00:00,5,primary_54,1928.7,656.7,1827.6232899611296,528.250774984276,1790.126354219975,521.6995787203889,1852.0672196881767,554.2329734590481,1816.565719427571,565.973701142897,1850.003410105043,562.6477418194941,2087.4,563.1,1769.7,558.0
2022-02-01,2022-02-01 05:00:00,6,primary_54,2052.3,647.4,1898.9809842789205,521.346992329458,1862.0810436376591,509.857883141628,1957.957981877939,556.0035815234477,1914.467240015647,562.3713252527999,1944.7539604407125,563.7412392509624,2189.1,569.6999999999999,1849.8,551.1
2022-02-01,2022-02-01 06:00:00,7,primary_54,2083.2,625.1999999999999,2000.0528157097583,521.2597948071742,1988.14202887628,505.31347316048857,2053.1053591391023,548.7003965885374,2043.264548689496,552.5072981318095,2031.1053778303988,546.6858845054803,2255.7,565.5,1946.1,539.1
2022-02-01,2022-02-01 07:00:00,8,primary_54,2214.6,676.8,2165.7130965724737,560.1918904225063,2149.2887900727687,529.9959244413586,2198.8308353911966,573.6595874674603,2181.3585456740448,584.6351107555748,2178.1983658816407,577.2998816262985,2452.2,722.0999999999999,2101.5,624.6
2022-02-01,2022-02-01 08:00:00,9,primary_54,2509.2,929.7,2514.5312254744326,800.5932049273687,2496.92994363638,827.1707357901169,2465.5922031248056,786.8605574086339,2469.442403186757,824.9995416055494,2444.016077295459,804.8933877074452,2721.9,1001.1,2367.9,820.2
2022-02-01,2022-02-01 09:00:00,10,primary_54,2662.5,1104.0,2718.009223384498,1065.4129412008272,2701.149959871964,1039.5340142420694,2641.281177129199,1031.23462653929,2669.324582503036,1027.945253235711,2616.0447790986177,1000.7188541011648,2961.0,1194.6,2472.3,880.1999999999999
2022-02-01,2022-02-01 10:00:00,11,primary_54,2646.9,1037.1,2618.72334015399,1085.533759440238,2680.779754438549,1073.264209518694,2617.4362249446503,1028.4108593229184,2643.690583579955,1009.3948047815336,2618.9342213494324,1018.976157743888,3038.1,1196.4,2506.5,886.2
2022-02-01,2022-02-01 11:00:00,12,primary_54,2644.8,1002.9,2587.695115354927,1014.8045934500964,2634.830673941415,1048.6434548456573,2567.5692204461443,966.804416029807,2575.0700926133354,962.8088732548824,2584.606414878964,1002.4513603336616,2886.6,1118.1,2466.0,845.4000000000001
2022-02-01,2022-02-01 12:00:00,13,primary_54,2574.3,981.3,2510.4945833667307,967.9960183346016,2559.475301069546,1016.6971670067004,2501.6856993277183,920.1206359503332,2495.902503885759,899.4753770579852,2533.906020838513,995.17963377944,2878.8,1152.6,2422.2,852.3000000000001
2022-02-01,2022-02-01 13:00:00,14,primary_54,2625.3,1032.3,2504.228250527301,959.3976801225804,2570.5592883614368,1052.1013592324398,2518.769119029633,941.570290173684,2509.1982991996088,915.4684155840137,2562.3483657743523,1027.7950129206229,2791.2,1154.4,2416.8,844.5
2022-02-01,2022-02-01 14:00:00,15,primary_54,2585.7,1005.3,2518.8376136275733,987.942420087949,2579.0687011439654,1072.1896342688233,2553.010258971841,950.210071588018,2530.928081702932,917.5136487951884,2578.622732782321,1014.6523895317374,2829.3,1133.1,2392.2,844.1999999999999
2022-02-01,2022-02-01 15:00:00,16,primary_54,2661.6,1019.7,2512.876555565033,925.812474176874,2570.462170407081,990.9902685054592,2525.2239992480454,936.3043346464318,2517.5714280449206,915.1319369025728,2532.3816918265206,992.6528815083022,2820.6,1078.5,2428.8,856.2
2022-02-01,2022-02-01 16:00:00,17,primary_54,2483.7,875.4000000000001,2377.7348765748234,753.0994509036947,2458.911151400239,801.4258469571674,2425.7656337202407,809.2970918401302,2413.262071228993,790.6187966177895,2402.7142901320703,816.7346838655625,2625.0,796.5,2465.7,831.9
2022-02-01,2022-02-01 17:00:00,18,primary_54,2575.8,799.5,2472.6489682087404,707.048805305446,2528.026611506005,730.9624135864491,2485.4424342751195,723.1597997354269,2499.5641343348657,717.7599488791004,2491.521815507047,731.7747225854251,2710.5,731.1,2482.2,751.5
2022-02-01,2022-02-01 18:00:00,19,primary_54,2686.8,828.9000000000001,2565.989816995598,733.3834120157884,2584.00304386404,719.2807873661335,2550.3770884930327,715.8249145119536,2539.592744418706,716.5633732634083,2541.293868793042,715.3991826080495,2751.6,700.2,2572.5,782.4000000000001
2022-02-01,2022-02-01 19:00:00,20,primary_54,2570.7,679.5,2500.598004133332,636.0240935026684,2536.532537038562,674.3022732063084,2491.1481750420407,639.2911345217062,2502.3438963379654,645.2963169439516,2493.381208766448,629.6836026410617,2709.6,674.0999999999999,2469.6,634.8
2022-02-01,2022-02-01 20:00:00,21,primary_54,2529.0,621.3000000000001,2456.531263999213,590.380557745791,2484.204092632607,649.4469813328498,2435.3955753937503,595.9346566701781,2423.2763843206526,610.6850082853489,2407.921976937889,585.4994989923482,2639.1,629.4,2361.6,536.1
2022-02-01,2022-02-01 21:00:00,22,primary_54,2461.8,635.7,2414.385977393975,559.787433005682,2427.717528499866,645.1627568968032,2371.2777004990226,581.3273445472414,2358.318522015299,592.2986205536512,2347.0695800514804,571.1661980908252,2560.8,618.6,2315.1,540.3
2022-02-01,2022-02-01 22:00:00,23,primary_54,2355.9,669.3,2288.84263112802,526.3792561533918,2309.0393435647984,642.2287783921773,2265.018016698604,584.8275915307694,2249.8246504805384,582.6752095593359,2224.098348969158,551.7577745002567,2477.1,629.1,2230.2,565.5
2022-02-01,2022-02-01 23:00:00,24,primary_54,2213.7,689.7,2105.2486726150623,532.115835507049,2145.413145819934,627.3102456174281,2092.753268545726,574.1259943818928,2076.0671101468274,576.6054734885203,2062.1372508361355,543.9126274548516,2352.0,627.0,2068.2,556.8
2022-02-02,2022-02-02 00:00:00,1,primary_54,2084.7,670.5,2026.161404300515,641.2775411543781,2058.5822800611227,662.1563906694545,2095.1233241144187,661.097062741209,2090.901641738385,652.9133330323072,2073.82367642208,654.7417088159399,2227.5,642.0,2008.8,588.3
2022-02-02,2022-02-02 01:00:00,2,primary_54,2012.1,681.6,1933.541281810485,616.3893466194509,1983.63650737309,645.0153346926269,2021.4030369219488,637.9245381479031,2010.8018126377187,642.4485926633222,2030.2734812275612,611.3934081956937,2155.5,652.5,1950.9,616.2
2022-02-02,2022-02-02 02:00:00,3,primary_54,1988.1,704.4,1858.489761759075,588.2312194007932,1928.273083023095,629.4282480592447,1984.969349562588,630.8210356382097,1976.2336457190916,637.8529623731697,1977.2616672319443,603.7707038012246,2142.6,678.0,1891.2,627.3
2022-02-02,2022-02-02 03:00:00,4,primary_54,1946.1,660.9,1833.4854153888448,564.4242601359371,1922.1924010337823,610.5523116978152,1954.892706598584,635.0380020476653,1965.641539687603,637.4907510723177,1939.597694626536,596.2640342549349,2132.4,699.0,1887.6,640.8000000000001
2022-02-02,2022-02-02 04:00:00,5,primary_54,2009.4,672.5999999999999,1818.15111966532,532.7613786381819,1956.38319291866,593.6107480909825,2007.4691369166512,640.2500755949245,2001.4996314968887,631.4401846453388,1944.8634797692348,589.9798392794498,2189.7,690.3000000000001,1928.7,656.7
2022-02-02,2022-02-02 05:00:00,6,primary_54,2083.2,673.1999999999999,1889.158248433036,498.0715084146669,2050.6954877160465,576.0838789421646,2081.8664257940004,646.6728622306085,2083.367270032094,631.5426014976214,2037.6862313384863,587.4692339639948,2248.5,687.6,2052.3,647.4
2022-02-02,2022-02-02 06:00:00,7,primary_54,2122.5,634.2,2009.036046283675,478.0010051904989,2109.863693342213,555.0518178865277,2135.0663841210767,615.612733305991,2152.6046832175944,613.0000223393299,2120.193372584585,568.207692961743,2306.4,631.5,2083.2,625.1999999999999
2022-02-02,2022-02-02 07:00:00,8,primary_54,2263.2,699.3,2170.24932632827,481.9418920513247,2274.7224497147004,567.1850627141556,2273.3430041795136,621.1102065162642,2279.475761828432,633.3229762454708,2294.073423722091,583.1016208815846,2367.3,647.4,2214.6,676.8
2022-02-02,2022-02-02 08:00:00,9,primary_54,2693.7,1113.6,2472.478095326184,814.7733720970064,2560.1355112183264,900.2342028928946,2521.706711293848,894.657364580382,2544.556236165117,898.7740779227499,2564.9958831575364,886.5273445307555,2589.6,837.3000000000001,2509.2,929.7
2022-02-02,2022-02-02 09:00:00,10,primary_54,2762.1,1182.0,2596.397687480402,989.303372628332,2719.768779471417,1114.543112722639,2688.12175629341,1081.2872685356565,2718.685993817766,1071.5641391359509,2690.4232477882683,1073.0172129902107,2830.8,1167.3,2662.5,1104.0
2022-02-02,2022-02-02 10:00:00,11,primary_54,2693.1,1061.4,2542.2374830089507,954.3215241392847,2647.130812101648,1084.4622811923598,2635.995012551592,1067.8163598234862,2657.175207680752,1056.3884510821683,2617.118281334148,1048.45513229549,2826.6,1108.5,2646.9,1037.1
2022-02-02,2022-02-02 11:00:00,12,primary_54,2519.4,932.4,2417.416400827653,847.4606060742535,2562.242611585237,1039.5256054935728,2582.062823902308,1004.762838913935,2584.0025523104664,985.2072684443792,2559.795851214424,984.1454921897684,2763.0,1072.5,2644.8,1002.9
2022-02-02,2022-02-02 12:00:00,13,primary_54,2464.5,892.8,2349.62081077535,804.3525615863318,2483.316362635222,1006.4160794879456,2481.175110885475,945.1862040167975,2520.344894938683,963.596897264424,2502.874203043481,957.3729992242812,2733.3,1060.5,2574.3,981.3
2022-02-02,2022-02-02 13:00:00,14,primary_54,2524.8,992.1,2350.252405018654,847.9043460356994,2505.065181154854,1046.1071677521247,2492.519926667705,949.7027960610852,2535.197992690389,972.0194407862098,2518.5104722525,962.131007295168,2704.5,1071.3,2625.3,1032.3
2022-02-02,2022-02-02 14:00:00,15,primary_54,2523.0,991.8,2397.8794019996426,862.6625004025182,2529.4549032555665,1060.9217608056128,2513.5071280334346,918.3234478844112,2550.290188204546,958.925568407928,2571.8281991421936,950.2911874503044,2731.8,1136.4,2585.7,1005.3
2022-02-02,2022-02-02 15:00:00,16,primary_54,2521.8,960.6,2451.633584933388,858.1974571797431,2541.077718576324,992.7418578696928,2538.929002246959,898.4990608090619,2538.4267048750467,917.3935397179504,2562.404090633436,904.0250963517316,2705.7,1110.0,2661.6,1019.7
2022-02-02,2022-02-02 16:00:00,17,primary_54,2584.2,926.7,2344.83158973392,739.3058598068845,2424.853312513033,811.9346280309177,2447.3628285512723,777.5748433156845,2428.0510411413397,767.7548863634471,2457.2447046594903,762.7111307991696,2612.7,856.8000000000001,2483.7,875.4000000000001
2022-02-02,2022-02-02 17:00:00,18,primary_54,2550.6,750.3000000000001,2365.3782320411265,682.9826666763713,2469.0486599087635,743.4247006868361,2485.59755667974,680.6034923363459,2476.164689649136,713.037001209566,2484.4457984743926,693.5168851164203,2604.0,682.5,2575.8,799.5
2022-02-02,2022-02-02 18:00:00,19,primary_54,2463.0,551.7,2493.97682126555,650.1025184233308,2537.067924623134,731.8487919185891,2510.659350586331,663.1116207733717,2517.4624605652016,701.0399989944862,2513.8976054891787,689.1058445128231,2646.3,609.0,2686.8,828.9000000000001
2022-02-02,2022-02-02 19:00:00,20,primary_54,2468.4,585.3,2453.363875935473,605.6162991138675,2489.5150865006126,680.8229227356543,2475.633596984833,617.820532409179,2481.409399672355,652.2938220911664,2470.1746453261107,615.5502967583167,2579.4,551.1,2570.7,679.5
2022-02-02,2022-02-02 20:00:00,21,primary_54,2451.6,567.3,2450.6669795173525,568.4692173345481,2444.7553386118625,657.9000147760906,2436.447613980142,615.8339710189318,2429.752595218904,630.8791787445165,2427.761183986012,592.2251587628147,2556.3,546.9000000000001,2529.0,621.3000000000001
2022-02-02,2022-02-02 21:00:00,22,primary_54,2358.6,545.6999999999999,2352.5075924914145,535.510987297548,2371.4560637996674,657.9058439059423,2381.634102912564,612.3705940202497,2353.9047269454627,625.6139032907262,2387.0403571860743,573.5422267411055,2437.5,536.4,2461.8,635.7
2022-02-02,2022-02-02 22:00:00,23,primary_54,2273.7,561.5999999999999,2274.7684135605296,548.099840140112,2274.6942183749857,648.6271605652265,2292.3839404247174,614.0345100779948,2265.204720767789,627.1877198179745,2295.109996779571,572.0009671426694,2318.4,531.9,2355.9,669.3
2022-02-02,2022-02-02 23:00:00,24,primary_54,2133.0,576.0,2113.6011762384164,546.0896216321789,2112.690845410772,636.4018515271871,2140.5967374190404,606.3775605128235,2114.7360989492163,615.1324004714611,2128.3453003780373,559.2959321396033,2140.8,510.0,2213.7,689.7
2022-02-03,2022-02-03 00:00:00,1,primary_54,1986.9,587.4,2062.653611264922,562.4592092002532,2022.2549854421384,569.280190310247,2013.883033511563,577.3756641675513,2011.7806510602056,574.9864603187526,2013.366323476728,564.9889572120402,2023.2,522.3,2084.7,670.5
2022-02-03,2022-02-03 01:00:00,2,primary_54,1924.8,603.5999999999999,1966.405412818532,587.7960894024237,1957.4156247072344,569.8169946139681,1954.169603463059,590.2985093613928,1959.7187361786248,584.3044878950735,1970.847819219745,576.387655460249,1971.9,537.6,2012.1,681.6
2022-02-03,2022-02-03 02:00:00,3,primary_54,1920.0,639.9000000000001,1942.2050220547733,565.6044213944186,1928.3485760650155,581.7030955221585,1927.6698726599368,605.6719600981495,1918.7917965551635,598.4379760847492,1927.9684885298363,588.193765637736,1961.1,552.9,1988.1,704.4
2022-02-03,2022-02-03 03:00:00,4,primary_54,1986.9,684.9000000000001,1906.7335557216609,571.0108369008283,1937.077196833381,578.957761073025,1933.9589783139588,615.3509485126101,1908.1538129291616,594.2448673919538,1907.5951448540704,589.8725911629956,1965.6,564.6,1946.1,660.9
2022-02-03,2022-02-03 04:00:00,5,primary_54,1975.8,662.4,1923.395138698924,554.6410130562849,1981.43155772469,564.1685061624648,1962.2475662953395,606.2776276578154,1945.3694454919048,584.1873465670747,1936.8603397712047,574.089269507819,2007.0,554.7,2009.4,672.5999999999999
2022-02-03,2022-02-03 05:00:00,6,primary_54,2049.9,654.3000000000001,2034.0051919934167,566.2160945683045,2060.6517045501114,555.7088423134365,2030.9904754891363,602.5286740306551,2021.23089138312,578.5911056236579,1990.208349852614,568.345284442327,2077.2,553.8,2083.2,673.1999999999999
2022-02-03,2022-02-03 06:00:00,7,primary_54,2116.2,633.5999999999999,2036.4504465295377,550.7707960044822,2119.9185998692365,541.556887668631,2082.7317743022286,573.7938749727871,2072.222802780698,557.0847445773355,2066.463352229024,555.8094129326678,2160.6,542.1,2122.5,634.2
2022-02-03,2022-02-03 07:00:00,8,primary_54,2161.8,634.5,2192.3617930651626,589.9813969846921,2258.910139946964,581.9758511616943,2202.7412459589086,606.5253407146677,2199.110046534493,590.1499603961374,2194.791071291409,613.6713660841169,2292.9,592.5,2263.2,699.3
2022-02-03,2022-02-03 08:00:00,9,primary_54,2373.6,757.8000000000001,2564.1210986621545,906.7474317337576,2563.371335602935,937.0122687428802,2550.779401844945,927.3263621130671,2523.8537318181384,921.3079809788748,2550.41983069704,915.576220129883,2574.9,837.9000000000001,2693.7,1113.6
2022-02-03,2022-02-03 09:00:00,10,primary_54,2558.1,927.9,2745.015009209054,1125.8821690801813,2752.5679328047736,1152.788345701823,2765.341452233617,1146.0794998553029,2729.910446591473,1134.8141148708578,2753.7353785874857,1115.1364957579476,2780.1,1015.8,2762.1,1182.0
2022-02-03,2022-02-03 10:00:00,11,primary_54,2608.2,900.9,2755.0262757887854,1088.9475798278847,2746.955907758525,1121.175996985909,2704.474289986602,1089.839511104084,2701.445316208932,1080.8221346030148,2675.8845253686054,1064.2476409724998,2669.4,924.3,2693.1,1061.4
2022-02-03,2022-02-03 11:00:00,12,primary_54,2589.3,962.4,2664.4124615840474,1076.4228702519583,2691.481894460204,1087.1673327577034,2612.492306751656,1075.6569366815168,2611.9784341577874,1049.8239439983302,2629.234002314556,1043.765090535346,2625.9,886.8,2519.4,932.4
2022-02-03,2022-02-03 12:00:00,13,primary_54,2589.9,974.1,2583.052442523272,1007.340976705576,2590.5044562847265,1035.702505339082,2580.0438239938435,1045.8503909478777,2553.694682540254,990.0207214666444,2582.206685451609,983.848936142487,2590.2,859.5,2464.5,892.8
2022-02-03,2022-02-03 13:00:00,14,primary_54,2563.2,944.1,2609.231490662011,1047.1981153018685,2590.0682997804915,1079.8852973395933,2616.816462298092,1084.2115656172311,2577.189613796806,1026.5572655369333,2581.031255191925,1026.5555831609634,2567.7,850.5,2524.8,992.1
2022-02-03,2022-02-03 14:00:00,15,primary_54,2553.0,939.0,2602.31091223988,1002.0384756115502,2597.7687120139385,1072.496747807697,2602.4846887136787,1074.031213570976,2589.7706273467047,1024.8372912798036,2572.664270531359,1025.7035873176346,2797.8,1066.8,2523.0,991.8
2022-02-03,2022-02-03 15:00:00,16,primary_54,2602.2,950.1,2569.77875194254,933.447555132448,2580.4357257080305,977.4133650006828,2582.7970901426584,996.5195488235374,2576.506234804492,967.2116135993416,2573.0552047688284,985.489362785262,2715.6,1011.9,2521.8,960.6
2022-02-03,2022-02-03 16:00:00,17,primary_54,2664.3,929.7,2522.0311042562225,799.9000362061216,2493.2454829878934,800.6897129701534,2509.843540353257,827.1778043822143,2483.6552811041847,800.4639034358513,2496.4320391497786,843.0352612118352,2404.5,874.8,2584.2,926.7
2022-02-03,2022-02-03 17:00:00,18,primary_54,2633.4,753.9000000000001,2589.902079233621,738.5540788466571,2559.248229700327,724.8040094070948,2541.1142078119974,736.9032166997521,2553.516566778302,725.0151383633098,2549.094337048389,736.8642482346912,2621.7,846.5999999999999,2550.6,750.3000000000001
2022-02-03,2022-02-03 18:00:00,19,primary_54,2541.6,622.8000000000001,2582.006155995023,671.0451734118307,2574.8367466190416,701.1013730113353,2547.696598911767,699.6782332538384,2551.5957303118034,678.1191808189966,2563.0976403782497,677.7294028094335,2614.8,742.1999999999999,2463.0,551.7
2022-02-03,2022-02-03 19:00:00,20,primary_54,2509.2,603.0,2470.977292068252,602.5543764878394,2525.2977651801784,651.0422857211124,2488.882735472941,639.3885967437533,2477.2055604383354,631.7260701163625,2493.724775266486,633.76679374244,2490.3,585.9,2468.4,585.3
2022-02-03,2022-02-03 20:00:00,21,primary_54,2477.7,592.8,2479.587634557662,585.930773336156,2485.6895332969298,640.9035814436271,2476.566435753933,643.7544065775594,2444.502107520216,626.409387595843,2444.9735156548045,643.0695441404965,2431.8,535.2,2451.6,567.3
2022-02-03,2022-02-03 21:00:00,22,primary_54,2454.9,610.1999999999999,2438.791875023878,595.9442390767367,2444.287574280947,643.7326892528619,2438.600347961439,660.5868669735249,2396.9032394633346,623.9324167162082,2385.6473949260417,640.7146746065204,2356.2,527.1,2358.6,545.6999999999999
2022-02-03,2022-02-03 22:00:00,23,primary_54,2349.3,643.8,2337.110944085688,566.2189771088973,2305.3964875534743,640.2856444588709,2300.706223334212,658.7431554151037,2305.33842320837,623.1275748555588,2288.692832486555,630.9117387059525,2243.1,532.2,2273.7,561.5999999999999
2022-02-03,2022-02-03 23:00:00,24,primary_54,2232.9,669.3,2177.37190588016,549.2704737149263,2158.595348704331,625.3751892052217,2172.8484647328,645.3468454057905,2161.260780271421,608.2189169022918,2145.9413047462226,620.8253785250461,2099.7,543.0,2133.0,576.0
2022-02-04,2022-02-04 00:00:00,1,primary_54,2059.5,627.0,2075.039083511136,661.5297248001483,2071.6910076311733,651.0498150878257,2093.674485048516,653.4992328018441,2079.821048146989,648.6821449885376,2117.986012109233,649.5639053499153,2008.5,562.8,1986.9,587.4
2022-02-04,2022-02-04 01:00:00,2,primary_54,1979.4,589.5,1974.6681857288747,650.6756835600672,1984.6908780414087,641.2038844492384,2013.680085771099,641.5634236093557,1994.207082900247,635.5820889703405,2023.293420450968,631.6922493705351,1950.9,591.9,1924.8,603.5999999999999
2022-02-04,2022-02-04 02:00:00,3,primary_54,1911.9,588.6,1936.8064425386265,637.9654722744,1940.223190295539,628.5047221815432,1988.4053843026643,635.1996999044534,1967.052099090358,620.3709380338029,1985.571550467322,622.4689351667934,1899.6,609.6,1920.0,639.9000000000001
2022-02-04,2022-02-04 03:00:00,4,primary_54,1913.1,597.0,1951.717798663396,623.0778713581794,1950.6644806642803,613.3815558152857,1967.784673070127,630.91594618229,1972.2836188033784,616.8268014313466,1985.3211500889615,620.6757655726609,1905.9,635.7,1986.9,684.9000000000001
2022-02-04,2022-02-04 04:00:00,5,primary_54,1960.8,599.6999999999999,2026.5132439174367,618.1488724094219,1990.9563677839749,600.0036625659881,1988.1229066830335,631.7351592268685,1999.5347708886743,615.3338441700254,2026.338557910468,628.7531468587055,1930.2,634.5,1975.8,662.4
2022-02-04,2022-02-04 05:00:00,6,primary_54,2033.4,592.1999999999999,2048.258115565693,617.6099010023237,2052.227224044585,576.609270881697,2067.029899965049,620.4090015425205,2067.3954041277884,605.3676254307494,2075.4446034424677,616.5740089804497,2055.6,648.9000000000001,2049.9,654.3000000000001
2022-02-04,2022-02-04 06:00:00,7,primary_54,2102.1,567.3000000000001,2073.370956114225,552.5959749908656,2108.0031008748747,558.5800265980366,2118.194767946164,593.3951791846935,2119.4839880117565,588.3381875290335,2106.422113527126,597.6958289092387,2099.7,613.2,2116.2,633.5999999999999
2022-02-04,2022-02-04 07:00:00,8,primary_54,2221.8,623.7,2134.341238619484,575.3268180358887,2217.540960173222,571.6148992729942,2207.3158007621587,596.3737387722722,2216.1028679083165,601.8883750002599,2176.286639631549,617.1205212482785,2095.5,551.1,2161.8,634.5
2022-02-04,2022-02-04 08:00:00,9,primary_54,2622.9,970.2,2454.10830375931,826.8379583804207,2528.5527646327632,848.3979432524118,2509.390755027229,845.2377564249349,2508.433382282137,857.8886915824038,2505.727013286717,854.1169783671713,2350.2,727.5,2373.6,757.8000000000001
2022-02-04,2022-02-04 09:00:00,10,primary_54,2774.4,1154.7,2759.560696093913,1075.449540415423,2735.1911202880865,1099.9054159894447,2702.757216605337,1099.6130805489722,2740.204134196005,1097.9440407708826,2754.929705746923,1075.586149739601,2674.2,1043.4,2558.1,927.9
2022-02-04,2022-02-04 10:00:00,11,primary_54,2671.8,1055.7,2739.326258152896,1163.2127843123735,2726.106869415958,1101.2855107884538,2675.550140378529,1084.362520346457,2733.4446663206204,1102.3293317093935,2746.772056700788,1080.9651082413782,2649.3,976.2,2608.2,900.9
2022-02-04,2022-02-04 11:00:00,12,primary_54,2540.4,1020.9,2672.226436785936,1127.805414300709,2683.6350369729275,1078.9163358820458,2620.583490705565,1086.619471738948,2661.8186708804137,1081.1535448633963,2678.573919999445,1088.009557193937,2625.9,953.4,2589.3,962.4
2022-02-04,2022-02-04 12:00:00,13,primary_54,2499.6,966.3,2563.9388543077657,1066.9815609383656,2581.134397606397,1043.9264370798066,2558.7286224393947,1026.513043657522,2561.224609791948,1038.8157207164534,2603.684742554285,1019.7306726868096,2509.2,923.4,2589.9,974.1
2022-02-04,2022-02-04 13:00:00,14,primary_54,2468.1,1009.5,2575.5203702521503,1123.3291186886463,2572.5471642596667,1093.1601093110985,2600.2139430669013,1063.7172227602812,2574.6675394870226,1066.3971111190417,2601.935952679401,1048.1329579619896,2495.7,910.8,2563.2,944.1
2022-02-04,2022-02-04 14:00:00,15,primary_54,2541.6,1024.2,2572.196329573449,1125.4378699493236,2574.830610651382,1110.476706667938,2601.936703775945,1080.9341123009135,2584.4692183244456,1084.0746948678573,2610.955024241337,1040.5649585802407,2544.3,968.7,2553.0,939.0
2022-02-04,2022-02-04 15:00:00,16,primary_54,2575.5,985.5,2578.5478834601045,1105.247479514948,2582.125293418232,1023.458931903102,2611.1554048282565,1033.5866747911966,2603.9397759342664,1013.9224110189664,2622.5283682133377,999.355175613992,2583.9,964.2,2602.2,950.1
2022-02-04,2022-02-04 16:00:00,17,primary_54,2530.8,827.7,2518.645096650019,878.6859053684998,2492.7715160947,827.9540839347108,2522.789191192038,846.9396418441581,2531.5986307425587,816.3842653195766,2545.333731292602,824.6906132203006,2451.0,796.8,2664.3,929.7
2022-02-04,2022-02-04 17:00:00,18,primary_54,2595.9,732.0,2580.753741979321,721.9124500438546,2579.4531420931708,721.2168450692009,2605.335283273316,727.6825665389994,2604.613177260604,724.8897582880687,2610.8967419040846,713.3514004562824,2397.0,584.7,2633.4,753.9000000000001
2022-02-04,2022-02-04 18:00:00,19,primary_54,2541.0,625.2,2613.0274517049857,690.6953451514058,2608.5835895484347,703.592185716167,2592.2345854952187,682.5251668971173,2610.059784199668,699.8723740816183,2595.293912859244,695.2828417460538,2448.3,586.2,2541.6,622.8000000000001
2022-02-04,2022-02-04 19:00:00,20,primary_54,2533.5,623.1,2614.0691995994985,676.1449101099906,2570.349958406903,675.4139009592667,2559.119027721191,668.9801305049098,2565.7633414853663,677.930629922745,2545.599222504383,664.2367233495075,2426.4,566.7,2509.2,603.0
2022-02-04,2022-02-04 20:00:00,21,primary_54,2462.7,564.3000000000001,2553.8242123724663,623.7959502607547,2521.8122279553154,658.6171374886748,2520.064993503913,653.0477010184275,2517.5955050818466,662.6079034052677,2473.694709901488,637.3906239909716,2376.0,539.4,2477.7,592.8
2022-02-04,2022-02-04 21:00:00,22,primary_54,2417.7,584.0999999999999,2454.913041057908,648.2254643750998,2470.3342482413086,657.9508838044295,2456.0284553216698,667.9260508229237,2443.054735004928,659.045569572178,2400.97222244408,638.0986724147026,2330.4,551.6999999999999,2454.9,610.1999999999999
2022-02-04,2022-02-04 22:00:00,23,primary_54,2323.2,568.2,2334.521832329305,681.1410466416634,2372.666997052001,656.9531378353913,2344.493981448669,665.6207051623661,2333.2094607720383,658.9898270646661,2322.2646139758644,655.2622799960153,2227.2,546.3,2349.3,643.8
2022-02-04,2022-02-04 23:00:00,24,primary_54,2181.0,580.5,2204.6371013913345,651.2903302641008,2207.763534888405,637.8758325358,2207.0176242779926,637.6131886218728,2214.7496848485657,639.5136779574393,2206.86067716154,644.2567407415687,2127.6,573.0,2232.9,669.3
2022-02-05,2022-02-05 00:00:00,1,primary_54,2094.9,601.8,2000.041475019747,559.9684543565213,2026.958334906214,571.0549576655334,2052.1295331150286,566.3551159032431,2039.925399721172,569.3243986367859,2054.185544309169,557.7521527036181,2004.9,590.7,2059.5,627.0
2022-02-05,2022-02-05 01:00:00,2,primary_54,1999.5,580.8,1972.2287275853075,561.9288228702068,1954.22385529386,567.7629450697832,1972.843297688899,564.1893316305724,1964.802801516014,566.7328808292518,1994.3271654943387,556.4804613622495,1929.0,606.9,1979.4,589.5
2022-02-05,2022-02-05 02:00:00,3,primary_54,1943.1,569.6999999999999,1938.0201896260512,584.5515751842986,1916.064719044388,562.3020401316662,1937.243442208768,565.1630103740628,1912.4303697364703,564.7455579911529,1978.8794293312944,558.4795851975717,1899.0,635.6999999999999,1911.9,588.6
2022-02-05,2022-02-05 03:00:00,4,primary_54,1942.8,582.0,1917.298594572493,578.406295885938,1908.931709383626,555.8980049209277,1936.8195865459747,568.62532097628,1914.974761649997,562.9425369331256,1954.926736477788,563.2614379375655,1868.4,633.3,1913.1,597.0
2022-02-05,2022-02-05 04:00:00,5,primary_54,1953.9,590.0999999999999,1964.661924489032,561.2524282901478,1929.609516332704,544.7752228878313,1968.869033358488,558.3288703321226,1925.6622490163213,556.3730012920657,1955.5471543189155,551.3313991516821,1898.1,643.2,1960.8,599.6999999999999
2022-02-05,2022-02-05 05:00:00,6,primary_54,2002.2,589.5,1988.9904143041576,548.4129155615906,2001.2322750370213,524.7836868983203,2021.5920490663907,548.9467913958013,1983.440505322687,551.5898673931773,2014.8141392091443,546.736290603286,1909.2,612.0,2033.4,592.1999999999999
2022-02-05,2022-02-05 06:00:00,7,primary_54,1987.8,549.0,1995.6274904475847,520.1301254816688,2047.364646256613,512.0725523363312,2048.910095141179,525.7472305538313,2032.791378620973,533.6898099755917,2052.0369890242773,533.1167263827665,1876.5,554.4,2102.1,567.3000000000001
2022-02-05,2022-02-05 07:00:00,8,primary_54,2088.6,587.7,2075.6562742315045,564.1626209939307,2139.997525791055,526.5997991777118,2144.4648742122345,542.9076459246388,2113.189526531679,549.1364765201381,2127.738580786416,551.2609370438887,1908.9,526.8,2221.8,623.7
2022-02-05,2022-02-05 08:00:00,9,primary_54,2297.4,650.7,2328.9783597977867,678.0341962291835,2447.3052470721746,668.2960701821434,2387.652723983989,671.764476088617,2375.8415492750337,660.6333182561416,2419.94464048996,652.7654686818377,2151.6,612.0,2622.9,970.2
2022-02-05,2022-02-05 09:00:00,10,primary_54,2337.9,624.0,2552.052911578354,782.015137965478,2634.0763384370475,797.4708171067604,2555.199140683507,784.1607293090173,2519.264741916221,768.9042219907399,2570.059925989196,755.7042505139993,2291.1,596.1,2774.4,1154.7
2022-02-05,2022-02-05 10:00:00,11,primary_54,2389.2,604.8,2548.753280622946,753.9483131136392,2622.2219686540625,758.2574075838814,2543.6878761439025,725.1249091947902,2546.847530132965,722.8739961239421,2547.601754964436,731.427746776602,2289.9,560.7,2671.8,1055.7
2022-02-05,2022-02-05 11:00:00,12,primary_54,2414.1,587.7,2476.308403709628,726.7244226386911,2554.6918072775284,705.4950656652616,2503.0224342815254,671.9390440086667,2477.59645678574,681.955534312919,2464.2400823698963,689.8480019016681,2316.0,555.0,2540.4,1020.9
2022-02-05,2022-02-05 12:00:00,13,primary_54,2400.3,558.6,2459.5375103928504,676.5543705592306,2472.733988424732,682.6317828924635,2439.754257095389,654.9587540004616,2399.561848713842,658.8170931147205,2404.601708377764,663.3242995948759,2280.3,536.1,2499.6,966.3
2022-02-05,2022-02-05 13:00:00,14,primary_54,2394.9,583.5,2373.0160751924222,670.4295336344446,2446.796717493216,698.3199807760545,2365.0908987080934,650.7540100786975,2360.3321217701764,662.96393389949,2380.082503368972,668.757194048841,2225.1,532.2,2468.1,1009.5
2022-02-05,2022-02-05 14:00:00,15,primary_54,2374.8,601.2,2361.360988673541,693.704569400209,2440.506843227261,713.2712055694549,2383.7789296664346,652.2555521067638,2337.0018335420755,664.310810798113,2396.145748666782,663.7492482704604,2230.8,532.5,2541.6,1024.2
2022-02-05,2022-02-05 15:00:00,16,primary_54,2353.2,574.2,2367.826374306368,720.935124384535,2428.132520212276,696.204692229479,2390.919911579282,637.3569838918061,2312.916372296356,633.3550850558646,2394.32685768986,638.8857937374282,2234.7,526.5,2575.5,985.5
2022-02-05,2022-02-05 16:00:00,17,primary_54,2297.1,531.3,2320.1493063349226,649.3175882389421,2359.588820480585,624.5669514216556,2361.829776898127,571.17948407413,2278.0306366504087,564.3831960631304,2333.8893599089306,583.3908026845914,2270.1,517.2,2530.8,827.7
2022-02-05,2022-02-05 17:00:00,18,primary_54,2388.9,507.9,2385.7514499259614,625.0521701702822,2404.9502916626943,593.1544122454148,2423.125841030956,554.9891233330014,2338.346580049157,538.6955286016439,2363.7308798807585,564.6190717733532,2361.6,527.7,2595.9,732.0
2022-02-05,2022-02-05 18:00:00,19,primary_54,2411.1,507.6,2433.272827988022,605.9964099303245,2440.5118596741795,574.4224030433285,2417.2195609919827,551.0269797642002,2362.8890508518207,530.8428317693058,2378.384892072078,562.1716135262004,2367.9,518.1,2541.0,625.2
2022-02-05,2022-02-05 19:00:00,20,primary_54,2332.8,497.7,2414.7401971512463,555.9816030392494,2376.0061819326725,559.0094105268555,2399.785076309111,538.4484142617769,2352.706288186071,523.033076998217,2352.1434495717253,556.5906758180115,2364.6,528.0,2533.5,623.1
2022-02-05,2022-02-05 20:00:00,21,primary_54,2282.4,474.6,2394.685383522556,537.3186058288321,2344.8515512222684,538.0298509260679,2365.681840622058,528.1745964929025,2316.153213698061,517.9341262565537,2322.71862520407,538.0905655608474,2278.5,495.0,2462.7,564.3000000000001
2022-02-05,2022-02-05 21:00:00,22,primary_54,2227.2,499.8,2308.264976019854,527.4489035380074,2287.5001863615125,527.7349957608052,2305.480013913716,522.3444270100302,2277.130551177729,522.8151622708098,2280.0749296760578,534.8443577918739,2233.8,502.8,2417.7,584.0999999999999
2022-02-05,2022-02-05 22:00:00,23,primary_54,2170.8,512.7,2215.8675227016984,516.9389924109207,2200.520846989594,515.9959797303692,2218.665808357341,527.1471964308498,2193.779335844928,521.2174175432172,2193.735265158369,528.1156220924319,2136.0,494.1,2323.2,568.2
2022-02-05,2022-02-05 23:00:00,24,primary_54,2047.2,528.9,2035.45221052882,511.4229914004143,2041.8218030843848,501.8531293859109,2066.623970883349,525.3616682709466,2020.1288086328263,511.0302210868202,2032.231952796067,518.9004232671964,2013.0,496.8,2181.0,580.5
2022-02-06,2022-02-06 00:00:00,1,primary_54,1931.4,535.2,2005.184427794675,483.766356842872,1943.2676888708004,508.44044584622793,1953.1140642890584,519.7459684761259,1953.0018444903508,515.3981312827981,1959.2512457406208,528.1645423992398,1938.9,526.8,2094.9,601.8
2022-02-06,2022-02-06 01:00:00,2,primary_54,1880.7,550.2,1914.7368129961271,460.5492766272308,1877.2187400609755,503.0751835986367,1873.946482538753,513.1857345725874,1882.3326663486816,507.7962120244881,1884.666585535248,524.2632991778016,1882.5,539.7,1999.5,580.8
2022-02-06,2022-02-06 02:00:00,3,primary_54,1851.3,570.0,1840.707085147,464.7540777328368,1840.5667257182383,499.51921992135976,1831.164536128544,511.7322353604361,1841.6927069679195,507.6040729260853,1856.118024599256,521.2885813601445,1860.0,576.6,1943.1,569.6999999999999
2022-02-06,2022-02-06 03:00:00,4,primary_54,1809.0,546.9,1759.856163106989,453.13330001243656,1831.653292272676,498.0086579319514,1799.3724090740202,511.6476212501389,1830.5705874017503,507.4933502058125,1845.9246266067144,522.8733993813798,1834.5,582.6,1942.8,582.0
2022-02-06,2022-02-06 04:00:00,5,primary_54,1784.1,536.4,1736.093154061365,441.15520945214666,1838.5597690177456,485.8908283121385,1808.274353718729,511.3065852016328,1834.040156241275,507.4534383486819,1863.17851825347,527.809962474329,1896.0,598.2,1953.9,590.0999999999999
2022-02-06,2022-02-06 05:00:00,6,primary_54,1834.5,534.9,1771.5114413967733,440.72731960005655,1900.8385475198463,478.8419412526963,1890.907428010513,513.5263871912272,1897.9192081266483,507.9775695029663,1906.944108384887,532.2675003652475,1965.3,608.7,2002.2,589.5
2022-02-06,2022-02-06 06:00:00,7,primary_54,1847.4,526.8,1868.93276567342,426.9664202639446,1962.7086592213743,466.795102622308,1941.7379077442904,502.2816603499636,1928.9322132066272,503.1834729130671,1936.1081137484712,511.83838139765646,1926.6,577.8,1987.8,549.0
2022-02-06,2022-02-06 07:00:00,8,primary_54,2025.9,601.5,2074.6817347604942,448.0316151887421,2080.4071474747734,487.10964775222544,2039.524310668836,530.0922838174097,2032.2952692648864,529.6637784753409,2024.1421188549043,540.2263298368756,1959.3,568.8,2088.6,587.7
2022-02-06,2022-02-06 08:00:00,9,primary_54,2257.5,675.0,2298.635048562397,550.803896687473,2327.8380579876707,610.1575859789433,2274.5473251842,635.30571149279,2274.8477244610185,633.0346561276289,2270.03662554984,641.8554161344952,2199.3,635.7,2297.4,650.7
2022-02-06,2022-02-06 09:00:00,10,primary_54,2410.8,763.8,2358.27216558432,596.3074209512649,2449.8096592851225,632.274467019971,2396.044602214812,683.9482346002641,2382.883340918432,672.678786405139,2383.1577578476054,705.1419280335783,2386.5,675.0,2337.9,624.0
2022-02-06,2022-02-06 10:00:00,11,primary_54,2401.2,714.0,2387.0454527148204,584.444697863229,2432.466666605153,618.0580772111131,2401.668481512,658.1718684217245,2393.2130212978614,659.7567472008126,2384.158477630133,672.0658983480284,2405.4,648.9,2389.2,604.8
2022-02-06,2022-02-06 11:00:00,12,primary_54,2376.0,674.4,2411.8619719947883,590.8586550963648,2406.355440098431,603.5948670720784,2384.879833978432,639.6492868512164,2379.710119468156,647.7567840803549,2367.078405341352,637.089317468053,2409.2,633.3,2414.1,587.7
2022-02-06,2022-02-06 12:00:00,13,primary_54,2310.3,658.5,2363.7650973709465,593.0528321220988,2345.020688675489,590.5519245189048,2327.6264766233853,613.1930635169363,2320.3807549929093,643.9484422152581,2306.097037295808,598.8182156527764,2310.0,614.4,2400.3,558.6
2022-02-06,2022-02-06 13:00:00,14,primary_54,2265.3,647.4,2387.320131099442,619.0277580792039,2322.238514840488,598.0403555341916,2320.3064340060105,613.6267756458897,2301.6287168202925,646.9836381277222,2281.195512973577,601.6568777107362,2283.6,600.0,2394.9,583.5
2022-02-06,2022-02-06 14:00:00,15,primary_54,2276.1,661.2,2346.297547533275,595.2027081673102,2313.37351537643,588.5378092823248,2318.8398265251526,603.9346937228064,2295.553948992089,640.8645579893935,2300.2852067542576,607.985382832148,2276.1,600.6,2374.8,601.2
2022-02-06,2022-02-06 15:00:00,16,primary_54,2304.6,672.0,2285.7315326125263,558.5832794141401,2296.5215144556937,574.8061588766136,2298.335598322063,578.226281670367,2267.84593425682,605.3662380101706,2264.279149320658,578.2092472138795,2251.2,604.5,2353.2,574.2
2022-02-06,2022-02-06 16:00:00,17,primary_54,2238.6,597.9,2264.866194805152,493.9477406934034,2264.996230318602,537.3948371176335,2265.2814450082474,525.8789598871283,2231.531118448974,558.8349022926601,2271.447006235399,548.4785179778285,2225.7,556.5,2297.1,531.3
2022-02-06,2022-02-06 17:00:00,18,primary_54,2287.2,550.5,2381.552866241894,508.8323295736359,2332.5488887860183,512.5202776616602,2336.0191826082,526.2692236967268,2327.6054279187047,529.0457905587388,2380.8897305640558,540.6590563493954,2291.1,533.7,2388.9,507.9
2022-02-06,2022-02-06 18:00:00,19,primary_54,2337.0,534.3,2424.220878467925,512.076356077838,2368.035259284083,505.2701824597875,2384.848276092237,526.0272991108475,2367.7677324048914,520.6244655973112,2394.831331132731,548.609825965078,2300.4,501.6,2411.1,507.6
2022-02-06,2022-02-06 19:00:00,20,primary_54,2370.6,556.8,2365.462993355619,490.0070390886408,2346.111878151167,497.491254505678,2351.7590038455405,523.0881108192606,2346.5155209332083,510.6446526491641,2382.358764171771,538.96313051326,2308.2,497.7,2332.8,497.7
2022-02-06,2022-02-06 20:00:00,21,primary_54,2319.6,548.7,2305.088598725686,483.6807944861719,2292.543948834213,488.8723059628807,2276.5180901935187,512.5542498636568,2280.9379244379825,498.1754662541567,2334.649251204925,528.5613422992709,2282.4,492.0,2282.4,474.6
2022-02-06,2022-02-06 21:00:00,22,primary_54,2242.8,542.7,2207.311052679382,484.9138343487827,2237.3239986269737,493.999094866039,2219.858949306866,521.817155866588,2217.5413754067977,498.0122326526068,2277.36918159777,532.8428022299516,2225.1,493.5,2227.2,499.8
2022-02-06,2022-02-06 22:00:00,23,primary_54,2142.3,560.4,2111.398164824688,492.0444478164936,2133.9058986093764,494.8779268357556,2137.7125808059927,524.9737901052522,2120.393101988707,499.4656638103859,2153.740185046976,530.6014147713806,2126.1,510.9,2170.8,512.7
2022-02-06,2022-02-06 23:00:00,24,primary_54,1970.1,549.9,1980.9763509045767,475.2304556748127,1997.2768026561523,485.7701820229906,1991.5281238877049,518.3060004685804,1983.7834986303592,502.0303427132265,2002.5673918908344,514.3381984462366,2004.9,515.4,2047.2,528.9
2022-02-07,2022-02-07 00:00:00,1,primary_54,1893.3,573.3,1851.304723167168,538.6495349322287,1878.3404738395104,534.2271492259084,1869.9263875863253,542.7461000211999,1891.0561230917792,534.2455477903328,1891.12152185132,552.004297260106,1895.1,526.8,1931.4,535.2
2022-02-07,2022-02-07 01:00:00,2,primary_54,1782.6,572.1,1795.7281735851054,532.0085371050861,1815.528875303588,525.0972304134222,1804.664150647527,542.5502207891118,1817.563862063003,533.6077568627843,1811.2106896463756,555.3912687885766,1819.2,544.2,1880.7,550.2
2022-02-07,2022-02-07 02:00:00,3,primary_54,1773.0,591.3,1747.441662407757,521.9449562813645,1782.015001882325,517.0483973197897,1790.0321269709088,547.0297971826097,1785.1426374913792,532.6081655631734,1768.4481138923147,546.7318783607656,1778.1,555.0,1851.3,570.0
2022-02-07,2022-02-07 03:00:00,4,primary_54,1762.8,605.7,1716.5415539869175,528.1621390827758,1771.0145271607628,515.5229708848054,1763.147946552587,548.2915236973762,1765.6709960674243,536.4446551245898,1752.7893085264084,547.7030678517168,1762.2,567.6,1809.0,546.9
2022-02-07,2022-02-07 04:00:00,5,primary_54,1755.0,606.3,1705.401462115669,525.639838828061,1775.166270756574,507.7369927590049,1784.5923070242775,539.9557530899481,1769.4848283736153,532.5429547508138,1760.593102122168,541.0041141146934,1769.7,558.0,1784.1,536.4
2022-02-07,2022-02-07 05:00:00,6,primary_54,1831.2,598.5,1738.9803066180284,509.5073396650524,1830.509444059596,498.50951658308384,1866.7922675773875,535.3894470441295,1840.9288157006104,527.8097315659186,1827.1778141602497,533.2768162397176,1849.8,551.1,1834.5,534.9
2022-02-07,2022-02-07 06:00:00,7,primary_54,1916.7,561.6,1799.1904285034898,522.4352293813874,1927.493021522857,492.37413488603175,1939.167548104096,523.9008661194374,1925.7991868750823,527.562871446773,1907.253744633064,523.0749356482502,1946.1,539.1,1847.4,526.8
2022-02-07,2022-02-07 07:00:00,8,primary_54,2058.3,612.0,2006.4525287642944,597.3333986679148,2132.5176012170523,532.6068228720435,2149.7244555080792,597.855628006469,2123.144317329026,580.0237056773623,2089.670394236989,574.1705628519909,2101.5,624.6,2025.9,601.5
2022-02-07,2022-02-07 08:00:00,9,primary_54,2272.5,748.8,2358.856770636103,818.5593191135599,2424.846951214415,829.2190492288685,2398.403494977787,852.006629739121,2396.3358267564845,841.8557805267304,2366.113309628309,837.3449001002,2367.9,820.2,2257.5,675.0
2022-02-07,2022-02-07 09:00:00,10,primary_54,2516.1,1005.0,2500.812713208916,1017.2781599828464,2616.5523032033884,1031.8234738946285,2551.6518839772875,1045.5877369364357,2565.366634596364,1047.7063921796253,2522.5655264515503,1065.247192561747,2472.3,880.1999999999999,2410.8,763.8
2022-02-07,2022-02-07 10:00:00,11,primary_54,2569.5,1021.8,2557.3324732649453,1102.78039676227,2620.674370304782,1085.5094288587554,2568.3611890555326,1057.4090486039502,2589.8498843554034,1061.038908867719,2574.49489130143,1075.8596017886057,2506.5,886.2,2401.2,714.0
2022-02-07,2022-02-07 11:00:00,12,primary_54,2483.1,953.4,2548.000230292259,1120.8168690746045,2581.200439340829,1076.522562950663,2542.0447902696865,1017.7919612995948,2563.8879137682734,1040.4198772151622,2564.6001339258905,1060.9245247819592,2466.0,845.4000000000001,2376.0,674.4
2022-02-07,2022-02-07 12:00:00,13,primary_54,2550.6,977.4,2536.2481335783264,1153.5371604573018,2550.8738401234064,1082.2672348605254,2544.443886431025,1039.302308501035,2528.0462231865404,1045.0066459141285,2573.2148329290594,1057.57802259016,2422.2,852.3000000000001,2310.3,658.5
2022-02-07,2022-02-07 13:00:00,14,primary_54,2523.3,999.3,2545.9189588434,1194.9117777612737,2549.159729399995,1132.7660305789043,2534.9379977838253,1110.005063216713,2519.708987269588,1086.768260676675,2536.978697078666,1114.208940928994,2416.8,844.5,2265.3,647.4
2022-02-07,2022-02-07 14:00:00,15,primary_54,2396.1,993.6,2514.860246165269,1237.096925046543,2550.321854216242,1141.5692863747547,2545.1186341563653,1138.3393586133811,2533.551130599629,1124.297311607446,2538.0848797793674,1138.6106997423335,2392.2,844.1999999999999,2276.1,661.2
2022-02-07,2022-02-07 15:00:00,16,primary_54,2359.5,944.7,2453.488888154788,1179.4497411671375,2535.683947467557,1078.304327142875,2526.1024992138205,1105.7896299675947,2510.6219422052263,1089.8200660976738,2527.728833557921,1107.4050411552807,2428.8,856.2,2304.6,672.0
2022-02-07,2022-02-07 16:00:00,17,primary_54,2328.3,771.0,2323.846783902778,957.010050353612,2453.081477885294,891.8346094969262,2415.303751379108,882.8500676377291,2402.5267165676605,889.9022285014083,2388.8478479146447,878.4371406771228,2465.7,831.9,2238.6,597.9
2022-02-07,2022-02-07 17:00:00,18,primary_54,2229.3,567.6,2285.2427799559764,816.4773599429948,2453.970423186134,779.2350443537185,2394.5591426243377,735.4259521924095,2415.405070777374,762.6768541087459,2339.573991272688,771.148696882912,2482.2,751.5,2287.2,550.5
2022-02-07,2022-02-07 18:00:00,19,primary_54,2251.8,523.2,2409.8554504155204,770.2429954655207,2479.3067264693123,746.3924003042454,2457.712350901756,700.9543040461862,2441.0726533360294,708.7582141814908,2438.677067001297,734.0560807690019,2572.5,782.4000000000001,2337.0,534.3
2022-02-07,2022-02-07 19:00:00,20,primary_54,2277.0,535.2,2385.371917223762,698.6532032254893,2460.15950030613,684.8148387077309,2409.505177244172,669.970163404256,2396.581835920089,676.0581281182587,2404.0509648111683,692.9920377186883,2469.6,634.8,2370.6,556.8
2022-02-07,2022-02-07 20:00:00,21,primary_54,2264.7,547.8,2304.95733227424,636.5933950832591,2413.104730390447,662.450848082585,2359.370175763895,647.113318413912,2352.718536042725,650.589335832341,2376.14104754,662.0284574523135,2361.6,536.1,2319.6,548.7
2022-02-07,2022-02-07 21:00:00,22,primary_54,2152.5,520.2,2249.920356039405,642.4698027756913,2345.311357698845,662.2527186325563,2323.406056871008,648.8032129019639,2286.1995188610213,650.750424909407,2315.295959060943,669.2719745798017,2315.1,540.3,2242.8,542.7
2022-02-07,2022-02-07 22:00:00,23,primary_54,2044.5,528.0,2200.0356089960464,668.5990128406384,2241.363503266656,657.3237348893232,2209.9792911962427,663.6219257586986,2187.4849038591205,658.0626082919631,2207.235843132177,682.4858032884779,2230.2,565.5,2142.3,560.4
2022-02-07,2022-02-07 23:00:00,24,primary_54,1889.1,524.7,2022.4963169500968,657.3418567631587,2077.952436644101,641.6980634868216,2036.197194094579,644.1466153973474,2021.4073890146944,637.6108178134972,2019.708965136292,658.5501468283215,2068.2,556.8,1970.1,549.9
2022-02-08,2022-02-08 00:00:00,1,primary_54,1807.8,558.9,1814.699641038326,534.9922478203448,1797.0764762506656,526.7471814118668,1811.457425451856,552.3277084708873,1819.2533888358837,557.7920096171716,1848.7191690115887,558.5005356176645,2008.8,588.3,1893.3,573.3
2022-02-08,2022-02-08 01:00:00,2,primary_54,1779.6,588.3,1739.2279627761652,538.4110327254081,1761.2944651608727,530.3717747088501,1779.915737857632,564.9799579610539,1778.7799919503625,575.4474680474743,1811.8669171746703,569.4702421309705,1950.9,616.2,1782.6,572.1
2022-02-08,2022-02-08 02:00:00,3,primary_54,1747.2,596.7,1679.954535542336,559.9344397069771,1743.0331515451326,531.7175812338459,1744.5666263713126,581.9389003570216,1765.5556903655004,586.7958152140875,1796.605137365085,582.3452405780444,1891.2,627.3,1773.0,591.3
2022-02-08,2022-02-08 03:00:00,4,primary_54,1730.7,597.6,1750.9372814233573,561.726205291719,1741.3851408865185,534.591650652827,1747.2550056821287,602.1654468081048,1770.7591922466022,591.9394408399651,1803.0245758547603,595.2042737930626,1887.6,640.8000000000001,1762.8,605.7
2022-02-08,2022-02-08 04:00:00,5,primary_54,1731.6,594.6,1745.0295252723226,556.8557868297511,1750.91108802217,527.5291659020982,1767.592116446406,606.3505508316621,1785.3224454245817,591.2583069537301,1796.5622651639817,592.0710980208602,1928.7,656.7,1755.0,606.3
2022-02-08,2022-02-08 05:00:00,6,primary_54,1804.2,576.9,1834.0472232013133,543.316265889828,1832.6253412228368,519.722407312414,1848.279104990266,596.5018160082448,1850.90475289454,589.6872031552617,1866.467655110776,593.0417196312757,2052.3,647.4,1831.2,598.5
2022-02-08,2022-02-08 06:00:00,7,primary_54,1865.1,551.1,1931.583827655856,511.702632928163,1951.3471741654248,517.4879821830165,1961.7697143517269,575.5260440791274,1972.4552005200208,589.0163996689192,1978.5209098973437,574.930119118236,2083.2,625.1999999999999,1916.7,561.6
2022-02-08,2022-02-08 07:00:00,8,primary_54,2022.6,585.6,2097.581602071756,571.4634310565158,2137.9371444885765,555.6203504509417,2101.634319506199,603.3693161431846,2137.584540682833,614.1730214605179,2117.0962717491298,623.390778675853,2214.6,676.8,2058.3,612.0
2022-02-08,2022-02-08 08:00:00,9,primary_54,2258.1,751.2,2449.5204170619186,888.5220329276947,2426.3826162964046,887.7376821468647,2392.87743760208,888.2787302160658,2403.793847090222,885.592908838976,2417.173484088853,932.2922857120868,2509.2,929.7,2272.5,748.8
2022-02-08,2022-02-08 09:00:00,10,primary_54,2541.3,1029.0,2589.2731931899834,1153.3644036605351,2625.66534553094,1149.442964743139,2558.3897277789047,1122.1199474238335,2590.73277447953,1111.4701982624997,2574.8834641384806,1099.5786231440827,2662.5,1104.0,2516.1,1005.0
2022-02-08,2022-02-08 10:00:00,11,primary_54,2532.3,1048.2,2595.4401223407585,1199.8232574132924,2592.5315847036686,1124.9424633190658,2592.092270530088,1117.1943259391,2586.1581829865863,1087.555759017726,2594.158998543768,1107.6236538648045,2646.9,1037.1,2569.5,1021.8
2022-02-08,2022-02-08 11:00:00,12,primary_54,2409.6,969.6,2524.6991462607502,1150.8982058199094,2563.7760887013665,1077.184277995247,2558.7468806214906,1073.6842871031315,2549.132684325655,1062.805481974966,2550.894046320192,1082.7486025377214,2644.8,1002.9,2483.1,953.4
2022-02-08,2022-02-08 12:00:00,13,primary_54,2341.5,941.4,2411.4866257671324,1057.4980824701015,2511.5136097662594,1044.6624391059777,2507.506808388799,1044.5164521671284,2490.590163999054,1025.4065388108324,2489.003887246649,1037.97628379765,2574.3,981.3,2550.6,977.4
2022-02-08,2022-02-08 13:00:00,14,primary_54,2353.5,929.1,2427.83907146499,1070.6405017600773,2528.1618288444224,1092.1442865826882,2531.5021696173726,1072.0370147975266,2501.005449138397,1062.737615529539,2514.528911994763,1089.5194910526718,2625.3,1032.3,2523.3,999.3
2022-02-08,2022-02-08 14:00:00,15,primary_54,2323.8,939.0,2453.4862991549985,1093.184425079187,2541.5361246687185,1102.4959827291964,2531.890909766159,1079.124154637158,2505.856084027801,1073.5597360569718,2492.328194052597,1059.815266343185,2585.7,1005.3,2396.1,993.6
2022-02-08,2022-02-08 15:00:00,16,primary_54,2231.1,758.4,2496.147025051629,1061.4784431352205,2536.4591053542817,1047.3325756939348,2521.1919038221754,1040.4417395659175,2508.1620885111874,1028.284806530951,2500.8013528179977,1032.3741326653678,2661.6,1019.7,2359.5,944.7
2022-02-08,2022-02-08 16:00:00,17,primary_54,2023.8,512.7,2325.6934855365234,863.0469633854751,2429.8293518864944,862.0445522009308,2419.075493548364,872.6300715867908,2411.5015076638683,864.7731768189077,2418.441011385132,898.0344920073002,2483.7,875.4000000000001,2328.3,771.0
2022-02-08,2022-02-08 17:00:00,18,primary_54,2120.1,492.3,2324.6902043313976,804.6476336312909,2452.223996609749,779.0243877370835,2401.0171762791,766.3861070763013,2424.5347762045235,751.407312332716,2392.549822439285,756.825995891814,2575.8,799.5,2229.3,567.6
2022-02-08,2022-02-08 18:00:00,19,primary_54,2187.3,493.2,2444.6990340428515,794.6675560727888,2456.1012490382764,760.6054242179022,2406.304877085162,711.740928425975,2437.225702444068,706.1742661898381,2392.173376920785,708.3114607094101,2686.8,828.9000000000001,2251.8,523.2
2022-02-08,2022-02-08 19:00:00,20,primary_54,2229.6,517.2,2393.829238877987,743.4382922306987,2412.513996770824,711.6555030636207,2361.3409718099565,679.5010338737188,2380.213831780686,678.1141640899591,2369.9434957454546,685.9091264539214,2570.7,679.5,2277.0,535.2
2022-02-08,2022-02-08 20:00:00,21,primary_54,2236.8,531.0,2374.5526550654263,689.9246921007101,2355.12836874705,692.8419243206918,2319.1757130419114,651.7143425617161,2344.400098826947,662.368279528467,2329.598448467877,652.9112263767835,2529.0,621.3000000000001,2264.7,547.8
2022-02-08,2022-02-08 21:00:00,22,primary_54,2163.3,508.2,2297.73162502704,693.7940669894275,2301.0266230011684,695.4231976744098,2265.247132670533,662.0786875464624,2273.664040250983,663.9457505800968,2268.381099235818,664.7873300485186,2461.8,635.7,2152.5,520.2
2022-02-08,2022-02-08 22:00:00,23,primary_54,2000.4,484.2,2172.809438105893,672.9425913786586,2191.7012553197105,689.9169755064648,2128.4248937350885,657.6612635649551,2149.822574314243,657.608995059786,2120.9694322015475,658.0216215780373,2355.9,669.3,2044.5,528.0
2022-02-08,2022-02-08 23:00:00,24,primary_54,1851.3,489.0,2002.8130284192976,647.2019110748981,2024.963641684025,668.554511705984,1975.201163739629,643.6418397504917,1992.8889901945456,641.4301231337357,1975.068775688684,646.2321092619813,2213.7,689.7,1889.1,524.7
2022-02-09,2022-02-09 00:00:00,1,primary_54,1768.8,507.6,1778.1067125837883,518.5760926367371,1761.1650970376834,498.5590105317552,1793.561106065457,518.6831869193376,1781.7176295457332,524.7685524847794,1810.110904438849,543.6194810775088,2084.7,670.5,1807.8,558.9
2022-02-09,2022-02-09 01:00:00,2,primary_54,1735.8,532.8,1751.6885467873135,552.8687903355763,1704.758158762959,511.8646671821871,1749.760930749746,548.5852042361216,1724.712911991721,545.0055200339737,1744.8284394436514,581.651972964713,2012.1,681.6,1779.6,588.3
2022-02-09,2022-02-09 02:00:00,3,primary_54,1717.2,557.7,1707.0735407571983,554.2515633014581,1675.8349059190425,514.5304085274195,1712.9575442188564,551.0361241010858,1692.428627084777,556.449114730113,1716.481967194107,598.9788801091631,1988.1,704.4,1747.2,596.7
2022-02-09,2022-02-09 03:00:00,4,primary_54,1710.3,563.4,1727.9308139173295,565.774631273029,1665.3667889965282,514.7338656730396,1739.9915343864343,560.7800129837848,1693.4259558000776,569.4426680781014,1715.1350343342383,600.0438744683108,1946.1,660.9,1730.7,597.6
2022-02-09,2022-02-09 04:00:00,5,primary_54,1733.7,567.6,1731.187036652644,569.4074440516459,1675.772179655576,510.9602202743413,1739.7349129818947,572.4903111562272,1698.4961383223142,571.8594693195262,1715.2763694782154,593.6107130463951,2009.4,672.5999999999999,1731.6,594.6
2022-02-09,2022-02-09 05:00:00,6,primary_54,1793.7,566.4,1829.2106646793568,574.2934126333942,1742.6528457340114,503.3727930489304,1811.3534449226788,566.0701567562623,1791.2883934105682,568.4301750265282,1811.2750340916748,593.4659808735373,2083.2,673.1999999999999,1804.2,576.9
2022-02-09,2022-02-09 06:00:00,7,primary_54,1887.9,550.8,1869.6497789210523,531.4293250665254,1838.5076313106408,491.22457543914265,1884.3111112785436,548.4323208937776,1876.1471621780977,553.8541777109447,1876.053228271712,554.6180773466928,2122.5,634.2,1865.1,551.1
2022-02-09,2022-02-09 07:00:00,8,primary_54,1905.3,533.1,2101.779290290081,565.829911154923,1994.8656274087657,505.8566930296652,2055.475435906711,586.1918811001973,2042.013043077402,581.7255292604501,2045.525964522513,603.9122916074466,2263.2,699.3,2022.6,585.6
2022-02-09,2022-02-09 08:00:00,9,primary_54,2242.5,826.8,2336.687827566277,824.8516422476364,2285.800131347903,764.2337583516953,2268.3360192568407,812.5897292918186,2282.574762567313,817.681635078046,2290.3696685459768,803.4002952695362,2693.7,1113.6,2258.1,751.2
2022-02-09,2022-02-09 09:00:00,10,primary_54,2268.6,887.4000000000001,2559.9579803237352,1009.4549261928807,2482.1050178700907,1019.8239098354362,2496.482870323013,1045.2047066013165,2482.4136609258217,1046.2216210761032,2510.332834958558,1034.2398133483543,2762.1,1182.0,2541.3,1029.0
2022-02-09,2022-02-09 10:00:00,11,primary_54,2178.0,723.3000000000001,2556.960007578799,1087.6539705700245,2505.6539497998733,1032.2751886950352,2534.80650736106,1057.887935899367,2493.0172772425035,1055.6710938164929,2502.503402912032,1052.1608800767913,2693.1,1061.4,2532.3,1048.2
2022-02-09,2022-02-09 11:00:00,12,primary_54,2173.5,697.5,2544.253836313664,1147.039404901808,2478.6128072602987,1040.847087410328,2496.41766477238,1041.426698039522,2477.193294274906,1041.0889229642844,2455.115429858892,1035.7979456698972,2519.4,932.4,2409.6,969.6
2022-02-09,2022-02-09 12:00:00,13,primary_54,2138.1,666.9,2558.844579979592,1107.3092224025177,2462.0837948264216,1037.5059800949368,2465.6903268259675,1054.6567088462195,2463.72860708392,1041.3484533825576,2447.5947728978795,1018.4061658521578,2464.5,892.8,2341.5,941.4
2022-02-09,2022-02-09 13:00:00,14,primary_54,2080.5,624.9,2471.4814782463554,1154.6145656612357,2464.345184771247,1078.3247603200502,2453.0943608395346,1071.7662711535927,2445.2543171310504,1061.8432200249558,2392.9785318007503,1036.80633458113,2524.8,992.1,2353.5,929.1
2022-02-09,2022-02-09 14:00:00,15,primary_54,2031.0,634.2,2469.3441267646663,1102.6392897876635,2455.0384684914466,1084.4434070769078,2438.338731351337,1089.7123991731828,2420.2809786305256,1071.951043403856,2382.587753993847,1064.3838604690147,2523.0,991.8,2323.8,939.0
2022-02-09,2022-02-09 15:00:00,16,primary_54,2069.4,649.2,2481.1742940200024,1085.2909003560603,2414.583382503061,1017.5344665132782,2396.1404015015787,1043.904024361684,2402.987232930748,1014.1139274946356,2357.0205655719974,1015.2567637803444,2521.8,960.6,2231.1,758.4
2022-02-09,2022-02-09 16:00:00,17,primary_54,2163.3,744.6,2308.5325712035224,924.2353073379724,2308.6009171472565,843.3582439140322,2272.071962238955,864.8735475999596,2296.776884739487,844.1629624493726,2238.851450145915,848.0053147637299,2584.2,926.7,2023.8,512.7
2022-02-09,2022-02-09 17:00:00,18,primary_54,2196.9,606.0,2259.871209039843,768.8832309054274,2317.44323181657,718.2045016430146,2265.1540904837125,741.2851987627417,2286.217349474553,723.8008416685159,2250.930772317537,691.527581617447,2550.6,750.3000000000001,2120.1,492.3
2022-02-09,2022-02-09 18:00:00,19,primary_54,2238.0,545.1,2296.424165732926,780.5750788626226,2331.2481642827847,683.8137493105586,2305.461099488873,665.0941103887276,2325.688090620956,666.5334588875295,2305.708661935896,658.3859379192763,2463.0,551.7,2187.3,493.2
2022-02-09,2022-02-09 19:00:00,20,primary_54,2227.8,516.0,2318.8900617222475,735.1764714214318,2297.205200389056,645.015128386533,2276.2614860337944,629.2692030529112,2306.578032297549,623.3502545868835,2287.504049953879,638.1923334110176,2468.4,585.3,2229.6,517.2
2022-02-09,2022-02-09 20:00:00,21,primary_54,2226.9,530.7,2284.583965218222,715.327632835651,2266.881777266902,633.1998171006757,2250.416191987673,605.5366596736418,2269.9661793221344,607.9087068865548,2284.0385952784145,623.3985290080101,2451.6,567.3,2236.8,531.0
2022-02-09,2022-02-09 21:00:00,22,primary_54,2204.4,562.5,2275.583669776151,744.9949210903369,2219.70623128262,633.321477544323,2212.2014319063983,607.71824608834,2228.0592633764745,606.0290209141413,2243.8243488972075,616.6071844624831,2358.6,545.6999999999999,2163.3,508.2
2022-02-09,2022-02-09 22:00:00,23,primary_54,2060.1,531.6,2139.97945927718,748.6012270075412,2098.434670529702,630.1659885414662,2083.8254796424235,613.5948266785746,2086.0809248081746,604.1295039593573,2099.68673534712,618.7901848928017,2273.7,561.5999999999999,2000.4,484.2
2022-02-09,2022-02-09 23:00:00,24,primary_54,1947.6,552.9,1941.2198337748232,713.1061771854223,1931.7050354693413,614.6892160368365,1930.5727238740003,599.8298239961912,1930.5795684446985,592.0889445423812,1951.230357250111,592.2776084425275,2133.0,576.0,1851.3,489.0
2022-02-10,2022-02-10 00:00:00,1,primary_54,1830.3,558.3,1747.498386430014,535.0590316677242,1808.0170760090896,541.8308488072131,1805.9134087886416,547.7882618328848,1799.6235976002704,542.5576294587994,1818.309395137289,550.6618170392918,1986.9,587.4,1768.8,507.6
2022-02-10,2022-02-10 01:00:00,2,primary_54,1754.4,577.8,1696.3467265864745,505.4019663838173,1724.4350302457497,531.3639156403414,1726.7426140303112,532.9130165807023,1727.0986697095425,539.4306222779768,1743.3737382434074,537.2167393665621,1924.8,603.5999999999999,1735.8,532.8
2022-02-10,2022-02-10 02:00:00,3,primary_54,1748.1,611.7,1630.44972571518,531.0006709688056,1678.0084685743764,527.7412847269518,1694.780194868258,547.7724669625494,1681.205235710227,546.0506225106784,1714.4923579962608,553.3012554356584,1920.0,639.9000000000001,1717.2,557.7
2022-02-10,2022-02-10 03:00:00,4,primary_54,1717.2,602.1,1628.6928125888398,553.3485620216973,1654.0789545435457,521.8922838139146,1685.9259363427443,554.9506856309662,1662.877987135757,542.680588103337,1709.0613950473232,561.6777594226099,1986.9,684.9000000000001,1710.3,563.4
2022-02-10,2022-02-10 04:00:00,5,primary_54,1723.2,601.2,1632.4743110286695,537.7994974302835,1656.1242716254071,514.5966798537295,1672.1672071414778,536.996820466282,1673.9097804027674,537.2941385398585,1713.394576321279,555.9481858357307,1975.8,662.4,1733.7,567.6
2022-02-10,2022-02-10 05:00:00,6,primary_54,1785.9,591.6,1741.6815739873546,547.2682048463546,1728.8155868051738,506.54857595648144,1748.3797730937258,536.7587804817077,1742.9100567341122,538.4731634111054,1775.1090837019674,559.7716920369672,2049.9,654.3000000000001,1793.7,566.4
2022-02-10,2022-02-10 06:00:00,7,primary_54,1841.7,543.0,1875.8729477913769,560.4340088526066,1843.004328904726,505.6764100795641,1875.429777394487,538.4739326918983,1829.749250358885,538.4615099085764,1848.71459907845,556.3737021378048,2116.2,633.5999999999999,1887.9,550.8
2022-02-10,2022-02-10 07:00:00,8,primary_54,1920.6,519.3,1985.779984294458,613.4576110943093,1969.3708136472644,529.1650081906328,1992.570454979656,583.9281578296298,1929.703338545352,598.0899432077418,1967.0839574037093,592.6255927468035,2161.8,634.5,1905.3,533.1
2022-02-10,2022-02-10 08:00:00,9,primary_54,2057.7,595.8,2285.123172151556,882.4734104671115,2277.961648880085,846.9416256053657,2263.3687685248947,817.5595922091888,2233.5241992633564,853.88782153098,2250.2599081653566,862.1478605755027,2373.6,757.8000000000001,2242.5,826.8
2022-02-10,2022-02-10 09:00:00,10,primary_54,2259.6,760.2,2402.683395935173,1070.3244794878965,2414.3770393157542,1066.3969074022657,2410.398488147726,1014.5796828667446,2391.749392684957,1046.9142741993026,2362.0492538266385,1069.0337955820305,2558.1,927.9,2268.6,887.4000000000001
2022-02-10,2022-02-10 10:00:00,11,primary_54,2400.6,930.6,2410.21467272393,1033.9464248039174,2406.7631084270274,1068.329812446285,2382.42978991357,988.391827750808,2391.1367924476863,1009.3709867521252,2363.3300472411315,1050.2229136437445,2608.2,900.9,2178.0,723.3000000000001
2022-02-10,2022-02-10 11:00:00,12,primary_54,2347.5,905.7,2359.936348966659,1020.6847455459996,2370.337216560113,1043.3357562539768,2359.192600427097,944.5098821870736,2381.882210631103,974.106226684391,2350.1154353825123,992.3846563513098,2589.3,962.4,2173.5,697.5
2022-02-10,2022-02-10 12:00:00,13,primary_54,2361.0,887.4,2371.962140101588,1014.4456160856854,2318.150336181908,1034.135168381417,2313.975151855245,930.4039306517348,2327.2430417507144,942.347025907627,2332.75736453342,949.0678378814308,2589.9,974.1,2138.1,666.9
2022-02-10,2022-02-10 13:00:00,14,primary_54,2462.4,973.2,2435.923272361887,1057.8675662090482,2311.627978984294,1083.2539804992346,2319.6537966437154,947.7972085634376,2318.7207479238327,953.1788611317623,2351.091378845751,930.3362055457842,2563.2,944.1,2080.5,624.9
2022-02-10,2022-02-10 14:00:00,15,primary_54,2420.7,954.3,2385.6723824762503,1039.4652712163072,2300.8784737214028,1085.4551592278945,2281.716918614504,938.4922041138332,2288.4001092611784,945.6331658974972,2323.8609222909718,951.0291134023128,2553.0,939.0,2031.0,634.2
2022-02-10,2022-02-10 15:00:00,16,primary_54,2441.7,969.3,2378.46994032585,991.927314525434,2269.933367733355,1009.5799739714612,2230.561993105233,867.4824506107129,2243.687149599049,913.3214161768984,2256.9592658642227,935.4506884469444,2602.2,950.1,2069.4,649.2
2022-02-10,2022-02-10 16:00:00,17,primary_54,2268.6,821.6999999999999,2250.2003662772377,808.6389389618615,2156.2859379207894,837.9117696725019,2142.0591651415302,758.4627441967721,2147.5791976062324,777.372354901481,2174.24950541073,784.0365597454071,2664.3,929.7,2163.3,744.6
2022-02-10,2022-02-10 17:00:00,18,primary_54,2397.0,836.4000000000001,2272.4216755216294,734.8480644993305,2202.102516107124,747.792931178433,2228.053605049668,647.0312771998538,2216.518728651148,682.3340304037838,2185.17265048378,678.7322410262367,2633.4,753.9000000000001,2196.9,606.0
2022-02-10,2022-02-10 18:00:00,19,primary_54,2435.4,717.9000000000001,2268.170199792944,708.7912526577954,2237.3390838181504,703.9688883263887,2269.800633984776,611.8769050412144,2270.855447724064,639.3722499857472,2228.4920738244577,640.15203965139,2541.6,622.8000000000001,2238.0,545.1
2022-02-10,2022-02-10 19:00:00,20,primary_54,2194.5,501.3,2249.5406822692385,700.4706511424394,2217.709045137809,667.7240803893752,2245.2866761433143,576.8136419793199,2265.0713043578257,608.3932061835369,2214.94529767408,606.9217511646101,2509.2,603.0,2227.8,516.0
2022-02-10,2022-02-10 20:00:00,21,primary_54,2146.2,491.7,2241.119792715652,663.0183681847217,2195.3864993526254,647.24351892171,2224.844973567798,535.3155778149636,2235.509080838229,576.9020400285663,2203.470309791153,567.6851929597104,2477.7,592.8,2226.9,530.7
2022-02-10,2022-02-10 21:00:00,22,primary_54,2107.2,490.2,2159.5789611852065,664.9220232946145,2146.287860103804,649.3030669487606,2176.761347149794,544.5524915786837,2172.246432662966,570.0242336049452,2144.9329150230355,572.8987291132121,2454.9,610.1999999999999,2204.4,562.5
2022-02-10,2022-02-10 22:00:00,23,primary_54,2010.9,488.7,2068.236665982436,667.2593018049406,2042.9738473748105,648.8882959282633,2068.090648219078,557.1849972762864,2046.8898371464177,562.7995922505903,2035.057064877312,584.4719275102922,2349.3,643.8,2060.1,531.6
2022-02-10,2022-02-10 23:00:00,24,primary_54,1839.3,472.2,1972.1731776347665,654.1305313611626,1914.650188908572,633.5134974685847,1908.969211178429,560.1743205741063,1883.5203374467308,560.39808074841,1888.9181357806929,575.0449436128354,2232.9,669.3,1947.6,552.9
2022-02-11,2022-02-11 00:00:00,1,primary_54,1694.1,480.0,1703.7639316190232,490.5976042920677,1740.113343576266,488.8797682564498,1758.4289265789544,511.38540066184856,1762.0944734850864,500.2396959971203,1766.2952936845547,502.2438172961837,2059.5,627.0,1830.3,558.3
2022-02-11,2022-02-11 01:00:00,2,primary_54,1666.2,513.0,1638.9555842670648,498.457559953803,1673.2866751552172,503.2055982354606,1706.1763818718966,523.2462318737831,1697.3841740899284,519.3044174569336,1682.968588257856,517.6579247582398,1979.4,589.5,1754.4,577.8
2022-02-11,2022-02-11 02:00:00,3,primary_54,1649.4,550.8,1615.2694644304229,519.7963666737461,1627.8878106182815,516.8973944253628,1668.1212674020308,542.6204385434019,1665.2520915450348,538.5167480831151,1647.7225240324624,538.4977070034328,1911.9,588.6,1748.1,611.7
2022-02-11,2022-02-11 03:00:00,4,primary_54,1649.4,563.4,1592.5468143163675,535.5223357043861,1609.877364739786,521.7996946066621,1647.0245669660958,552.5940651314911,1663.4713085614908,553.4487487672823,1645.2711331681132,569.2557318105839,1913.1,597.0,1717.2,602.1
2022-02-11,2022-02-11 04:00:00,5,primary_54,1663.2,573.3,1635.755496782995,525.437967747927,1627.2107186248272,523.7087033990939,1665.3505932255994,554.63314026154,1680.5698697895302,554.8379998944222,1660.3596440842523,574.2221251672099,1960.8,599.6999999999999,1723.2,601.2
2022-02-11,2022-02-11 05:00:00,6,primary_54,1721.4,567.9,1693.0841335907814,529.6213489723649,1678.6687105669032,517.4929303039263,1740.613087551516,557.0110488916914,1735.193113143498,551.8840647239085,1720.3134427139437,571.3052000620386,2033.4,592.1999999999999,1785.9,591.6
2022-02-11,2022-02-11 06:00:00,7,primary_54,1800.6,526.8,1768.909559302007,507.0433329466912,1768.4914245664943,510.5103714138182,1847.6296090768112,552.4276443198024,1844.75159999726,538.8645183905943,1838.3655764471043,547.1852967873753,2102.1,567.3000000000001,1841.7,543.0
2022-02-11,2022-02-11 07:00:00,8,primary_54,1907.4,548.4,1880.8403787382765,527.6045004354861,1919.1605764434687,523.146563267053,1949.21011667241,574.6633807994964,1960.8260083198625,558.9849331029118,1936.9477404355653,564.6095236333357,2221.8,623.7,1920.6,519.3
2022-02-11,2022-02-11 08:00:00,9,primary_54,2129.7,685.8,2132.552217614266,770.0614817658453,2187.0169911866333,753.0780519022537,2182.19476845986,794.8448329830481,2202.725048690433,789.5632874699455,2162.278897078685,770.1383265206479,2622.9,970.2,2057.7,595.8
2022-02-11,2022-02-11 09:00:00,10,primary_54,2230.5,766.5,2395.7362529986453,947.1390890386054,2365.3135138831008,1018.4198440259682,2380.448311203808,961.4844412004971,2401.673453998024,986.7528979533035,2394.900521309889,952.692735989672,2774.4,1154.7,2259.6,760.2
2022-02-11,2022-02-11 10:00:00,11,primary_54,2309.4,730.1999999999999,2408.5983143629187,906.1729530936806,2387.192547412932,1027.350546561294,2435.322252549407,931.6154177769008,2411.678643348303,990.5961684093912,2380.908651203111,957.9483097364551,2671.8,1055.7,2400.6,930.6
2022-02-11,2022-02-11 11:00:00,12,primary_54,2500.8,979.2,2376.126864191343,886.4978736675768,2375.147389690781,996.949834558845,2395.353408387691,894.1193490011738,2386.6097710805548,958.6985730931418,2372.5456057683173,953.1708692480374,2540.4,1020.9,2347.5,905.7
2022-02-11,2022-02-11 12:00:00,13,primary_54,2448.3,1001.7,2356.7902667720823,882.8271747835156,2350.11307382209,997.9575964368066,2379.3780181143243,890.4542801782601,2351.093670351229,915.1391414119478,2339.0124306814982,921.1955274148658,2499.6,966.3,2361.0,887.4
2022-02-11,2022-02-11 13:00:00,14,primary_54,2477.1,1017.0,2363.8959162984265,923.3372987285684,2362.943080518367,1037.2460093486964,2394.2296172165093,918.4144540014006,2362.730739261382,951.9115524038126,2374.1387729771754,933.9329043577516,2468.1,1009.5,2462.4,973.2
2022-02-11,2022-02-11 14:00:00,15,primary_54,2331.9,909.9,2340.3000755044336,920.551287971621,2383.276023191555,1060.9035372249434,2403.4254658923824,943.6454373764028,2382.159491199245,964.4363992645182,2401.617712612644,936.4819581975108,2541.6,1024.2,2420.7,954.3
2022-02-11,2022-02-11 15:00:00,16,primary_54,2312.7,823.5,2360.991162606199,866.7419094152167,2382.750640930875,994.2697173760238,2423.294204661897,908.5818884781626,2385.4781512285977,932.997875293448,2403.037245811224,925.1803840963414,2575.5,985.5,2441.7,969.3
2022-02-11,2022-02-11 16:00:00,17,primary_54,2170.5,684.6,2195.1681010945704,687.5816334080771,2243.225625457733,805.787475907549,2277.084706994617,763.7390638567459,2282.8350659709868,760.8036828231571,2271.5993403977805,766.4871927566403,2530.8,827.7,2268.6,821.6999999999999
2022-02-11,2022-02-11 17:00:00,18,primary_54,2243.7,598.8,2248.9172166292715,636.9816966082378,2300.279418302034,739.4574220632887,2325.3509545513803,704.7681628978498,2332.8585502963065,710.435513850883,2354.920390826332,720.9682027627798,2595.9,732.0,2397.0,836.4000000000001
2022-02-11,2022-02-11 18:00:00,19,primary_54,2180.1,485.1,2333.089606777028,617.7229984178574,2358.717896209402,717.5345272119696,2354.039001419322,683.0993934677402,2370.5578571673527,685.3328575532577,2364.949063743345,688.1835756300951,2541.0,625.2,2435.4,717.9000000000001
2022-02-11,2022-02-11 19:00:00,20,primary_54,2175.0,497.1,2223.132968762673,548.5143665525432,2306.1347737384835,668.7127491048507,2291.4663191047143,626.8849875022836,2316.991996354367,618.4103499342496,2300.009930848397,614.9110264958696,2533.5,623.1,2194.5,501.3
2022-02-11,2022-02-11 20:00:00,21,primary_54,2193.6,525.9,2166.766117462417,518.8094349861589,2251.655115195348,654.3900246793565,2221.1890381689727,578.7533558238333,2234.2302566681724,579.1254816295001,2225.378312128948,575.1904359214712,2462.7,564.3000000000001,2146.2,491.7
2022-02-11,2022-02-11 21:00:00,22,primary_54,2138.7,523.8,2065.5214072702547,515.7155284632149,2175.985913975549,655.983772766111,2149.3894639751525,560.912206222144,2151.9979409836906,561.2450903685827,2136.2960096869174,562.6685470098495,2417.7,584.0999999999999,2107.2,490.2
2022-02-11,2022-02-11 22:00:00,23,primary_54,2023.2,521.4,1967.311448104892,537.1775273056878,2067.486178681783,650.79567445541,2067.463156679757,562.2198342772061,2063.9968189105207,557.5301742981093,2057.5927228429136,565.1512889662354,2323.2,568.2,2010.9,488.7
2022-02-11,2022-02-11 23:00:00,24,primary_54,1876.2,511.8,1842.887768762488,526.1594325062928,1888.8214842129323,635.847620054328,1897.43465996311,553.7370488144537,1893.2586148788696,550.5524082085745,1904.6407317132985,548.5343159940339,2181.0,580.5,1839.3,472.2
2022-02-12,2022-02-12 00:00:00,1,primary_54,1768.2,537.0,1750.867558245694,519.1383500719791,1740.7697268860986,505.9767925531239,1743.0187654125448,516.2186988246633,1755.8623651173946,513.4247741490482,1773.017873943629,516.3511845865218,2094.9,601.8,1694.1,480.0
2022-02-12,2022-02-12 01:00:00,2,primary_54,1727.7,572.4,1695.113756445822,548.8285403753995,1667.038916397193,508.13483627346966,1667.916481500218,527.2156886427466,1681.473159945821,527.7252133826191,1708.2742389656428,522.3537266079671,1999.5,580.8,1666.2,513.0
2022-02-12,2022-02-12 02:00:00,3,primary_54,1683.3,578.4,1677.7656309271313,581.2136147104376,1628.411533214775,518.1308662258408,1649.8747110888924,564.4367323934849,1648.1765008814791,546.230607772731,1677.4227226832309,542.9653018602833,1943.1,569.6999999999999,1649.4,550.8
2022-02-12,2022-02-12 03:00:00,4,primary_54,1698.3,622.2,1731.0985619593423,557.9072147979085,1619.9190513491792,520.3065017865023,1654.669868876539,571.6186997573461,1650.9548429486024,551.158648614756,1638.798223875694,544.3688015446653,1942.8,582.0,1649.4,563.4
2022-02-12,2022-02-12 04:00:00,5,primary_54,1684.8,600.6,1699.3411892118943,562.2194280175703,1627.9361124634622,511.9614912971642,1649.7617556171149,559.4874792489425,1661.199257052929,545.4358193609555,1618.6906901318712,535.678550970555,1953.9,590.0999999999999,1663.2,573.3
2022-02-12,2022-02-12 05:00:00,6,primary_54,1666.8,571.8,1759.5408121585338,551.9189277615252,1673.0594429604616,500.3283401186137,1720.8389008801337,551.8302959255244,1709.6789709306424,536.1987951037772,1693.6753651226493,530.1949632239321,2002.2,589.5,1721.4,567.9
2022-02-12,2022-02-12 06:00:00,7,primary_54,1678.5,555.6,1793.1052936447377,536.2384543033743,1743.7846937965005,491.0513842526095,1801.3261959649597,527.1152995565802,1790.0266877950032,519.9252301501924,1760.80245652481,506.78165859093866,1987.8,549.0,1800.6,526.8
2022-02-12,2022-02-12 07:00:00,8,primary_54,1765.8,577.5,1880.0562404480584,530.362567646971,1880.2153615820848,510.2358443694816,1878.517759062321,558.6525244496191,1870.5455788204115,532.0849119782606,1847.9970030099128,530.7390957417666,2088.6,587.7,1907.4,548.4
2022-02-12,2022-02-12 08:00:00,9,primary_54,2016.6,622.8,2097.8405265508727,662.5582689807073,2123.350867494974,628.2836716837871,2102.936082078331,681.4048124246218,2105.987199981963,648.1537863518929,2088.5369135347896,652.6863890800812,2297.4,650.7,2129.7,685.8
2022-02-12,2022-02-12 09:00:00,10,primary_54,2094.9,635.1,2219.2951038998262,772.8259865812248,2265.452780295373,687.5349282523747,2229.1073369499773,758.1813971721906,2251.678172396153,732.7801908062673,2166.607258225411,731.7029571550719,2337.9,624.0,2230.5,766.5
2022-02-12,2022-02-12 10:00:00,11,primary_54,2148.9,636.0,2278.5310698847684,721.3300858574144,2295.832784147193,666.5307069753923,2273.3671648430686,729.5862469502281,2288.8255645349063,720.1334941469398,2205.244125508422,715.9714074315684,2389.2,604.8,2309.4,730.1999999999999
2022-02-12,2022-02-12 11:00:00,12,primary_54,2097.0,591.6,2357.712214560724,677.7477190308705,2310.922192920086,661.0655372336217,2296.3153803473942,719.9072989200647,2303.835088300636,714.2979460963775,2223.1841320141143,722.8816013715119,2414.1,587.7,2500.8,979.2
2022-02-12,2022-02-12 12:00:00,13,primary_54,2080.2,567.3,2353.7848349027668,672.1487894620484,2288.484904648514,664.5762554734035,2279.2788430173487,687.4099198363161,2275.618299863981,692.7123743710631,2201.4577782879724,715.5955827573915,2400.3,558.6,2448.3,1001.7
2022-02-12,2022-02-12 13:00:00,14,primary_54,2042.1,563.1,2341.323114749715,688.1171436401024,2292.734436383144,676.5221278687005,2269.37242971968,672.0044663005822,2260.0135110020187,676.6969278831705,2213.487418509444,703.1363090722011,2394.9,583.5,2477.1,1017.0
2022-02-12,2022-02-12 14:00:00,15,primary_54,2017.2,566.4,2254.7639696378537,756.420019847669,2283.837229856897,682.7897459642201,2256.849589256716,672.9931623442595,2232.555870225702,677.8121661142284,2193.2883550950764,696.2006928074604,2374.8,601.2,2331.9,909.9
2022-02-12,2022-02-12 15:00:00,16,primary_54,2032.5,585.3,2251.363309731378,690.8399652450192,2257.3597619997167,656.3047684913671,2231.809953785248,644.134306771759,2189.5539664264816,644.7744235002948,2167.5274784924686,653.1275740969827,2353.2,574.2,2312.7,823.5
2022-02-12,2022-02-12 16:00:00,17,primary_54,1939.8,502.8,2140.291544632491,633.6150704299876,2166.411589394096,619.4316442237581,2155.893177129763,593.4888143722986,2133.5458525558497,619.1097018197106,2116.881313856751,597.881395260978,2297.1,531.3,2170.5,684.6
2022-02-12,2022-02-12 17:00:00,18,primary_54,2083.8,509.7,2214.032590360968,596.9339026366688,2223.541525988395,583.3833588461999,2228.219818858745,566.6595660143137,2203.154380640184,575.0597476794916,2197.328377820643,549.903338889728,2388.9,507.9,2243.7,598.8
2022-02-12,2022-02-12 18:00:00,19,primary_54,2230.5,544.8,2219.9010126940475,547.2456931624967,2258.0388492623683,566.1140339972301,2238.729205834591,538.852327598447,2228.697368117236,533.8826618850529,2194.8902320009133,520.3343340697959,2411.1,507.6,2180.1,485.1
2022-02-12,2022-02-12 19:00:00,20,primary_54,2264.7,572.7,2182.952716497822,541.4834092710815,2245.3070838925178,557.1383464671595,2209.1100269987955,543.5995370763884,2205.427322961096,531.1910082424928,2182.623332198179,519.4506885891361,2332.8,497.7,2175.0,497.1
2022-02-12,2022-02-12 20:00:00,21,primary_54,2254.8,598.5,2146.6342445916603,567.5739842790997,2188.2538601004376,548.9563837956846,2180.7534150211977,546.1114485963805,2170.605822560321,524.5483379994379,2185.042100682379,534.1758232065995,2282.4,474.6,2193.6,525.9
2022-02-12,2022-02-12 21:00:00,22,primary_54,2180.1,590.7,2077.944110791935,571.4920818346577,2124.34328591305,542.0460780365877,2129.752122102361,542.5918783105117,2129.869120248607,526.2559915701391,2145.271222055248,521.4868367930228,2227.2,499.8,2138.7,523.8
2022-02-12,2022-02-12 22:00:00,23,primary_54,2124.9,588.3,1956.4059448058165,568.7271313779298,2031.1228941870208,543.4121648698515,2028.562275109833,555.1895738958943,2023.249904412839,531.9105266741136,2042.2150418792187,535.0783287266439,2170.8,512.7,2023.2,521.4
2022-02-12,2022-02-12 23:00:00,24,primary_54,1980.9,569.7,1818.558502995225,531.3574524232044,1876.5982275653312,524.7461211660507,1896.2367807205203,530.4517538533997,1879.0049002713215,519.9716503661951,1919.714148688501,509.8020713012362,2047.2,528.9,1876.2,511.8
2022-02-13,2022-02-13 00:00:00,1,primary_54,1839.6,564.9,1813.255131652895,570.1801148186875,1821.9003768619689,553.5222798437832,1823.777813387396,559.1860189427118,1817.3936725827905,554.0331589745127,1789.1837912463234,577.9077988415821,1931.4,535.2,1768.2,537.0
2022-02-13,2022-02-13 01:00:00,2,primary_54,1772.4,581.4,1758.9538756608745,571.0471638935386,1739.0239695551218,543.6585659965451,1744.8634142874669,552.2672285995573,1729.1270138718444,542.0845654259239,1696.3490911331355,570.2784434336747,1880.7,550.2,1727.7,572.4
2022-02-13,2022-02-13 02:00:00,3,primary_54,1775.7,607.2,1687.0625332559598,564.1781315939485,1690.0520545982763,535.7571407905916,1693.8458413442434,547.6108333707789,1672.3641946237278,539.2356155517406,1652.5326622506386,567.0852980021435,1851.3,570.0,1683.3,578.4
2022-02-13,2022-02-13 03:00:00,4,primary_54,1754.7,610.2,1672.9564799960565,549.0113744408479,1659.022087371989,528.6361223963605,1678.2929118872016,554.5379667431837,1660.9736015313815,537.0373336485987,1634.0324111464286,558.0739554219405,1809.0,546.9,1698.3,622.2
2022-02-13,2022-02-13 04:00:00,5,primary_54,1758.6,612.0,1655.350635146758,538.3355743971237,1654.1644141682136,516.9335806374118,1674.407295496799,558.577835991945,1666.3190002218084,529.5427019294806,1623.501573477168,556.5437300604256,1784.1,536.4,1684.8,600.6
2022-02-13,2022-02-13 05:00:00,6,primary_54,1798.2,611.7,1704.6469615285102,546.0643420868179,1678.384950361534,504.3832119255949,1687.3224751914702,552.731172918173,1693.166030191957,523.4023812444157,1669.3523182486515,557.3064300284356,1834.5,534.9,1666.8,571.8
2022-02-13,2022-02-13 06:00:00,7,primary_54,1820.7,594.6,1719.2800855518092,530.3157521558089,1724.586577262029,501.89548183151015,1741.008781648286,545.2857078721241,1732.6510267685585,523.0453247741243,1717.8776184673543,548.0738612422849,1847.4,526.8,1678.5,555.6
2022-02-13,2022-02-13 07:00:00,8,primary_54,1916.7,626.1,1811.6172613927915,558.8357060774174,1827.40995936684,530.4024616810043,1859.091534221208,575.5564730285696,1835.9138439060405,550.2028499711769,1816.42620500701,585.9354315488682,2025.9,601.5,1765.8,577.5
2022-02-13,2022-02-13 08:00:00,9,primary_54,2088.0,667.2,2073.7352422875747,657.4560295072057,2044.246049118613,632.0781903941988,2095.964853665476,629.9724534337719,2081.683105034194,643.1751341275607,2061.8332453061494,655.767147012344,2257.5,675.0,2016.6,622.8
2022-02-13,2022-02-13 09:00:00,10,primary_54,2217.6,734.1,2254.479159347599,778.8634700278102,2190.334044726967,693.3964576476778,2299.3335260709487,681.5271545448281,2251.638069715484,706.2261103958181,2254.416797828806,740.131171205712,2410.8,763.8,2094.9,635.1
2022-02-13,2022-02-13 10:00:00,11,primary_54,2286.6,741.3,2263.355694882593,705.5248497356506,2157.783156150617,664.1659785619544,2280.588090958437,659.6779785779297,2242.647962993564,671.3515076894572,2271.7274952053126,691.3717559070129,2401.2,714.0,2148.9,636.0
2022-02-13,2022-02-13 11:00:00,12,primary_54,2213.7,685.2,2220.8638172517644,675.3140654597523,2095.055255962246,648.8633499773938,2250.443161453875,643.921903942308,2207.7908717065934,657.6679598911178,2237.8339434561444,656.7358907972913,2376.0,674.4,2097.0,591.6
2022-02-13,2022-02-13 12:00:00,13,primary_54,2159.1,642.3,2141.3960454250127,629.7784107254865,2054.901459579254,658.2845704162404,2202.747627986821,616.6629369376483,2155.60904889406,650.6395124993021,2185.398892968625,639.0978920945611,2310.3,658.5,2080.2,567.3
2022-02-13,2022-02-13 13:00:00,14,primary_54,2124.0,662.1,2146.44847362152,629.6735955169523,2041.624603225163,668.6323313884063,2158.271437637293,611.5578734701957,2132.884614036627,652.9823525268073,2158.327176951185,645.017449932402,2265.3,647.4,2042.1,563.1
2022-02-13,2022-02-13 14:00:00,15,primary_54,2051.1,653.4,2149.84115828251,651.9257571135145,2037.7357835405496,675.3097694085304,2125.1616925152475,625.9531208985312,2123.953355321827,660.3761595310694,2137.3490967799944,667.3055124725593,2276.1,661.2,2017.2,566.4
2022-02-13,2022-02-13 15:00:00,16,primary_54,2121.9,675.0,2132.825472845667,663.0650539954105,2021.2056856656184,634.5208102378467,2121.7106452698627,612.0417919506805,2119.544205421275,629.6900815702502,2122.940996468643,612.2178456568138,2304.6,672.0,2032.5,585.3
2022-02-13,2022-02-13 16:00:00,17,primary_54,2149.5,642.6,2108.165791251379,640.9316800902806,2000.494106594842,603.7856801201232,2088.6189922495087,556.102022871788,2068.147072368072,585.4234998342147,2090.07753984668,559.4377427941249,2238.6,597.9,1939.8,502.8
2022-02-13,2022-02-13 17:00:00,18,primary_54,2223.0,592.5,2245.0383056944074,607.0338469513414,2113.7562711397327,578.8762457384375,2177.535906146832,547.5520092538358,2149.1593550526586,559.2099015654517,2145.817257126824,547.3146415556482,2287.2,550.5,2083.8,509.7
2022-02-13,2022-02-13 18:00:00,19,primary_54,2292.3,561.9,2291.522474158919,590.325319360093,2201.02594657326,572.1033769896875,2253.079876400607,548.4662837883765,2233.058281449709,551.1862452502647,2223.2483062738424,551.6633488668466,2337.0,534.3,2230.5,544.8
2022-02-13,2022-02-13 19:00:00,20,primary_54,2318.4,588.3,2255.757079862032,579.9355591830805,2203.69906138384,556.451891078944,2270.848905560943,551.9038027685734,2254.273383794169,542.9637150641319,2251.8138797086585,567.0550539139817,2370.6,556.8,2264.7,572.7
2022-02-13,2022-02-13 20:00:00,21,primary_54,2319.3,596.4,2254.6424516418897,572.4321778992671,2182.999535115672,543.3250153997079,2253.542654623257,552.5404234920156,2248.4083264029846,543.5310390894069,2228.866797103816,555.7105610548015,2319.6,548.7,2254.8,598.5
2022-02-13,2022-02-13 21:00:00,22,primary_54,2278.8,576.3,2213.565184311247,576.0726929344233,2133.742139865716,539.2336539053131,2206.085348687921,559.8987212389047,2191.8769191391366,546.4033928266549,2164.565221484452,552.5150736119265,2242.8,542.7,2180.1,590.7
2022-02-13,2022-02-13 22:00:00,23,primary_54,2146.8,585.0,2101.475202769062,572.1470071555593,2061.349207243243,537.0572249835673,2136.12317359128,564.7871642636707,2105.2218508182305,548.500249505322,2095.360955549094,565.7621723037378,2142.3,560.4,2124.9,588.3
2022-02-13,2022-02-13 23:00:00,24,primary_54,1945.2,553.5,1945.005805989996,574.4822049984533,1923.8764156102288,522.5166376106101,1969.8253450740965,557.3855668657372,1953.495595167984,544.0473453253453,1952.871642921987,558.8766983690682,1970.1,549.9,1980.9,569.7
2022-02-14,2022-02-14 00:00:00,1,primary_54,1830.3,559.5,1818.3547195162528,574.6105413027416,1824.2446482925327,547.4948711467816,1840.2372416462736,568.5781382405916,1844.955770815157,558.4122143646298,1829.792494289018,572.3660454013583,1893.3,573.3,1839.6,564.9
2022-02-14,2022-02-14 01:00:00,2,primary_54,1749.5,578.1,1783.7098412464543,582.6022886828532,1764.363872697136,544.5950742376613,1769.3183014440503,583.7950234226377,1795.0936158063516,568.7241731172161,1792.4339765486932,573.9422894980454,1782.6,572.1,1772.4,581.4
2022-02-14,2022-02-14 02:00:00,3,primary_54,1733.1,600.0,1737.7822256567088,601.3008235451986,1727.3872531015156,542.1869238004842,1760.075864993578,588.8565198485082,1779.2139624915571,576.3911613793475,1789.5787054696143,579.5214001058193,1773.0,591.3,1775.7,607.2
2022-02-14,2022-02-14 03:00:00,4,primary_54,1724.1,604.5,1744.2273566020324,617.3912224870121,1715.5353775219403,541.0935733576337,1759.4666345538776,594.3898610502904,1769.1935600002082,578.577816706988,1778.5136753181391,588.3865476422753,1762.8,605.7,1754.7,610.2
2022-02-14,2022-02-14 04:00:00,5,primary_54,1735.2,607.5,1746.1670090399873,605.898349918931,1723.9127630181804,533.0098668828133,1782.0272257251008,585.444706781167,1780.5959594382598,576.7776484129148,1797.4327417101763,580.5705941838268,1755.0,606.3,1758.6,612.0
2022-02-14,2022-02-14 05:00:00,6,primary_54,1815.3,605.7,1855.5868986535168,615.7443460733817,1787.7626517691613,522.6473648005345,1842.0558419673048,589.7658891009735,1844.3183478036544,575.2949267775392,1852.8129420878845,591.7993496324725,1831.2,598.5,1798.2,611.7
2022-02-14,2022-02-14 06:00:00,7,primary_54,1915.5,573.9,1951.8638467681133,597.6498497279514,1879.25705703764,519.6596544347389,1936.3058886772587,578.995557581576,1949.3671653230456,570.9277451033041,1934.5955356119025,577.1733179150783,1916.7,561.6,1820.7,594.6
2022-02-14,2022-02-14 07:00:00,8,primary_54,2145.0,609.6,2068.190612704865,654.3593956296396,2053.7133348743805,596.0723547679993,2074.524965304792,684.8100216666387,2111.5184535268586,650.2627590958731,2079.5623916338413,682.1754852209015,2058.3,612.0,1916.7,626.1
2022-02-14,2022-02-14 08:00:00,9,primary_54,2375.7,831.0,2282.75122226281,932.48780053468,2338.6491592863754,871.1390421333533,2353.3935022338524,933.1101755266064,2377.630780919172,905.043583460863,2345.036869792279,894.4827964331769,2272.5,748.8,2088.0,667.2
2022-02-14,2022-02-14 09:00:00,10,primary_54,2639.1,1149.0,2469.2628784840203,1050.2803041015509,2530.3688173968694,1111.578627721744,2523.790155733439,1064.132839984382,2545.522781187292,1077.0980563471614,2525.5715348925214,1080.5586115963035,2516.1,1005.0,2217.6,734.1
2022-02-14,2022-02-14 10:00:00,11,primary_54,2633.1,1223.7,2529.534820737132,1031.5006760279618,2532.855273628496,1124.6733515188112,2523.376556847976,1059.820601546246,2521.9785710719,1077.7375967514836,2501.014938398582,1069.4193633328125,2569.5,1021.8,2286.6,741.3
2022-02-14,2022-02-14 11:00:00,12,primary_54,2578.8,1249.5,2557.160960248064,1035.5843962266954,2518.704876571789,1113.6455650571022,2481.810605152738,1023.8475743976344,2482.328557549191,1058.7502114242964,2469.427447199601,1049.2030459902965,2483.1,953.4,2213.7,685.2
2022-02-14,2022-02-14 12:00:00,13,primary_54,2569.8,1268.1,2506.883044725671,968.3780150332324,2470.7705378333835,1076.1874866694463,2421.6221663415167,986.9526825443488,2436.7811826096377,1015.2029963725596,2436.1760274678004,986.513282577155,2550.6,977.4,2159.1,642.3
2022-02-14,2022-02-14 13:00:00,14,primary_54,2429.7,1154.1,2512.472160883872,1031.425899869981,2463.4620566549784,1118.32101860568,2429.093310112737,1017.8455597299364,2437.0925975682494,1038.5054344726989,2484.8742944886344,1040.3018347536806,2523.3,999.3,2124.0,662.1
2022-02-14,2022-02-14 14:00:00,15,primary_54,2393.1,1128.0,2497.3354266068222,1017.820407396586,2460.6141569752995,1123.2720793267094,2406.0486543406964,996.9869583833528,2426.8992190381614,1056.6060032697974,2459.3192457965256,1010.7274356742428,2396.1,993.6,2051.1,653.4
2022-02-14,2022-02-14 15:00:00,16,primary_54,2383.8,1073.1,2492.4271474998595,1017.0229580655443,2462.6425295073614,1052.3448743090487,2437.677853434304,971.2630459819336,2418.534322293844,991.3890609919262,2471.57913978039,1000.956785039411,2359.5,944.7,2121.9,675.0
2022-02-14,2022-02-14 16:00:00,17,primary_54,2353.5,1002.3,2405.6727646950403,856.5305823924662,2388.878222094748,863.506406383003,2341.6310449845223,818.253584168848,2346.085927849669,836.6618978976703,2369.192729113176,832.0372508768986,2328.3,771.0,2149.5,642.6
2022-02-14,2022-02-14 17:00:00,18,primary_54,2521.2,981.0,2418.9315271745827,771.8092692395047,2438.101347699936,773.6747782954774,2362.9241305374626,734.1082789440813,2390.6257313822657,771.71607868652,2377.135955088351,721.775548389616,2229.3,567.6,2223.0,592.5
2022-02-14,2022-02-14 18:00:00,19,primary_54,2722.2,981.0,2455.8051636832006,736.3302601137023,2466.5318277317665,734.049189749563,2422.158503964741,683.7053058669766,2439.5837380847333,721.8256247987279,2438.7667188837063,659.1880961566729,2251.8,523.2,2292.3,561.9
2022-02-14,2022-02-14 19:00:00,20,primary_54,2546.1,846.0,2470.5268626813663,672.908895175665,2443.329107767075,673.8149498918943,2391.8892629148195,660.923449986061,2409.5959978142605,662.507600972262,2395.442750669558,625.7203727813916,2277.0,535.2,2318.4,588.3
2022-02-14,2022-02-14 20:00:00,21,primary_54,2443.2,704.1,2365.625408477564,657.1940063593685,2383.5428182728465,658.1720097183911,2357.980042758344,655.2417770781336,2377.7461998443155,651.5097954307811,2388.337038874169,612.5659283400736,2264.7,547.8,2319.3,596.4
2022-02-14,2022-02-14 21:00:00,22,primary_54,2391.0,691.8,2382.507786390528,656.1870794721295,2337.6820644610616,661.3099315142266,2311.3562936651465,640.1558097223782,2320.915813671659,652.0469485238456,2313.733198806085,603.4557372312206,2152.5,520.2,2278.8,576.3
2022-02-14,2022-02-14 22:00:00,23,primary_54,2283.9,700.2,2292.002038576767,668.2331079714546,2241.573987703526,661.6295410916856,2196.9241971307138,641.9529971516733,2214.370809431785,659.3806018710524,2194.219550834585,608.3142123545027,2044.5,528.0,2146.8,585.0
2022-02-14,2022-02-14 23:00:00,24,primary_54,2082.6,639.5999999999999,2164.126420524717,690.098184658044,2079.7536204270264,645.3461455986097,2053.6379204620284,616.4212717201951,2075.7196376535267,635.8344643083618,2033.605527890292,589.3665964757594,1889.1,524.7,1945.2,553.5
2022-02-15,2022-02-15 00:00:00,1,primary_54,1920.0,602.1,1964.043219537348,634.9422986869242,1938.176493977625,623.9902026368669,1963.46308185384,646.2373366821024,1955.1182458433957,634.9252616345693,1963.038425040012,635.0109596625313,1807.8,558.9,1830.3,559.5
2022-02-15,2022-02-15 01:00:00,2,primary_54,1914.3,643.2,1875.556921507072,644.7757674809676,1853.9653486124128,620.5108627720462,1895.9744239808465,651.1095995331764,1881.867254529407,633.8093481682694,1878.7917456078133,636.5501379870674,1779.6,588.3,1749.5,578.1
2022-02-15,2022-02-15 02:00:00,3,primary_54,1865.4,645.3,1850.024075104138,640.4537017873698,1819.1456337133247,615.1494957715994,1871.18757166706,655.3168777402731,1846.041044720111,630.8480617260963,1844.399577637648,631.7255477457142,1747.2,596.7,1733.1,600.0
2022-02-15,2022-02-15 03:00:00,4,primary_54,1871.1,656.4,1850.0990224811287,673.9365590421029,1794.6677256846624,609.4559125136952,1878.7618879188328,647.9790478449371,1843.2178215727247,631.2964409411605,1848.462211135732,631.7723646417504,1730.7,597.6,1724.1,604.5
2022-02-15,2022-02-15 04:00:00,5,primary_54,1887.3,657.9,1867.350408746748,683.0368519668227,1796.2713137699168,592.8504848936681,1884.4054503300235,630.3436797520853,1852.3553205723224,618.9982493704156,1833.699740737977,625.7655177775085,1731.6,594.6,1735.2,607.5
2022-02-15,2022-02-15 05:00:00,6,primary_54,1963.5,644.7,1958.2307613676967,661.8369357103835,1864.5479367130915,577.0184781019049,1943.0205412499608,612.744675565975,1933.5577767004656,599.3075619835633,1909.9414079178728,611.4133316178913,1804.2,576.9,1815.3,605.7
2022-02-15,2022-02-15 06:00:00,7,primary_54,2054.7,620.6999999999999,2002.2769836088096,606.8063778533085,1981.016987356168,565.8490507853119,2035.7167479979423,582.897487597986,2029.5722026805647,572.6523249112144,2024.2579726265344,585.0267889730302,1865.1,551.1,1915.5,573.9
2022-02-15,2022-02-15 07:00:00,8,primary_54,2236.5,661.8000000000001,2205.8555356814754,626.9525144167111,2189.1820597712285,614.0213948921681,2225.831151423569,620.3393844002348,2209.248428797914,626.5980875446285,2198.5969093956214,634.8741273933657,2022.6,585.6,2145.0,609.6
2022-02-15,2022-02-15 08:00:00,9,primary_54,2428.5,925.5,2483.335901265058,916.7859804091678,2465.7467588960235,884.5631399911589,2462.374970825505,873.4447307421375,2480.8676932410685,907.767570480462,2448.260800885476,906.788751010782,2258.1,751.2,2375.7,831.0
2022-02-15,2022-02-15 09:00:00,10,primary_54,2548.8,1168.2,2695.75452289203,1210.3557219861991,2639.453385899246,1160.6139880959497,2663.378587378956,1163.1335348460204,2640.9049996837234,1156.2636086837788,2642.2662541150403,1151.5222114046942,2541.3,1029.0,2639.1,1149.0
2022-02-15,2022-02-15 10:00:00,11,primary_54,2594.1,1306.5,2549.18534758804,1195.113006690732,2564.075980467893,1141.1321467071575,2567.0274550081267,1171.3425682337615,2562.933670632417,1147.5528867314963,2562.978974621335,1135.5277549282716,2532.3,1048.2,2633.1,1223.7
2022-02-15,2022-02-15 11:00:00,12,primary_54,2544.6,1259.7,2445.259443971523,1206.853384800073,2479.4655836619017,1120.8958782102534,2477.30157187086,1166.865867600099,2464.2640563536165,1137.346420277593,2485.0208574556937,1143.0240819052,2409.6,969.6,2578.8,1249.5
2022-02-15,2022-02-15 12:00:00,13,primary_54,2544.6,1260.9,2359.7751956036964,1150.9619448423537,2421.5784677760207,1101.6613397191722,2414.969720648141,1153.853120902329,2392.4799136792344,1099.9244463717048,2427.9678644369264,1088.2812739034102,2341.5,941.4,2569.8,1268.1
2022-02-15,2022-02-15 13:00:00,14,primary_54,2483.7,1290.0,2375.236753544623,1156.0935929914815,2420.7190225872573,1149.2449985907165,2422.973399065529,1179.4993619777676,2423.8243980527486,1140.5955693212438,2438.4663466015004,1140.0733566166646,2353.5,929.1,2429.7,1154.1
2022-02-15,2022-02-15 14:00:00,15,primary_54,2519.4,1219.2,2394.2320205777955,1132.1760180771514,2418.33353582826,1130.3253708010272,2443.3542159572216,1164.555676745689,2422.926032898853,1135.8485595416705,2434.547192711232,1106.2599461322152,2323.8,939.0,2393.1,1128.0
2022-02-15,2022-02-15 15:00:00,16,primary_54,2422.2,1146.0,2420.0385705781423,1078.4178302308987,2396.539026328949,1054.1132527329803,2421.1327708832428,1114.6701507834584,2409.1624744506703,1074.846084265592,2396.5592922535907,1044.4087206644224,2231.1,758.4,2383.8,1073.1
2022-02-15,2022-02-15 16:00:00,17,primary_54,2370.9,1007.1,2300.028083045747,917.20888050531,2319.356254094881,870.4306068947177,2354.9365043999373,913.7796922471016,2335.039505946023,910.2530963393164,2342.3800568475767,899.6543021630483,2023.8,512.7,2353.5,1002.3
2022-02-15,2022-02-15 17:00:00,18,primary_54,2541.3,975.6,2384.7154033597567,790.2191069564141,2403.7289596805526,812.2195140773638,2446.352052505658,842.5358501176402,2443.76734416982,829.6581102644947,2455.3294432306425,840.0500377787608,2120.1,492.3,2521.2,981.0
2022-02-15,2022-02-15 18:00:00,19,primary_54,2612.7,923.7,2540.0323261198314,800.6595036085854,2489.036293464085,795.4838418347036,2536.646327128933,832.2861181351096,2542.0288504264377,807.3812167634261,2527.2838913584696,850.8526760335302,2187.3,493.2,2722.2,981.0
2022-02-15,2022-02-15 19:00:00,20,primary_54,2497.5,759.9,2481.4292279165934,680.4032063139201,2441.823466565296,728.1588178273433,2490.163085959948,726.8749606682825,2485.4370421769504,721.5582296949184,2485.8532070507804,745.0382553099274,2229.6,517.2,2546.1,846.0
2022-02-15,2022-02-15 20:00:00,21,primary_54,2471.1,727.8000000000001,2408.920832147419,665.8451970195749,2392.6232463179617,696.9315793195693,2441.0493496089857,670.4634484567395,2428.2348579928957,684.4602221015566,2420.550617761417,682.9580987704459,2236.8,531.0,2443.2,704.1
2022-02-15,2022-02-15 21:00:00,22,primary_54,2429.1,726.9,2309.394024393984,687.2292256669245,2348.201082904827,692.1054074409718,2387.500252446406,689.628320430437,2357.2848168323253,689.9416411608947,2346.952420538808,701.1190356876359,2163.3,508.2,2391.0,691.8
2022-02-15,2022-02-15 22:00:00,23,primary_54,2232.6,708.9,2193.0901913281905,670.3284435432896,2225.154053435728,685.6632334239384,2267.589855848383,694.8965210273701,2242.41400460605,688.0620535252506,2237.5930253503307,702.4549973459956,2000.4,484.2,2283.9,700.2
2022-02-15,2022-02-15 23:00:00,24,primary_54,2054.4,706.8000000000001,2010.89411601952,651.3546916675988,2056.3628869719632,661.0457447667728,2072.9617241053693,667.6128687335365,2067.391086729361,665.0491552949098,2065.789553387068,672.4255256286699,1851.3,489.0,2082.6,639.5999999999999
2022-02-16,2022-02-16 00:00:00,1,primary_54,1999.5,765.0,1893.3220975150648,643.214998217963,1937.2339723160253,679.893419802007,1926.346606488094,668.1573649634845,1933.15363259324,674.1482671587272,1933.8304439098588,658.6243335831645,1768.8,507.6,1920.0,602.1
2022-02-16,2022-02-16 01:00:00,2,primary_54,1928.1,774.0,1845.9541747211329,641.1356808480301,1874.3128638706064,665.5786990037466,1886.352847057463,661.8012281946867,1889.9113634362277,667.897345819498,1888.7272523395184,656.676911430267,1735.8,532.8,1914.3,643.2
2022-02-16,2022-02-16 02:00:00,3,primary_54,1906.8,783.0,1767.5662477183942,626.6914699146065,1816.942605819106,652.2495939293767,1830.7755165542887,649.2250677812208,1828.6791819470875,660.5994310802989,1830.7781324215864,654.09516216522,1717.2,557.7,1865.4,645.3
2022-02-16,2022-02-16 03:00:00,4,primary_54,1854.9,714.3,1726.03520111994,609.8711432207173,1784.9468645344546,645.4358044255106,1791.405373779512,639.0566375751572,1795.033286447719,645.7755916450769,1800.1300587334615,642.9884789083993,1710.3,563.4,1871.1,656.4
2022-02-16,2022-02-16 04:00:00,5,primary_54,1852.2,700.8000000000001,1720.1343784894154,618.0919952901171,1781.318541664903,627.5604761110005,1807.6666446120764,624.8643569432649,1805.9678616664628,629.8906575389054,1821.6714215073823,631.7790919836921,1733.7,567.6,1887.3,657.9
2022-02-16,2022-02-16 05:00:00,6,primary_54,1860.6,625.1999999999999,1821.1952348421453,586.0665347947522,1868.39883296252,603.6979267725809,1885.415186577134,609.7307811923682,1877.4283503303773,609.3074083695005,1902.3759911432307,603.1709857767581,1793.7,566.4,1963.5,644.7
2022-02-16,2022-02-16 06:00:00,7,primary_54,1970.7,586.8,1945.600706387964,576.9150271837198,1981.0104396443287,585.1104253795473,2002.358187523479,587.0017483825269,1977.8591728557813,584.6091303695114,2000.061457504864,570.4101019215665,1887.9,550.8,2054.7,620.6999999999999
2022-02-16,2022-02-16 07:00:00,8,primary_54,2193.6,636.3,2139.364670875223,587.7193100647726,2174.99600315674,633.7297607466872,2191.818758423344,630.4345624904308,2175.8292005935173,628.1395651558538,2181.1786765141533,632.9183478135927,1905.3,533.1,2236.5,661.8000000000001
2022-02-16,2022-02-16 08:00:00,9,primary_54,2329.5,798.6,2389.240308287817,939.2051949774144,2462.1803609232884,969.4319975582569,2462.93840980242,941.036378396084,2417.868651223885,953.8474052300433,2460.858583060389,937.1008757745004,2242.5,826.8,2428.5,925.5
2022-02-16,2022-02-16 09:00:00,10,primary_54,2662.2,1169.7,2569.656223663996,1236.9962329283103,2623.815764745089,1187.0303857067663,2604.6903828218465,1178.1249606095373,2593.490282535696,1189.5124795933234,2604.801682079879,1159.4168386860235,2268.6,887.4000000000001,2548.8,1168.2
2022-02-16,2022-02-16 10:00:00,11,primary_54,2776.8,1253.4,2580.054206662286,1219.058259376009,2609.993598462293,1196.653015909831,2607.240012571968,1240.4672488828808,2587.8556985449163,1204.0792715586592,2598.4514249367007,1219.3378576062091,2178.0,723.3000000000001,2594.1,1306.5
2022-02-16,2022-02-16 11:00:00,12,primary_54,2580.6,1096.8,2550.319242563872,1140.1064183990054,2561.809327416036,1166.378565996657,2549.6837861903987,1214.9143379413815,2524.9012191860006,1160.3789188614055,2518.8417512502683,1167.8857726345625,2173.5,697.5,2544.6,1259.7
2022-02-16,2022-02-16 12:00:00,13,primary_54,2560.5,1040.7,2490.878240277368,1073.107591241908,2520.0660773101727,1136.2699453112318,2505.325738659773,1159.1213947784956,2475.418626495853,1132.9031333035664,2469.6009090896605,1154.5486011288276,2138.1,666.9,2544.6,1260.9
2022-02-16,2022-02-16 13:00:00,14,primary_54,2445.0,1029.9,2552.255110621083,1160.80916383879,2543.9277421274824,1179.572504139495,2532.009392091901,1229.314364538254,2475.9834010599084,1186.8508031597137,2512.7703528351244,1204.9981304875307,2080.5,624.9,2483.7,1290.0
2022-02-16,2022-02-16 14:00:00,15,primary_54,2560.2,1087.5,2606.35138540009,1233.6263472170524,2557.2753932574883,1180.2714272642208,2565.9729039083954,1239.4953499907556,2480.133154314228,1204.4113967117023,2516.504076054325,1231.2576422070763,2031.0,634.2,2519.4,1219.2
2022-02-16,2022-02-16 15:00:00,16,primary_54,2603.1,1179.3,2511.83659620113,1062.7402280180086,2515.310677565732,1081.9956585870516,2547.5304305557597,1149.629824928577,2468.135541147254,1108.6789384311785,2515.4672338022256,1144.077868700501,2069.4,649.2,2422.2,1146.0
2022-02-16,2022-02-16 16:00:00,17,primary_54,2535.3,992.7,2283.56858049748,799.0480263568552,2370.5275691065453,869.9229226684712,2360.258313231657,866.8876192827038,2344.2350068989517,885.9705393960605,2373.3260275590173,892.2765306748058,2163.3,744.6,2370.9,1007.1
2022-02-16,2022-02-16 17:00:00,18,primary_54,2424.3,745.8,2341.5125947475667,725.9727192164582,2420.617399514087,806.6181857433114,2432.8822571983774,817.7471888042246,2400.374975384138,806.8454584675653,2419.9043833873693,815.3905400974028,2196.9,606.0,2541.3,975.6
2022-02-16,2022-02-16 18:00:00,19,primary_54,2497.5,689.7,2441.1169639854515,744.3237155688582,2457.1319786088834,787.0846540527626,2485.3028471868706,790.7664659990096,2460.7047417077006,781.1806499171723,2477.229302944824,789.3705736513094,2238.0,545.1,2612.7,923.7
2022-02-16,2022-02-16 19:00:00,20,primary_54,2388.9,596.1,2426.495214891662,702.4155002331285,2406.5573511919447,727.3354831542342,2477.497318423458,726.4011985670204,2423.2130973677386,724.8820913043228,2482.212076868201,735.0766505647575,2227.8,516.0,2497.5,759.9
2022-02-16,2022-02-16 20:00:00,21,primary_54,2335.2,569.4,2421.1494357750403,686.4656318191832,2371.416042618485,709.1963962973756,2431.142571993592,708.7821871405231,2363.225024807863,701.6506382577569,2417.5805438127454,714.1996995772394,2226.9,530.7,2471.1,727.8000000000001
2022-02-16,2022-02-16 21:00:00,22,primary_54,2250.0,552.6,2335.044126601465,692.072124517152,2325.670835149295,711.4877759595696,2343.9735416255157,715.8159028226866,2314.5121997959386,704.9378557540953,2325.005206983716,725.8007899113043,2204.4,562.5,2429.1,726.9
2022-02-16,2022-02-16 22:00:00,23,primary_54,2145.0,556.8000000000001,2187.217429475819,715.2137450307341,2208.879243361809,704.2482330010876,2238.8272256198725,712.4112673845653,2202.567041765769,698.1058331547721,2208.033145826067,720.2454931493791,2060.1,531.6,2232.6,708.9
2022-02-16,2022-02-16 23:00:00,24,primary_54,1981.2,555.9,2001.4254480671696,703.6876151420272,2017.6423325232088,684.043590210493,2033.3697609262667,687.0621478180555,2006.0833786793305,686.8093618725065,1988.212522011521,700.1953027722934,1947.6,552.9,2054.4,706.8000000000001
2022-02-17,2022-02-17 00:00:00,1,primary_54,1866.3,561.3,1832.9721570085285,582.7421660560832,1873.4332075104023,580.2766149951599,1875.626475856625,567.1499927174877,1884.1715249938493,577.5059628150607,1868.0035913420568,573.0080861389788,1830.3,558.3,1999.5,765.0
2022-02-17,2022-02-17 01:00:00,2,primary_54,1815.0,570.9,1799.8766459322455,585.9649574444985,1825.1645113129032,606.6452346821862,1830.3274773862129,580.3482623613149,1833.493501338436,604.4199538239649,1821.1664150328209,574.9277771426014,1754.4,577.8,1928.1,774.0
2022-02-17,2022-02-17 02:00:00,3,primary_54,1802.7,594.9,1780.0541394185857,584.4532887966333,1799.608811422292,620.438015214979,1818.2378270909592,583.2797750271873,1824.259605816032,622.7391130969728,1807.090711347334,581.1122451414801,1748.1,611.7,1906.8,783.0
2022-02-17,2022-02-17 03:00:00,4,primary_54,1798.5,594.6,1752.5238525076072,576.8597254462812,1776.934907237838,628.393296324632,1790.488300001428,578.9357955871449,1797.769269723522,625.0434382511615,1791.5692529550065,584.7766404909644,1717.2,602.1,1854.9,714.3
2022-02-17,2022-02-17 04:00:00,5,primary_54,1806.9,594.0,1701.813907980103,559.0910483565775,1776.423554319142,622.9883111627882,1798.000257244688,577.2612743134152,1803.6201068333737,614.3496362369832,1802.038141173208,589.0196807728288,1723.2,601.2,1852.2,700.8000000000001
2022-02-17,2022-02-17 05:00:00,6,primary_54,1878.6,589.5,1761.751833875891,534.8196003991359,1834.882596630548,597.2340301314288,1857.7113217243589,563.1945656289287,1845.5950603304937,599.9987529963031,1847.904783102547,586.9853425318279,1785.9,591.6,1860.6,625.1999999999999
2022-02-17,2022-02-17 06:00:00,7,primary_54,1963.2,579.6,1891.0915122757665,506.7760093794584,1942.234006286812,575.0012591291508,1936.4541568107784,549.1459849232685,1931.0800576453453,569.2904482025464,1931.6313461795717,560.4235911850732,1841.7,543.0,1970.7,586.8
2022-02-17,2022-02-17 07:00:00,8,primary_54,2171.1,621.9000000000001,2132.173752152994,514.6439938420457,2154.3303091335283,604.9331501397966,2130.0721085954647,620.0728809998578,2122.518221174105,615.5788303376979,2121.677355326672,625.793944984916,1920.6,519.3,2193.6,636.3
2022-02-17,2022-02-17 08:00:00,9,primary_54,2309.1,764.1,2359.070858401325,792.6034030056653,2384.515571856681,867.8299546723705,2322.576275887183,864.2808334131573,2325.054917656245,860.2424805876483,2359.71247742185,840.8583923324173,2057.7,595.8,2329.5,798.6
2022-02-17,2022-02-17 09:00:00,10,primary_54,2483.4,1006.8,2507.4206112707966,1119.4739385425205,2593.162544131233,1145.8015625563628,2516.672902836017,1140.5228087116038,2541.7841121741267,1144.5296959411612,2562.018069651527,1132.3648643948648,2259.6,760.2,2662.2,1169.7
2022-02-17,2022-02-17 10:00:00,11,primary_54,2505.6,1034.4,2540.907751302902,1156.4875141815264,2585.574684641789,1173.7278075730824,2557.279106565273,1135.2290852737558,2571.1675665309845,1142.8607814070108,2540.5628728734146,1147.2682566815422,2400.6,930.6,2776.8,1253.4
2022-02-17,2022-02-17 11:00:00,12,primary_54,2323.8,820.1999999999999,2415.8502101067,1116.6838221576663,2513.474467116015,1153.0762955668897,2487.617223746296,1132.7749127709328,2503.6042041415376,1118.0038134727731,2475.0145566334854,1155.462671617515,2347.5,905.7,2580.6,1096.8
2022-02-17,2022-02-17 12:00:00,13,primary_54,2336.1,802.1999999999999,2359.943571556316,1079.7137427267182,2453.384373655067,1115.274967265665,2450.060005471128,1080.2918791764669,2471.6417281660733,1089.770926223629,2437.0587099773616,1095.365366951228,2361.0,887.4,2560.5,1040.7
2022-02-17,2022-02-17 13:00:00,14,primary_54,2297.1,754.1999999999999,2414.098103555478,1153.024960528094,2461.1487351556502,1147.4603161693888,2499.2071227692163,1132.6513136471283,2498.722812374988,1131.033397311368,2453.03862860187,1119.2169324386716,2462.4,973.2,2445.0,1029.9
2022-02-17,2022-02-17 14:00:00,15,primary_54,2279.1,738.9,2464.150946271513,1176.315071799094,2488.141292124937,1156.3567349095651,2524.563881823592,1135.437485357038,2526.3594798343333,1124.3979043228626,2497.5201522841485,1120.410413154128,2420.7,954.3,2560.2,1087.5
2022-02-17,2022-02-17 15:00:00,16,primary_54,2444.1,856.2,2464.5359493430665,1133.375319747226,2482.00566803167,1124.4066012945634,2504.497346994221,1105.2116938846248,2525.163288621494,1107.98910189058,2509.5456359613413,1099.749491674384,2441.7,969.3,2603.1,1179.3
2022-02-17,2022-02-17 16:00:00,17,primary_54,2493.0,915.9,2382.950521306944,891.6085929929379,2378.9012742752584,923.2318892739468,2411.964778538434,903.0231512212002,2427.024510843157,939.7494537522044,2424.221776494191,887.614423071026,2268.6,821.6999999999999,2535.3,992.7
2022-02-17,2022-02-17 17:00:00,18,primary_54,2592.9,973.2,2337.330443209277,733.803514253661,2401.597458292893,777.6811096625285,2382.6932718382886,786.5973193942286,2402.1995566977025,761.4347854877394,2365.585113407171,759.2336178858534,2397.0,836.4000000000001,2424.3,745.8
2022-02-17,2022-02-17 18:00:00,19,primary_54,2541.6,811.8000000000001,2402.986747834605,756.8556920124905,2432.86794434158,745.2951653923153,2419.168411901496,733.3518794337084,2438.95989796687,722.2990291275369,2417.862144050468,711.1128441016024,2435.4,717.9000000000001,2497.5,689.7
2022-02-17,2022-02-17 19:00:00,20,primary_54,2328.9,587.4,2298.7559806064905,687.0912783609356,2365.6021869544707,670.3835548941477,2345.741110458539,678.5164452855867,2367.921707788864,667.6302304581509,2327.186734822795,663.9743036534367,2194.5,501.3,2388.9,596.1
2022-02-17,2022-02-17 20:00:00,21,primary_54,2285.1,552.6,2263.777794214467,689.07705071299,2310.6272104601703,658.4956421175245,2289.7151020949773,664.3455652844307,2313.022930082225,646.6490488253359,2318.014585104804,647.749659483045,2146.2,491.7,2335.2,569.4
2022-02-17,2022-02-17 21:00:00,22,primary_54,2277.0,579.0,2214.3913546310423,674.9768007041135,2246.262886499652,663.4647687702686,2249.272128892216,661.1279143713307,2237.8419273884274,648.5145930908479,2262.8018451201456,638.7457670745924,2107.2,490.2,2250.0,552.6
2022-02-17,2022-02-17 22:00:00,23,primary_54,2151.9,583.5,2112.431216610237,656.0429771519175,2123.951231577614,659.3819626288555,2125.273140609285,644.8033071070215,2113.755657073018,647.3045110647648,2145.5677411469637,621.766787762254,2010.9,488.7,2145.0,556.8000000000001
2022-02-17,2022-02-17 23:00:00,24,primary_54,1975.5,565.8,1929.9279540057985,605.540206058738,1966.901424041192,641.0788817908923,1936.4413092957184,612.1431556856463,1941.963803634864,625.9532045734163,1937.07079760464,594.801671266515,1839.3,472.2,1981.2,555.9
2022-02-18,2022-02-18 00:00:00,1,primary_54,1891.8,602.7,1797.989116642845,570.1575490604072,1822.097829748016,561.3162707933702,1841.7194834020531,559.9382920304631,1837.4032938962916,565.6769183689131,1846.493993413308,558.2153720896787,1694.1,480.0,1866.3,561.3
2022-02-18,2022-02-18 01:00:00,2,primary_54,1836.3,640.5,1723.0712884691536,557.8334227780489,1746.4114253699286,559.6679939511143,1763.603306920892,565.1385220957131,1768.8710289980313,562.3494748807386,1790.9577969160105,561.1491051577082,1666.2,513.0,1815.0,570.9
2022-02-18,2022-02-18 02:00:00,3,primary_54,1788.6,655.8,1687.2585691530935,555.2833138655653,1707.5514314042634,557.9749640665223,1716.9153933728448,570.3929335100876,1726.0387479704973,565.5569853320955,1763.2196925277296,570.0181088360287,1649.4,550.8,1802.7,594.9
2022-02-18,2022-02-18 03:00:00,4,primary_54,1781.7,657.5999999999999,1656.6997379896118,533.1722708676804,1689.9384157154532,556.4239011837055,1699.1987640741943,572.7219844974359,1713.0950073639808,568.5773375117633,1762.6788232563763,566.0484190403472,1649.4,563.4,1798.5,594.6
2022-02-18,2022-02-18 04:00:00,5,primary_54,1782.3,644.4,1641.0103915112757,523.5423765599854,1682.3547162492084,548.0565343084065,1682.8654280937756,570.9840797347433,1720.9498467527333,566.4042398114333,1776.6823082943845,550.8910163946914,1663.2,573.3,1806.9,594.0
2022-02-18,2022-02-18 05:00:00,6,primary_54,1853.4,640.8000000000001,1762.9910577514372,497.41484151217,1747.8327661762787,531.9455191133338,1761.545656579903,560.424440557816,1786.91138933866,560.433126565846,1819.195424145301,549.4845037889562,1721.4,567.9,1878.6,589.5
2022-02-18,2022-02-18 06:00:00,7,primary_54,1932.9,605.4,1846.5149552675864,512.6403505638827,1867.3996019981523,518.6748706026366,1865.6349153010635,545.1410063192722,1872.6464691485908,550.9136048150657,1882.4562856976704,551.2163694094016,1800.6,526.8,1963.2,579.6
2022-02-18,2022-02-18 07:00:00,8,primary_54,2190.3,688.8,2012.5661859876384,546.322639097752,2059.358333698839,558.6006407334154,2062.547102432161,602.0381588235548,2077.6264650956737,610.4849359597191,2077.0583680246814,640.3905094142021,1907.4,548.4,2171.1,621.9000000000001
2022-02-18,2022-02-18 08:00:00,9,primary_54,2427.3,971.1,2258.073499265912,789.8593356531093,2292.967878912904,796.7380895034895,2253.2790004516687,790.0911195018248,2277.4426579799497,800.0436978334607,2267.5360741906943,849.7585641174693,2129.7,685.8,2309.1,764.1
2022-02-18,2022-02-18 09:00:00,10,primary_54,2579.4,1211.4,2472.533195562019,1039.7954117365052,2483.386372499824,1050.1419681101222,2429.437363868746,1011.1880415110758,2455.131881238396,995.3081717207408,2469.0937540566906,1028.7481366195202,2230.5,766.5,2483.4,1006.8
2022-02-18,2022-02-18 10:00:00,11,primary_54,2499.6,1124.7,2420.8668565370845,1024.8457550511764,2494.512125403596,1054.2224241069434,2438.2990746826413,1012.7236467980148,2445.162224102604,987.9250895920736,2486.5145589415747,1017.8217094149126,2309.4,730.1999999999999,2505.6,1034.4
2022-02-18,2022-02-18 11:00:00,12,primary_54,2496.9,1156.2,2406.00172859784,997.4947974806088,2432.4055419660976,996.8761517544704,2380.450770674396,948.3363210320832,2396.5163439704384,943.6494375506892,2436.5610999288915,960.520348884949,2500.8,979.2,2323.8,820.1999999999999
2022-02-18,2022-02-18 12:00:00,13,primary_54,2495.1,1146.0,2371.7718301437208,943.2994538719098,2358.0178029788026,980.9505488359392,2361.5703135262293,916.5535196341604,2371.9028775523025,921.2469239129858,2389.146967919027,944.2207918482496,2448.3,1001.7,2336.1,802.1999999999999
2022-02-18,2022-02-18 13:00:00,14,primary_54,2360.7,1085.4,2380.727863215216,974.719832701715,2361.210414076758,981.2837898530408,2378.959150387976,926.1717851144022,2378.2881486267943,951.4659469138692,2407.9733841100497,949.25300886527,2477.1,1017.0,2297.1,754.1999999999999
2022-02-18,2022-02-18 14:00:00,15,primary_54,2305.5,1042.8,2352.392972654003,983.82269476672,2344.0394517809445,976.8166855711712,2376.97601296684,930.7092088192372,2366.749298204665,935.889777948975,2390.781105720273,953.393836829648,2331.9,909.9,2279.1,738.9
2022-02-18,2022-02-18 15:00:00,16,primary_54,2526.9,1288.5,2344.404377795804,939.4056952237056,2344.6555354549137,896.9312507443714,2389.976320249271,837.0778547411069,2358.72894290641,846.4309231202899,2429.429545349047,885.8358197746431,2312.7,823.5,2444.1,856.2
2022-02-18,2022-02-18 16:00:00,17,primary_54,2503.5,1231.2,2261.3296492300224,767.4950407904306,2272.811840617458,771.3441423279171,2334.4946550526465,749.6602519067567,2302.205405143998,759.1376906389426,2349.565767353244,755.7706437842884,2170.5,684.6,2493.0,915.9
2022-02-18,2022-02-18 17:00:00,18,primary_54,2595.6,1151.7,2293.879248051099,664.2236862287587,2335.432422753736,702.3145092225216,2383.5218291963965,689.3439579554733,2331.891481281264,690.4074428542966,2375.801276529606,697.6016917124449,2243.7,598.8,2592.9,973.2
2022-02-18,2022-02-18 18:00:00,19,primary_54,2766.0,1152.0,2375.283650605349,640.1705847416617,2397.408256222548,673.8907515653582,2411.6913631259654,651.8576960992768,2372.2387709447257,654.6312951031435,2422.451708067802,647.8158246333898,2180.1,485.1,2541.6,811.8000000000001
2022-02-18,2022-02-18 19:00:00,20,primary_54,2527.5,864.0,2346.8747058052286,629.5606449878394,2352.8540551760807,631.8578968035168,2336.9101701010604,616.7650198807887,2339.768592147854,616.4859282374265,2337.0423305512727,609.8794827276445,2175.0,497.1,2328.9,587.4
2022-02-18,2022-02-18 20:00:00,21,primary_54,2390.7,721.2,2301.9022258501263,647.0939776122797,2300.3081801318044,616.946659517576,2292.311122385672,595.1656063341112,2277.9510147850424,591.7575000169087,2291.7723864813,596.0851797057567,2193.6,525.9,2285.1,552.6
2022-02-18,2022-02-18 21:00:00,22,primary_54,2281.5,694.2,2208.171023262264,623.8714858364383,2243.029703826928,611.3150584657737,2230.74906634077,573.926072718857,2217.232278270973,584.4359718474923,2219.443569885776,570.4191945835734,2138.7,523.8,2277.0,579.0
2022-02-18,2022-02-18 22:00:00,23,primary_54,2150.1,694.1999999999999,2103.0137363552385,608.3770559275144,2122.637758725956,611.7261534692452,2102.1693248310908,582.7838410596587,2114.8194187430254,585.5664189375494,2113.3762644124745,564.3390899650411,2023.2,521.4,2151.9,583.5
2022-02-18,2022-02-18 23:00:00,24,primary_54,2039.4,694.8,1945.380562871564,584.8568913575989,1968.814809581253,600.5589347329961,1939.4813179803675,581.514266939084,1950.8740772421224,577.5544970021217,1956.742316200836,569.848008672536,1876.2,511.8,1975.5,565.8
2022-02-19,2022-02-19 00:00:00,1,primary_54,1945.5,690.6,1855.5018460891963,643.6759632586584,1888.603408919647,664.1879166305719,1892.893346931164,655.7016871227194,1895.4821290204827,668.1503174884846,1904.551769394095,670.8561206922511,1768.2,537.0,1891.8,602.7
2022-02-19,2022-02-19 01:00:00,2,primary_54,1881.3,716.7,1748.170583748607,621.2821037605811,1805.4486160500608,647.8401552723066,1797.3084553519843,636.98530595271,1811.2250938436853,657.5105436783297,1828.724746208598,657.8671243705503,1727.7,572.4,1836.3,640.5
2022-02-19,2022-02-19 02:00:00,3,primary_54,1873.5,755.4,1691.5863701783985,607.0810514334138,1754.6229794044482,634.4715675168809,1741.003785165805,618.5186205599279,1768.417510300137,643.4234146441833,1766.3269410183425,635.732341449693,1683.3,578.4,1788.6,655.8
2022-02-19,2022-02-19 03:00:00,4,primary_54,1878.9,770.4,1716.3162309803922,600.8363815318738,1740.861790105101,622.4770534476881,1741.2436855500828,612.6864788431227,1749.095470781503,638.4948058384351,1760.277763664696,624.1685838889277,1698.3,622.2,1781.7,657.5999999999999
2022-02-19,2022-02-19 04:00:00,5,primary_54,1869.0,771.6,1714.4377942182557,577.4150031881331,1732.7100575900618,605.0170378748153,1724.5192260857434,605.1813929149752,1742.0564635894548,619.4169182746264,1765.6572647291764,605.3746081137651,1684.8,600.6,1782.3,644.4
2022-02-19,2022-02-19 05:00:00,6,primary_54,1833.3,679.5,1735.810372677003,568.6204118374266,1757.335277664494,586.8180572335082,1741.733257967252,596.7492062206027,1775.8708546163357,597.5433597260928,1799.9364533688956,580.6481096494323,1666.8,571.8,1853.4,640.8000000000001
2022-02-19,2022-02-19 06:00:00,7,primary_54,1775.1,615.6,1762.3667565936596,543.0258436423532,1825.0746711687711,566.311022179812,1791.26327250831,548.0055816081774,1828.1323751444008,560.765326466452,1814.6458264312664,536.6144823358549,1678.5,555.6,1932.9,605.4
2022-02-19,2022-02-19 07:00:00,8,primary_54,1917.3,641.7,1907.036454478197,557.0905661884311,1932.291143845401,578.76492288657,1970.3161002219904,567.1065706318035,1959.3656444028877,565.5508423150493,1940.046542714596,554.1308497916409,1765.8,577.5,2190.3,688.8
2022-02-19,2022-02-19 08:00:00,9,primary_54,2296.5,913.5,2182.875035538869,700.8314399463765,2185.6605338731224,713.6014874333446,2213.2501736091795,708.4031511979797,2183.7124338337485,699.0398135406825,2195.387611127673,674.1200465983551,2016.6,622.8,2427.3,971.1
2022-02-19,2022-02-19 09:00:00,10,primary_54,2442.9,1063.8,2235.7049353247685,814.7300339420882,2344.197450720232,855.0398962947233,2343.3361677669086,805.7253329784893,2326.5262087132405,806.1997311521453,2322.315970118743,766.4647118283598,2094.9,635.1,2579.4,1211.4
2022-02-19,2022-02-19 10:00:00,11,primary_54,2495.4,1007.7,2284.803126619739,690.3356873576765,2369.934285808619,838.3725542274806,2339.672682584308,715.87120777147,2345.5154822020545,709.5322370064207,2297.9183761784857,708.3180679375098,2148.9,636.0,2499.6,1124.7
2022-02-19,2022-02-19 11:00:00,12,primary_54,2512.5,1002.6,2233.6169603594685,652.6878717170147,2359.1523577421267,789.7602952210156,2298.256541601256,704.6371845802553,2304.996036138576,694.0579071194553,2249.2114605898155,692.4392130074084,2097.0,591.6,2496.9,1156.2
2022-02-19,2022-02-19 12:00:00,13,primary_54,2470.2,952.2,2244.9366749667456,648.4248326592256,2332.940532365872,760.7409622725474,2320.651333875652,702.1064916655138,2282.8017975322955,687.7415219767455,2255.7477995522627,710.4776705570879,2080.2,567.3,2495.1,1146.0
2022-02-19,2022-02-19 13:00:00,14,primary_54,2333.7,891.3,2237.5919630791213,626.5584381607298,2311.2644492532327,760.5586881218146,2297.425460618739,689.4708602241949,2244.069684052051,689.6265364320402,2238.549404008111,710.7436398264055,2042.1,563.1,2360.7,1085.4
2022-02-19,2022-02-19 14:00:00,15,primary_54,2233.2,714.3,2127.4579978206607,636.5126461505225,2274.959326501192,728.179122041181,2224.8168943002424,678.1840744315136,2203.059025272342,675.3722085942633,2209.9586790756657,687.8710123713555,2017.2,566.4,2305.5,1042.8
2022-02-19,2022-02-19 15:00:00,16,primary_54,2099.3,699.9,2091.739984158894,639.2840657069157,2249.221703401778,703.3660588572909,2214.5997924067915,683.6258300643794,2177.7833993004424,670.2968999945759,2174.2336671971475,689.6659127058805,2032.5,585.3,2526.9,1288.5
2022-02-19,2022-02-19 16:00:00,17,primary_54,1983.9,532.5,2001.2172013276927,580.7839883950496,2165.567492314404,664.4699263894072,2128.4136561794867,601.0786318163168,2141.2430282226314,613.1044890134519,2125.9002790683776,582.9264318488017,1939.8,502.8,2503.5,1231.2
2022-02-19,2022-02-19 17:00:00,18,primary_54,2145.9,579.0,2164.765692898613,607.9917470105886,2222.283053409833,674.6960636927782,2282.6978315098404,622.9088187939449,2240.169402640724,632.6015216771046,2267.022289723541,618.0978336680137,2083.8,509.7,2595.6,1151.7
2022-02-19,2022-02-19 18:00:00,19,primary_54,2234.7,597.6,2207.505274131315,570.0434782813452,2289.813602496964,676.433829012008,2332.7964923870413,634.7118277633874,2278.249244013889,619.762935824234,2339.8243853300564,604.8041642211366,2230.5,544.8,2766.0,1152.0
2022-02-19,2022-02-19 19:00:00,20,primary_54,2220.3,584.4,2213.0198393228534,534.1429686169973,2260.797162234305,637.3562307474729,2290.730769891238,598.0412242213483,2245.8181562756317,589.4251789377997,2289.530971084289,590.4428669991888,2264.7,572.7,2527.5,864.0
2022-02-19,2022-02-19 20:00:00,21,primary_54,2202.9,596.4,2200.6638247617484,521.9039820362656,2234.971677239977,624.3868352202545,2251.322684749153,560.5019881886169,2204.170433141594,559.9593045246969,2229.1528744910147,567.7945502103554,2254.8,598.5,2390.7,721.2
2022-02-19,2022-02-19 21:00:00,22,primary_54,2117.1,580.5,2109.461974579629,525.2283511214855,2147.651221529559,620.6375929955339,2161.8225071423767,541.2679579993362,2118.1082531637408,551.9267638317353,2126.487381219706,548.7015022898221,2180.1,590.7,2281.5,694.2
2022-02-19,2022-02-19 22:00:00,23,primary_54,2012.1,589.8,1997.704880656172,530.2532393807118,2035.0767196049253,614.3892378193071,2072.782181412394,536.2721893046144,2034.35330750311,550.7809069633383,2040.8434595084043,542.3452080364419,2124.9,588.3,2150.1,694.1999999999999
2022-02-19,2022-02-19 23:00:00,24,primary_54,1885.2,574.2,1818.7132349543367,520.7340026026118,1876.1915006070456,602.6814260087637,1903.457001200132,532.2713893700278,1878.0007985433797,536.377266456702,1900.426407766304,539.978796933568,1980.9,569.7,2039.4,694.8
2022-02-20,2022-02-20 00:00:00,1,primary_54,1803.6,597.3,1782.7419145042688,567.1448481621444,1777.8899501711965,564.5586134948031,1798.1757058602902,565.5984317817965,1799.7569251839595,563.3441397831206,1810.611944145712,563.3540169108446,1839.6,564.9,1945.5,690.6
2022-02-20,2022-02-20 01:00:00,2,primary_54,1737.9,618.0,1711.3739557153183,562.5386873422453,1704.1689997781243,570.4803735316608,1746.3610271454254,575.3346784611597,1735.5422054537546,567.4840977357322,1749.539749740024,563.496918870413,1772.4,581.4,1881.3,716.7
2022-02-20,2022-02-20 02:00:00,3,primary_54,1691.1,624.3,1733.273164264505,564.2033840644078,1674.976917343985,572.3084700826921,1717.7180713673015,577.012270048642,1696.6456419450228,563.8560067458892,1736.392307656815,562.714863332314,1775.7,607.2,1873.5,755.4
2022-02-20,2022-02-20 03:00:00,4,primary_54,1648.5,634.5,1702.6548930028646,553.0462024877877,1655.5793274256755,569.1373351450135,1685.7979818553629,567.1089981280146,1711.5801747614232,560.3553927765817,1723.1932881739951,550.3885136209251,1754.7,610.2,1878.9,770.4
2022-02-20,2022-02-20 04:00:00,5,primary_54,1674.9,651.6,1707.032773347683,551.0722586001124,1661.3270791789043,564.3514942883104,1701.0825310251807,561.8784634012289,1710.8780865587864,550.7698839510246,1732.303675299251,551.3216255388464,1758.6,612.0,1869.0,771.6
2022-02-20,2022-02-20 05:00:00,6,primary_54,1692.3,651.6,1734.8533381888146,532.2369725776234,1699.4625795322866,551.5736079000678,1739.6098811388738,547.378689884422,1732.5647801136083,538.2641845102722,1758.575952760211,537.5785764102644,1798.2,611.7,1833.3,679.5
2022-02-20,2022-02-20 06:00:00,7,primary_54,1736.1,636.3,1731.5289037337134,502.0828298095562,1738.1684701874335,529.25170908675,1773.858336807522,531.8193378568989,1742.8414321641371,525.5141151612385,1750.3754292585295,528.3307984268355,1820.7,594.6,1775.1,615.6
2022-02-20,2022-02-20 07:00:00,8,primary_54,1857.3,677.4,1821.509735458668,471.4370959156377,1854.1828344556125,536.3529950105185,1875.0369954934704,548.00109461369,1855.4314405211096,535.3633103103851,1844.8416301410932,534.01532408644,1916.7,626.1,1917.3,641.7
2022-02-20,2022-02-20 08:00:00,9,primary_54,1994.1,714.6,1956.4017930075377,463.4845857758884,2069.440580096107,617.6452771212594,2091.50879982396,607.3318829883352,2094.008982990179,596.4880814782871,2057.7569401566448,599.303848675408,2088.0,667.2,2296.5,913.5
2022-02-20,2022-02-20 09:00:00,10,primary_54,2056.8,708.0,2099.135976383055,524.3891713997998,2191.517224815512,633.5025245915529,2180.059367331202,624.6029566541187,2201.225284262507,602.853398233013,2145.974798043743,631.6290806563527,2217.6,734.1,2442.9,1063.8
2022-02-20,2022-02-20 10:00:00,11,primary_54,2097.9,693.9,2091.571110476395,577.5680664320074,2157.3166400645714,607.0870447585539,2162.651968865071,591.3041787723326,2167.732627492567,593.0447835254778,2132.659653912439,615.4935114660167,2286.6,741.3,2495.4,1007.7
2022-02-20,2022-02-20 11:00:00,12,primary_54,2067.9,661.8,2076.1935920547453,555.7769585524884,2095.818139917565,590.352989034833,2136.2704144616287,578.1171053238281,2134.554832298168,574.6113046259434,2125.792909359828,603.9386307849145,2213.7,685.2,2512.5,1002.6
2022-02-20,2022-02-20 12:00:00,13,primary_54,1997.7,616.5,2033.295482502685,561.7964099706912,2064.334445898457,579.8567947410298,2100.345651683745,578.2010142274289,2108.461193567753,574.836373806533,2124.707164792869,589.1989404504629,2159.1,642.3,2470.2,952.2
2022-02-20,2022-02-20 13:00:00,14,primary_54,1957.8,618.3,2023.7588168695604,552.4692117578297,2047.833492070241,582.5617290911482,2087.324541125637,576.9946922663546,2088.583830187764,578.5090077685574,2113.468049789816,599.1502653403838,2124.0,662.1,2333.7,891.3
2022-02-20,2022-02-20 14:00:00,15,primary_54,2022.9,666.3,2002.4771984839751,547.7422924146117,2026.621652066379,571.0378337877672,2058.244636813276,579.4859654960734,2077.804606253708,574.7508272875355,2105.7498043528253,600.2271391608186,2051.1,653.4,2233.2,714.3
2022-02-20,2022-02-20 15:00:00,16,primary_54,2032.8,652.8,1996.8831407839632,530.8701672961008,1973.00354082282,564.3123180290609,2053.6509026927883,574.0624054777633,2048.7246407194725,562.2391013421084,2118.312575845905,585.2184842584404,2121.9,675.0,2099.3,699.9
2022-02-20,2022-02-20 16:00:00,17,primary_54,1958.7,574.8,1911.975781715628,456.2547610575183,1934.4814796730925,532.3933599778874,1996.1277377977765,508.6025801989484,2010.1028060516908,519.9212273670323,2043.225155623824,530.1360831812489,2149.5,642.6,1983.9,532.5
2022-02-20,2022-02-20 17:00:00,18,primary_54,2068.8,591.3,2039.3672747720905,488.254603619003,2051.6992465788367,514.7824328814461,2110.764880269621,497.8886222012763,2117.680854219458,512.018548163951,2104.734137492194,513.6714344780481,2223.0,592.5,2145.9,579.0
2022-02-20,2022-02-20 18:00:00,19,primary_54,2150.1,585.9,2085.845060606673,484.9677186140256,2132.9850857104625,508.0517068825088,2170.8714998904074,491.3834888990399,2193.000830176476,506.0716882359878,2184.333544904498,507.4439732011713,2292.3,561.9,2234.7,597.6
2022-02-20,2022-02-20 19:00:00,20,primary_54,2234.1,591.0,2172.402393133311,518.5709971375879,2147.2863686212654,509.0890475981736,2188.2130741459355,504.8693837862211,2180.675631141559,511.009592993315,2187.8520446078387,518.7155566531025,2318.4,588.3,2220.3,584.4
2022-02-20,2022-02-20 20:00:00,21,primary_54,2201.7,603.6,2140.666879891712,522.7590345679282,2127.6965329703457,506.5053330910087,2157.4227530203734,511.38043162365807,2160.4171788827703,510.2258060406248,2160.5549126925976,524.4017668478967,2319.3,596.4,2202.9,596.4
2022-02-20,2022-02-20 21:00:00,22,primary_54,2112.0,576.0,2064.386095971532,533.5137353026508,2056.9843813408243,510.7859199796554,2072.361205468004,506.37391975407553,2074.7310008592167,511.02879784897726,2076.628226313785,525.590377280571,2278.8,576.3,2117.1,580.5
2022-02-20,2022-02-20 22:00:00,23,primary_54,1941.0,568.5,1921.8943895419395,537.8349957327703,1957.770681477912,509.7769026152085,1979.068621389192,509.1089241189774,1967.943715306943,506.8907410254935,1988.292655277736,527.8871685465369,2146.8,585.0,2012.1,589.8
2022-02-20,2022-02-20 23:00:00,24,primary_54,1839.0,596.4,1784.286401909623,514.7605002171111,1792.8805744028257,499.65209519561495,1815.322421803339,498.5925358770289,1810.1173283283536,496.2554648925002,1822.9075513320167,511.25352795973055,1945.2,553.5,1885.2,574.2
2022-02-21,2022-02-21 00:00:00,1,primary_54,1715.4,603.3,1754.1338846762112,535.786417722379,1718.46565512932,577.7665990001839,1728.5948604490434,569.8501265359973,1722.3653413189863,565.5725047260431,1702.3574654240413,573.3629312365371,1830.3,559.5,1803.6,597.3
2022-02-21,2022-02-21 01:00:00,2,primary_54,1633.8,608.7,1663.1733501064905,523.8136668272863,1661.9008359412776,567.2801607252916,1657.676218605941,566.2834226886705,1664.1471535677567,555.1548692432606,1639.486093625761,568.3534031687849,1749.5,578.1,1737.9,618.0
2022-02-21,2022-02-21 02:00:00,3,primary_54,1599.3,621.3,1623.734128923114,518.9894930052648,1619.9320321247706,560.7383099894603,1647.0829165070295,555.1390057681332,1626.403053485481,541.9494792093922,1606.0277368266966,559.3141028207644,1733.1,600.0,1691.1,624.3
2022-02-21,2022-02-21 03:00:00,4,primary_54,1585.8,618.6,1579.7319942968877,520.9121982273743,1601.2189155714598,554.0142825278351,1617.0127641810284,547.2426914758349,1594.279819568929,530.7074420560955,1561.3867254177703,547.9878313584579,1724.1,604.5,1648.5,634.5
2022-02-21,2022-02-21 04:00:00,5,primary_54,1603.5,621.0,1580.1225371444568,525.0135555121855,1603.948670015712,543.5561708528496,1639.8181567303202,532.5287208300862,1610.6448090564834,521.2578332090407,1595.0208702145935,539.5158377919687,1735.2,607.5,1674.9,651.6
2022-02-21,2022-02-21 05:00:00,6,primary_54,1702.5,618.0,1631.7484034745971,508.9422951347173,1664.096821865872,526.3367879922351,1680.5974488129457,520.7798755264099,1684.0297296238032,514.1850432286863,1658.329270071541,534.4603458677782,1815.3,605.7,1692.3,651.6
2022-02-21,2022-02-21 06:00:00,7,primary_54,1775.1,589.8,1724.5641667939087,506.541808118355,1752.9175005833613,515.6149973745016,1764.6644658576208,518.1124918100807,1784.0520831276865,501.5014755867501,1772.4101312670814,515.4408388051555,1915.5,573.9,1736.1,636.3
2022-02-21,2022-02-21 07:00:00,8,primary_54,2037.3,648.3,1954.947839671918,623.0665280220194,1933.0132267296208,585.3802696107879,1900.3613130664792,593.5280727294681,1917.8390593700333,594.2964385225956,1924.0826938490088,565.8222480208173,2145.0,609.6,1857.3,677.4
2022-02-21,2022-02-21 08:00:00,9,primary_54,2147.4,751.5,2106.711066415034,851.71881125314,2198.3072179666624,839.0877231275681,2144.7772203958034,793.2441131268295,2139.700476856726,829.9795966403441,2143.820181664405,843.6029513974808,2375.7,831.0,1994.1,714.6
2022-02-21,2022-02-21 09:00:00,10,primary_54,2401.8,1079.7,2322.270184232259,980.5261049422288,2363.168244864178,1052.5113945446394,2310.2739131688686,963.6231606825014,2291.223674706966,1011.6403776274252,2300.843409371147,1038.0676284861918,2639.1,1149.0,2056.8,708.0
2022-02-21,2022-02-21 10:00:00,11,primary_54,2412.6,1071.9,2391.7196771865574,949.1761867453868,2407.001290597271,1056.146320015523,2384.076414600592,969.3186494545604,2331.626188018692,1025.1639083450991,2324.742566848988,1034.9645583887843,2633.1,1223.7,2097.9,693.9
2022-02-21,2022-02-21 11:00:00,12,primary_54,2335.5,1080.9,2369.498122589646,917.8759078363104,2379.6273447207545,1005.5284151838928,2354.3389061437624,931.6339987314994,2302.068819854477,962.531950132972,2287.391672083644,1009.6012716900916,2578.8,1249.5,2067.9,661.8
2022-02-21,2022-02-21 12:00:00,13,primary_54,2333.7,1058.1,2268.1762197927296,903.1938433677624,2337.757978218206,979.738489379769,2317.7376715076093,927.8860060220462,2263.382181557271,939.0070157167,2251.693396578478,980.249644740044,2569.8,1268.1,1997.7,616.5
2022-02-21,2022-02-21 13:00:00,14,primary_54,2285.1,984.6,2235.7208489150585,924.1653767323032,2345.140753630816,1003.7808916708284,2336.212643593122,954.03001354884,2255.927256411267,963.8985479434464,2199.446039961153,1008.98736352456,2429.7,1154.1,1957.8,618.3
2022-02-21,2022-02-21 14:00:00,15,primary_54,2347.2,1034.1,2266.619551668627,886.085826245613,2319.097431852618,1006.77120633089,2311.330672975057,953.0107356354172,2238.607842211951,969.8491346207852,2179.7392780038867,996.8915547777708,2393.1,1128.0,2022.9,666.3
2022-02-21,2022-02-21 15:00:00,16,primary_54,2466.0,1105.2,2228.247877290849,847.7681208344183,2297.727904613862,943.1066183047704,2288.5898942351223,906.4934399893464,2204.005385975621,899.0472879240613,2170.059965164214,995.5182179774648,2383.8,1073.1,2032.8,652.8
2022-02-21,2022-02-21 16:00:00,17,primary_54,2294.7,848.1,2142.547720303505,736.4056552777882,2220.6400465236934,769.6132644674086,2196.2679468232022,756.1382104363815,2140.493522005683,745.3154576720183,2102.184063961957,821.8558368344709,2353.5,1002.3,1958.7,574.8
2022-02-21,2022-02-21 17:00:00,18,primary_54,2319.9,844.1999999999999,2220.07606938184,687.0385349044561,2244.156106002772,712.2335813642619,2196.010417006461,683.7733485121455,2182.474630062049,681.4678571203231,2157.011957604349,697.263771290117,2521.2,981.0,2068.8,591.3
2022-02-21,2022-02-21 18:00:00,19,primary_54,2338.2,731.3,2328.7642536092985,669.2459037104265,2275.262693906762,708.9108240213993,2225.158353696814,680.693683119989,2225.9794777080183,666.0083278079292,2219.792505167421,683.7821364620967,2722.2,981.0,2150.1,585.9
2022-02-21,2022-02-21 19:00:00,20,primary_54,2340.3,713.1,2277.735518311993,610.4281856171589,2238.1786541566025,658.0253242050583,2174.6634209121053,649.2543593702451,2212.662951778575,625.3278398566382,2194.992107320149,625.8561867947761,2546.1,846.0,2234.1,591.0
2022-02-21,2022-02-21 20:00:00,21,primary_54,2266.8,681.0,2242.8626817580703,596.0286866473562,2202.087589549934,644.2007221234709,2141.8093531654563,636.3791876706666,2185.037088669942,610.6978643904798,2136.437732579583,616.5661878854725,2443.2,704.1,2201.7,603.6
2022-02-21,2022-02-21 21:00:00,22,primary_54,2242.8,690.9,2188.504874822436,613.292672540107,2134.736209062119,645.0658746151641,2092.182714762685,625.8736070000481,2126.874989303997,607.3650700212404,2057.410501366797,600.9513506182997,2391.0,691.8,2112.0,576.0
2022-02-21,2022-02-21 22:00:00,23,primary_54,2115.6,693.0,2058.2153806781457,597.560646873736,2019.0724297784725,639.6313996466358,2001.7456932709647,615.6457588642129,2027.391656072712,606.0672887460889,1967.304106292744,587.5889555779287,2283.9,700.2,1941.0,568.5
2022-02-21,2022-02-21 23:00:00,24,primary_54,1974.6,707.4,1908.503027391857,556.7036629126235,1849.9434226397336,627.4382551900926,1835.6366989002609,595.8354335607526,1845.44623609793,598.1598426347283,1814.605341426576,591.2012287484115,2082.6,639.5999999999999,1839.0,596.4
2022-02-22,2022-02-22 00:00:00,1,primary_54,1848.9,694.8,1797.7738388255368,663.0126543545118,1799.8397726452208,670.6718323360523,1801.5506672276213,670.3986830457243,1806.2366870101637,672.0083820563902,1805.8852444887257,667.4437817811057,1920.0,602.1,1715.4,603.3
2022-02-22,2022-02-22 01:00:00,2,primary_54,1808.7,724.5,1706.6571120941378,657.9990527265751,1714.559161339724,652.7591916987298,1710.102398776843,668.4965335840525,1716.3132338790126,664.3072448368756,1718.174376232613,674.1149493580485,1914.3,643.2,1633.8,608.7
2022-02-22,2022-02-22 02:00:00,3,primary_54,1769.4,744.0,1612.317186222296,668.5811534870389,1650.4146225058294,636.6244579861343,1657.3144297547458,655.715196015439,1653.5141109517208,655.2321795726538,1647.4313925345102,676.608493919185,1865.4,645.3,1599.3,621.3
2022-02-22,2022-02-22 03:00:00,4,primary_54,1722.3,711.6,1602.2466889045654,658.805610325373,1614.427396704208,620.3776125153082,1652.203164071599,657.5975964266509,1629.9239119817528,650.662020745491,1636.1154017584706,676.4800485007078,1871.1,656.4,1585.8,618.6
2022-02-22,2022-02-22 04:00:00,5,primary_54,1707.9,664.5,1595.6886109713646,622.3601218116229,1621.4766802411525,604.6598655866475,1660.960180678353,649.7503677341152,1636.3567246258258,640.275984721891,1643.088878016447,676.4258640446778,1887.3,657.9,1603.5,621.0
2022-02-22,2022-02-22 05:00:00,6,primary_54,1769.4,643.5,1707.403651270402,605.4538024545608,1696.2768490301464,582.4106891039789,1748.2493702561862,638.5782578039799,1711.705228673649,626.9143555342283,1725.2900752930948,660.2275300734264,1963.5,644.7,1702.5,618.0
2022-02-22,2022-02-22 06:00:00,7,primary_54,1856.1,611.0999999999999,1773.1671070366756,568.6038353629664,1792.710511329684,565.0817596031561,1850.6238182697675,610.8176187302107,1817.8317703467376,602.2435197149642,1837.250838567506,624.6951797969346,2054.7,620.6999999999999,1775.1,589.8
2022-02-22,2022-02-22 07:00:00,8,primary_54,2026.5,628.2,2009.31607090978,655.3751914599405,2000.3426482765467,644.1271874509562,2029.410793622125,655.7367146681282,1991.872380176409,662.2791040845842,2012.893367274612,672.2070379493466,2236.5,661.8000000000001,2037.3,648.3
2022-02-22,2022-02-22 08:00:00,9,primary_54,2178.9,770.1,2256.5379739810287,928.2484399708042,2251.5800172669933,921.3362220960798,2242.750678233324,927.3337269126488,2240.4720428799624,931.9767575160228,2236.5886454464253,933.3957494521026,2428.5,925.5,2147.4,751.5
2022-02-22,2022-02-22 09:00:00,10,primary_54,2569.2,1256.4,2450.098214348329,1106.2647667174815,2419.5303571297995,1156.8830982529353,2416.312564806084,1163.6210227152949,2405.7865260467797,1148.645669630445,2418.5109058578128,1181.1340479171438,2548.8,1168.2,2401.8,1079.7
2022-02-22,2022-02-22 10:00:00,11,primary_54,2424.0,1240.5,2434.83682737265,1175.6815059418152,2379.8612752554623,1159.7526386512725,2413.246324032615,1187.9198640897166,2391.7471668158782,1156.517711306128,2391.8870401210693,1192.0393036101348,2594.1,1306.5,2412.6,1071.9
2022-02-22,2022-02-22 11:00:00,12,primary_54,2325.3,1158.0,2317.975968320417,1114.6154878237503,2303.7151912882014,1113.897046471941,2363.4478636178146,1124.5883432634405,2359.2118873507125,1114.2185917820384,2343.299897795824,1139.6404950284475,2544.6,1259.7,2335.5,1080.9
2022-02-22,2022-02-22 12:00:00,13,primary_54,2253.0,1135.5,2295.399060464662,1155.1939892135072,2269.490671222321,1103.759247392766,2332.891793420521,1098.2848704399669,2308.4043016966225,1084.8730137818245,2318.5322022441023,1142.7962324839198,2544.6,1260.9,2333.7,1058.1
2022-02-22,2022-02-22 13:00:00,14,primary_54,2191.8,1126.5,2242.6444412754536,1214.616546736328,2253.467428285905,1137.624286050914,2309.1953416770475,1107.1871026494505,2300.6575331787903,1103.3954273312042,2296.3400100298813,1166.6115348101075,2483.7,1290.0,2285.1,984.6
2022-02-22,2022-02-22 14:00:00,15,primary_54,2275.8,1215.0,2254.931712438326,1186.9452711936274,2262.5562492992303,1128.99187048288,2333.1068704648037,1099.8467420501972,2324.419648322463,1115.8371551633882,2354.9086819007243,1195.6730338391433,2519.4,1219.2,2347.2,1034.1
2022-02-22,2022-02-22 15:00:00,16,primary_54,2356.8,1274.7,2286.9520997799927,1137.3528608547706,2271.720555656491,1090.3603311259285,2364.042811548964,1084.5489698495692,2337.105750518724,1074.269233369109,2352.5673169868264,1165.3733907250903,2422.2,1146.0,2466.0,1105.2
2022-02-22,2022-02-22 16:00:00,17,primary_54,2268.9,1120.2,2164.8291430742847,937.7128339980482,2146.966008686693,896.498243215373,2198.768347961296,891.2796924312212,2219.0712972408355,900.1871575928196,2213.786067103403,910.3600067952008,2370.9,1007.1,2294.7,848.1
2022-02-22,2022-02-22 17:00:00,18,primary_54,2283.9,1019.7,2180.503334201573,820.9381248163827,2201.673307128812,799.4092941813612,2234.0665829562627,813.3082457199421,2259.971168232324,812.7505255766858,2206.238414197514,799.9343084932575,2541.3,975.6,2319.9,844.1999999999999
2022-02-22,2022-02-22 18:00:00,19,primary_54,2334.0,886.5,2347.7084075085527,754.5634220631429,2268.766510770509,756.3367279782882,2334.6959315013987,763.7509789370448,2330.515462937672,758.7701065971429,2286.8209017210293,748.9831543792474,2612.7,923.7,2338.2,731.3
2022-02-22,2022-02-22 19:00:00,20,primary_54,2202.0,694.8,2343.4465116018428,728.5417829849287,2253.5813474314355,693.0761663930537,2321.2236398913456,694.0803606902479,2303.7733338539138,693.0110301850323,2302.2921086952783,724.8945466885058,2497.5,759.9,2340.3,713.1
2022-02-22,2022-02-22 20:00:00,21,primary_54,2205.6,679.5,2293.920646018348,695.4403002742438,2207.821105428201,670.8410046360596,2269.0943084050805,686.1216036996665,2256.536920563881,683.0291226298555,2253.2762403185243,717.4487275356073,2471.1,727.8000000000001,2266.8,681.0
2022-02-22,2022-02-22 21:00:00,22,primary_54,2129.1,663.3,2248.6135782142023,710.2533378669452,2146.918251744736,675.4687785790962,2208.989576368472,683.8254219675641,2196.847616080464,687.495860011477,2179.3151479063117,722.7494634118906,2429.1,726.9,2242.8,690.9
2022-02-22,2022-02-22 22:00:00,23,primary_54,1988.4,682.5,2113.515011114246,743.1572592265918,2044.843196599527,666.4380301807248,2099.372000831992,681.7183262935831,2074.836412356241,679.7100791056134,2043.187969107351,720.4992791678799,2232.6,708.9,2115.6,693.0
2022-02-22,2022-02-22 23:00:00,24,primary_54,1870.2,681.5999999999999,1929.760294884132,706.2538372299605,1908.2562846259225,657.9332819242969,1933.899847102496,662.2111184652506,1894.297725588486,669.4396928476954,1884.4012952192224,698.0283944628112,2054.4,706.8000000000001,1974.6,707.4
2022-02-23,2022-02-23 00:00:00,1,primary_54,1776.9,711.6,1739.9765626062112,663.4940316890846,1751.1143115598304,669.7301185551374,1766.1681737298072,673.4459192778485,1777.5372414942117,674.5535152254573,1773.210439138459,675.6980745783595,1999.5,765.0,1848.9,694.8
2022-02-23,2022-02-23 01:00:00,2,primary_54,1697.1,725.1,1725.5643444766424,658.6027009188053,1704.6918589648571,677.5930067413024,1723.4780377857176,684.1117366754061,1739.4530997600464,677.3022602355115,1722.683918100151,678.8053999758308,1928.1,774.0,1808.7,724.5
2022-02-23,2022-02-23 02:00:00,3,primary_54,1671.9,741.0,1686.9821710435365,687.4801481442187,1674.6757672148894,676.1323196465379,1694.1056749200277,681.3478289937688,1717.571375406175,674.3398708787253,1702.574476961959,677.3359270290588,1906.8,783.0,1769.4,744.0
2022-02-23,2022-02-23 03:00:00,4,primary_54,1718.4,782.1,1684.85152926977,681.6727431862557,1656.0740371693646,672.893862797611,1685.7732846069134,678.1746856954501,1694.5192219207647,670.2077960839827,1669.4667232287156,677.1880459716916,1854.9,714.3,1722.3,711.6
2022-02-23,2022-02-23 04:00:00,5,primary_54,1729.8,777.3000000000001,1683.5901546997463,659.4162366070606,1652.688531489693,648.7986048764482,1678.3984703510914,663.9378080976971,1683.9380426163032,654.7900936755082,1658.2069873515384,663.8179083119232,1852.2,700.8000000000001,1707.9,664.5
2022-02-23,2022-02-23 05:00:00,6,primary_54,1740.3,714.6,1719.644996852332,642.9640525297762,1706.4043058808866,629.8851218333996,1730.1258325327804,632.3091665840096,1738.2630019093474,628.7222151921113,1713.2458993212165,639.5235339568554,1860.6,625.1999999999999,1769.4,643.5
2022-02-23,2022-02-23 06:00:00,7,primary_54,1806.3,640.5,1829.6067574288952,620.7502082059711,1788.743721429065,600.2540185999901,1832.508354954058,593.8188622242003,1829.6246140805824,594.2583146034003,1828.125082508592,607.5571987137068,1970.7,586.8,1856.1,611.0999999999999
2022-02-23,2022-02-23 07:00:00,8,primary_54,1908.0,628.2,2020.5888244480093,643.7793019279335,1969.6932163415536,661.668715151076,2007.0836423776357,651.3845992200285,1988.1620904598744,650.1834815489249,2003.0717528737016,649.8170963259248,2193.6,636.3,2026.5,628.2
2022-02-23,2022-02-23 08:00:00,9,primary_54,2163.6,885.3000000000001,2251.491218470801,962.0242398592588,2256.087879761657,964.3803701465746,2251.619640363776,933.20945558828,2254.621799272817,955.0373821650294,2187.083954837902,885.6063041271623,2329.5,798.6,2178.9,770.1
2022-02-23,2022-02-23 09:00:00,10,primary_54,2354.4,1138.5,2473.3772721053974,1253.7505069544056,2449.7105275649105,1196.527145365092,2451.278602848405,1203.38762038316,2450.2836899963136,1187.0297682946982,2453.7693659691936,1149.3812974519356,2662.2,1169.7,2569.2,1256.4
2022-02-23,2022-02-23 10:00:00,11,primary_54,2251.8,955.8,2447.733044599556,1260.55179701229,2412.0104074240407,1183.4571524671435,2414.559192892082,1220.1798366880128,2403.00818533533,1214.2247037046188,2439.0312657534782,1178.3570388497094,2776.8,1253.4,2424.0,1240.5
2022-02-23,2022-02-23 11:00:00,12,primary_54,2125.2,932.7,2327.23800979328,1190.694623113326,2340.841918298413,1135.3866669360154,2339.363599993836,1152.869854007347,2335.104909437204,1164.6372977669478,2343.3097201771866,1146.7710468770192,2580.6,1096.8,2325.3,1158.0
2022-02-23,2022-02-23 12:00:00,13,primary_54,2038.8,862.1999999999999,2220.355591533367,1140.8531560480783,2257.916490598905,1077.9721975227242,2288.062816398782,1083.7941022936996,2277.925909911402,1121.3071967771095,2269.8116937921336,1119.7320912106534,2560.5,1040.7,2253.0,1135.5
2022-02-23,2022-02-23 13:00:00,14,primary_54,2066.1,856.5,2219.245440746224,1161.9727071206771,2259.213035094566,1113.6928347516962,2287.4490869841466,1091.9473568587723,2286.0211958708865,1142.9884396754674,2260.2549265827606,1166.1103339727542,2445.0,1029.9,2191.8,1126.5
2022-02-23,2022-02-23 14:00:00,15,primary_54,2136.3,1009.8,2285.1665416338783,1270.2002132173395,2292.2722335656285,1141.350010910348,2317.961829216992,1164.9256086985977,2303.499087733301,1168.2523769154848,2312.3821855551587,1188.4031466382864,2560.2,1087.5,2275.8,1215.0
2022-02-23,2022-02-23 15:00:00,16,primary_54,2187.6,1094.7,2255.7979947547906,1198.3629098551928,2297.0018774003825,1064.6222685076762,2316.4147575173347,1151.132282923492,2316.60642851351,1133.1513237599688,2330.1813205203407,1129.3134520893125,2603.1,1179.3,2356.8,1274.7
2022-02-23,2022-02-23 16:00:00,17,primary_54,2152.8,971.4,2217.8390485703185,1013.9306036327378,2222.479180125108,884.4127570568268,2213.746901507747,957.3398786118388,2208.7604112881154,968.4351951469168,2239.594987938517,967.3268409837476,2535.3,992.7,2268.9,1120.2
2022-02-23,2022-02-23 17:00:00,18,primary_54,2284.8,952.5,2201.210917353176,846.3588739487593,2249.8200826196894,795.4714795473526,2218.5935020574416,840.45403699382,2228.036150013644,855.593184108938,2237.634346653552,788.2414624257062,2424.3,745.8,2283.9,1019.7
2022-02-23,2022-02-23 18:00:00,19,primary_54,2400.3,945.6,2273.941293031932,814.7214488309324,2301.8933004011496,770.048394642065,2306.591766786597,780.298576017547,2294.816268242052,803.6705635124422,2297.567770220354,763.0727313548481,2497.5,689.7,2334.0,886.5
2022-02-23,2022-02-23 19:00:00,20,primary_54,2372.4,802.2,2239.278919800787,746.9505475510592,2260.770290772896,708.7975838927147,2257.390288274089,713.9633249791806,2258.121663345208,725.3534062998186,2226.9846558812533,698.381967872421,2388.9,596.1,2202.0,694.8
2022-02-23,2022-02-23 20:00:00,21,primary_54,2235.9,696.3,2191.257467565183,750.7202478479375,2217.863490739376,693.599849663805,2207.916644132411,682.5310736093022,2221.958277089397,703.626198813946,2186.3489061896885,692.4348719977829,2335.2,569.4,2205.6,679.5
2022-02-23,2022-02-23 21:00:00,22,primary_54,2161.2,669.0,2105.5301039542464,745.5844673096827,2155.7372747979853,693.5102295680041,2138.3874940679298,675.7573990639884,2167.8822938181256,702.5135628879428,2137.394369582786,699.9688700547592,2250.0,552.6,2129.1,663.3
2022-02-23,2022-02-23 22:00:00,23,primary_54,2065.8,684.3,1992.371026612839,761.7722540097964,2018.2612761361,692.183182033866,2011.7174438363047,686.0327994380535,2028.004701331228,702.3362386650884,2025.3853484310391,705.5136979306823,2145.0,556.8000000000001,1988.4,682.5
2022-02-23,2022-02-23 23:00:00,24,primary_54,1922.7,712.8000000000001,1837.158853008324,729.6162825154775,1845.979054686684,679.3398151596052,1845.7981164721411,677.2695502296082,1870.498907164324,693.8723299629976,1867.6946792149467,696.3330099215759,1981.2,555.9,1870.2,681.5999999999999
2022-02-24,2022-02-24 00:00:00,1,descriptive_stress_5,1821.3,746.7,1793.2199894454725,685.65173725402,1788.2394185359008,697.1421238368305,1780.108105769086,692.0192542440876,1779.1397224493644,700.0756251455986,1786.9539853687152,687.6231520854097,1866.3,561.3,1776.9,711.6
2022-02-24,2022-02-24 01:00:00,2,descriptive_stress_5,1786.2,788.7,1737.1004724626905,687.7863683681003,1699.7174511900143,694.7048509534635,1691.8705073924907,683.2589513201196,1698.8283193366135,695.4149401404921,1697.1092590823964,677.2570394169734,1815.0,570.9,1697.1,725.1
2022-02-24,2022-02-24 02:00:00,3,descriptive_stress_5,1743.6,791.6999999999999,1643.3199338109653,701.9549984745762,1654.5499120815446,695.3829651918055,1656.1156148592786,681.1160041450374,1662.3085814214155,696.5971338309004,1667.4287427909612,675.4868778621568,1802.7,594.9,1671.9,741.0
2022-02-24,2022-02-24 03:00:00,4,descriptive_stress_5,1763.1,821.6999999999999,1626.6918800610242,670.1209304900761,1645.4100772752984,697.3579034052761,1659.2495969902327,668.954062998667,1668.0936259266637,696.0280164162339,1688.0007139644692,673.5346735640395,1798.5,594.6,1718.4,782.1
2022-02-24,2022-02-24 04:00:00,5,descriptive_stress_5,1761.3,802.8,1650.9299657967424,649.0997669399866,1645.3885074696673,694.1224241690053,1671.8669485942105,665.930595763421,1680.0704051482617,694.5789822916372,1687.001155784443,670.3807039616331,1806.9,594.0,1729.8,777.3000000000001
2022-02-24,2022-02-24 05:00:00,6,descriptive_stress_5,1847.1,765.0,1694.8900608400252,594.4906325402839,1691.9210754244798,669.3272052852325,1729.7915701524148,650.8062921479194,1729.3385086335336,670.5408554804077,1737.9937146420357,638.619130694436,1878.6,589.5,1740.3,714.6
2022-02-24,2022-02-24 06:00:00,7,descriptive_stress_5,1911.9,704.7,1792.9549775457897,530.7918044152354,1777.738027055153,643.5606369932634,1795.5391399449668,621.7569284374878,1802.288961712644,640.4895334983455,1810.485646861848,597.075004366657,1963.2,579.6,1806.3,640.5
2022-02-24,2022-02-24 07:00:00,8,descriptive_stress_5,2107.2,798.0,1997.2411351945484,605.0037818068205,1969.3441645128585,732.2723080979272,1948.060440787432,666.9365678071908,1966.3925278329864,703.2157750145335,1964.4870252877013,666.3883283701988,2171.1,621.9000000000001,1908.0,628.2
2022-02-24,2022-02-24 08:00:00,9,descriptive_stress_5,2382.0,1077.3,2263.0417047391456,938.18573159032,2279.928014083212,998.106390905944,2209.425172718224,969.941554235456,2254.6026949474617,982.5411867407496,2231.563491550552,968.1891551127212,2309.1,764.1,2163.6,885.3000000000001
2022-02-24,2022-02-24 09:00:00,10,descriptive_stress_5,2516.7,1333.8,2521.0509315539684,1244.808337679231,2482.795667893346,1205.8173767962803,2474.328064508245,1194.5430273483116,2461.8703293994904,1209.2881399558198,2451.646472601672,1182.236003321647,2483.4,1006.8,2354.4,1138.5
2022-02-24,2022-02-24 10:00:00,11,descriptive_stress_5,2500.2,1373.4,2498.858923387545,1219.628573704551,2473.7139355160944,1185.3092300047988,2428.673571748005,1157.80571750962,2435.958087112213,1166.8867642032842,2435.773054867463,1176.8691725051,2505.6,1034.4,2251.8,955.8
2022-02-24,2022-02-24 11:00:00,12,descriptive_stress_5,2525.4,1401.6,2464.489877942863,1155.2993101938794,2417.016470177601,1144.3749567391844,2349.174417025826,1123.1910776391635,2350.124183069225,1107.8622657894823,2338.367417668435,1140.0953296449131,2323.8,820.1999999999999,2125.2,932.7
2022-02-24,2022-02-24 12:00:00,13,descriptive_stress_5,2375.7,1313.1,2377.9972463237973,1108.175399548524,2328.589188222249,1085.9334125255043,2324.241688209802,1075.0621119993991,2291.870826238054,1060.2724549349805,2283.986535003178,1077.0923965057789,2336.1,802.1999999999999,2038.8,862.1999999999999
2022-02-24,2022-02-24 13:00:00,14,descriptive_stress_5,2263.8,1296.6,2403.233467548005,1077.1563008826022,2327.544372102204,1128.0631678537804,2347.2964955835887,1124.6163728672773,2297.6275776982648,1066.6112482836877,2295.5808544460438,1110.704344201683,2297.1,754.1999999999999,2066.1,856.5
2022-02-24,2022-02-24 14:00:00,15,descriptive_stress_5,2299.5,1301.7,2406.732808042542,1100.1722083074894,2318.508693800698,1122.4155810251002,2363.010478187629,1133.4447638377742,2308.391576557554,1100.2589003038283,2313.2244333701883,1138.553381918376,2279.1,738.9,2136.3,1009.8
2022-02-24,2022-02-24 15:00:00,16,descriptive_stress_5,2295.3,1253.7,2330.540749751019,1059.0191622354228,2278.3499271099404,1051.6302359058311,2347.936468546421,1042.5670480270207,2292.0613393164454,1058.878678286803,2290.2581868590523,1080.2632047530678,2444.1,856.2,2187.6,1094.7
2022-02-24,2022-02-24 16:00:00,17,descriptive_stress_5,2189.1,1054.2,2185.971789876957,884.4779989576673,2173.86978469849,888.1793207143287,2226.05794240082,924.9802350669012,2184.531188367857,929.7973228734091,2170.6405106905754,956.5211122553604,2493.0,915.9,2152.8,971.4
2022-02-24,2022-02-24 17:00:00,18,descriptive_stress_5,2261.7,1005.0,2256.942822784752,894.8021187525833,2242.0397519116764,826.6681980890385,2258.546908480408,849.4875512796411,2241.919297028682,851.3794487410173,2234.230526119528,871.3863167614182,2592.9,973.2,2284.8,952.5
2022-02-24,2022-02-24 18:00:00,19,descriptive_stress_5,2161.2,825.3,2407.0886342504027,879.7385955103958,2323.21952906237,797.4285734441717,2355.132537177301,848.6949471042993,2348.641517212748,843.0103876459009,2348.2799854975883,840.0968644103988,2541.6,811.8000000000001,2400.3,945.6
2022-02-24,2022-02-24 19:00:00,20,descriptive_stress_5,2034.0,711.9,2439.289661103053,785.1366819738793,2315.503279113555,750.0496896787599,2379.764642065109,789.946166351943,2337.4906182334385,758.274010376945,2366.7942463938884,758.313503176165,2328.9,587.4,2372.4,802.2
2022-02-24,2022-02-24 20:00:00,21,descriptive_stress_5,1963.5,691.5,2333.703646193449,740.4853956139744,2256.4996890968505,720.1002076987339,2282.846894355157,735.0332318668387,2271.143963168607,710.518930324675,2302.7407123975336,711.3269498290131,2285.1,552.6,2235.9,696.3
2022-02-24,2022-02-24 21:00:00,22,descriptive_stress_5,1857.9,653.6999999999999,2260.342833835404,740.042995598168,2203.3967523100014,720.2634442461599,2215.2628959011017,724.9824718799844,2205.560684192868,713.9869615369786,2240.118976768425,708.8455049851525,2277.0,579.0,2161.2,669.0
2022-02-24,2022-02-24 22:00:00,23,descriptive_stress_5,1738.2,675.6,2156.7529825169813,737.2332093948633,2065.471805146432,715.9527972923868,2088.036010220067,715.3518803276942,2062.1500538024743,713.26235789712,2088.2559502514187,697.803043293335,2151.9,583.5,2065.8,684.3
2022-02-24,2022-02-24 23:00:00,24,descriptive_stress_5,1630.2,699.9000000000001,1981.92956285122,716.2679910043348,1914.0747269816263,703.751543616829,1902.5261498838572,695.36799019688,1892.5223102036405,701.5850783830585,1927.40263419636,666.9727611101636,1975.5,565.8,1922.7,712.8000000000001
2022-02-25,2022-02-25 00:00:00,1,descriptive_stress_5,1557.0,685.2,1660.8863727501202,699.2054045789109,1595.544846845817,693.0789333932796,1650.6401749720362,717.289972565528,1671.311012016353,710.6920341119377,1682.4703280144602,708.7062099221371,1891.8,602.7,1821.3,746.7
2022-02-25,2022-02-25 01:00:00,2,descriptive_stress_5,1527.9,692.1,1641.0519584858182,683.7346809772359,1576.2283545928815,691.9723806049644,1623.4069917423446,718.467271939546,1662.3242770441168,718.7874708776598,1660.8793861655795,724.0598983746066,1836.3,640.5,1786.2,788.7
2022-02-25,2022-02-25 02:00:00,3,descriptive_stress_5,1527.3,697.8,1620.775786481489,693.2090164074287,1569.274322605614,695.8750754002862,1626.5969340780046,719.599981790724,1657.170848119239,731.7598712012408,1665.4880240025236,735.1941188257247,1788.6,655.8,1743.6,791.6999999999999
2022-02-25,2022-02-25 03:00:00,4,descriptive_stress_5,1541.1,701.6999999999999,1633.8849118516684,684.3933846357921,1585.651601531566,699.2690172322218,1642.0472364653335,711.1992756733327,1673.7544176368517,735.0834305061561,1685.443060063388,722.7514590218119,1781.7,657.5999999999999,1763.1,821.6999999999999
2022-02-25,2022-02-25 04:00:00,5,descriptive_stress_5,1537.2,695.1,1663.009574251179,664.8082595391281,1616.3111640407071,693.5238115110158,1667.5159283591836,700.9885251731346,1686.090219561044,731.5116037351922,1683.9994964843231,716.4424872778569,1782.3,644.4,1761.3,802.8
2022-02-25,2022-02-25 05:00:00,6,descriptive_stress_5,1572.0,687.0,1720.526678447664,672.4903180963395,1694.8876262056913,678.4457603078301,1741.0981790364344,696.230656533038,1754.609777784549,717.1056463346623,1759.0940454906895,708.5590302630397,1853.4,640.8000000000001,1847.1,765.0
2022-02-25,2022-02-25 06:00:00,7,descriptive_stress_5,1627.5,671.0999999999999,1771.1126072773363,639.6896589772803,1804.9078589786432,655.3103257407073,1848.7199131430236,662.3241911968859,1840.8554866667464,683.7595724836895,1829.9318744240309,662.5417127725922,1932.9,605.4,1911.9,704.7
2022-02-25,2022-02-25 07:00:00,8,descriptive_stress_5,1840.2,697.2,1952.4919424475147,748.0543318850848,1985.7134845417409,811.9361247634591,2032.2113543580235,796.224149563237,2004.8882744489435,801.2917673267217,1967.2380414202407,795.3193541308705,2190.3,688.8,2107.2,798.0
2022-02-25,2022-02-25 08:00:00,9,descriptive_stress_5,2254.8,1068.9,2247.0179415901907,1015.2166443180528,2257.3659061810326,1079.0078450070694,2262.717206297122,1052.9337190967206,2246.2876481326925,1028.7861951704692,2188.561220507321,1036.0151031597695,2427.3,971.1,2382.0,1077.3
2022-02-25,2022-02-25 09:00:00,10,descriptive_stress_5,2488.5,1392.6,2361.0178010348723,1217.4001438307173,2373.020474165596,1227.5085903863787,2391.388403576746,1279.2032449363478,2350.8241978053347,1259.9496030550629,2329.2178177487885,1251.479710074252,2579.4,1211.4,2516.7,1333.8
2022-02-25,2022-02-25 10:00:00,11,descriptive_stress_5,2309.1,1310.7,2233.775215916701,1211.1016326641925,2299.797419292838,1217.9318228553348,2308.451284464487,1248.7770655875531,2270.7339962316387,1251.0482408296807,2258.597048932852,1224.6372478404437,2499.6,1124.7,2500.2,1373.4
2022-02-25,2022-02-25 11:00:00,12,descriptive_stress_5,2233.8,1209.6,2067.3938570589,1140.8477629268896,2189.624221126709,1173.5362822868397,2215.8711646238858,1174.2738796970566,2188.493410462996,1196.9732765214171,2154.2980359163703,1192.4794369919682,2496.9,1156.2,2525.4,1401.6
2022-02-25,2022-02-25 12:00:00,13,descriptive_stress_5,2101.8,1082.4,2031.202833271181,1073.8016063430823,2122.914126040022,1141.7427406000445,2189.955346364807,1141.7287761207497,2144.6447437206493,1174.1394230387057,2129.833624951398,1166.0278771292249,2495.1,1146.0,2375.7,1313.1
2022-02-25,2022-02-25 13:00:00,14,descriptive_stress_5,1943.7,961.2,2068.9952535062976,1095.664830911335,2101.742934423368,1150.5164399148375,2170.900638565728,1169.3178293448902,2141.079530951589,1191.363900531003,2143.8122640775064,1194.610950159088,2360.7,1085.4,2263.8,1296.6
2022-02-25,2022-02-25 14:00:00,15,descriptive_stress_5,1610.4,644.6999999999999,2122.8155674179866,1078.3958981090805,2103.218743311016,1162.0454952120392,2173.84255263293,1225.1290047633663,2155.409281918657,1212.5202034827569,2161.390164093351,1213.554422414068,2305.5,1042.8,2299.5,1301.7
2022-02-25,2022-02-25 15:00:00,16,descriptive_stress_5,1640.7,610.5,2072.0807187514592,1077.7143274992852,2084.7308778362167,1121.5762031808754,2147.524016358121,1198.254826495643,2148.948281429512,1188.531110603491,2128.063509147344,1177.3919305500322,2526.9,1288.5,2295.3,1253.7
2022-02-25,2022-02-25 16:00:00,17,descriptive_stress_5,1650.9,601.5,2029.996442929944,913.6037680127382,2040.7458402122973,935.4928130454052,2082.524593113062,979.2864156130526,2090.7911686738794,994.480758424907,2079.113913186112,958.007092134322,2503.5,1231.2,2189.1,1054.2
2022-02-25,2022-02-25 17:00:00,18,descriptive_stress_5,1735.8,598.8,2052.573993315016,793.4013998057084,2108.302422046885,849.0624597948139,2126.2386921137386,920.4073857693792,2147.671972419464,898.039751034325,2114.316864942772,885.6077677701919,2595.6,1151.7,2261.7,1005.0
2022-02-25,2022-02-25 18:00:00,19,descriptive_stress_5,1795.5,566.4,2168.4074942626216,745.3748227304638,2158.9805801964862,805.6246863166531,2192.5480215246603,812.3382285938644,2185.327771721021,843.8044160812644,2166.1170503252874,817.744944385663,2766.0,1152.0,2161.2,825.3
2022-02-25,2022-02-25 19:00:00,20,descriptive_stress_5,1760.7,550.2,2100.086143246902,668.2428156023407,2106.7312977668144,754.5850864523863,2112.6667465251558,737.4582981426681,2117.1880298767296,776.7036267577315,2116.2441486866364,742.5278260355698,2527.5,864.0,2034.0,711.9
2022-02-25,2022-02-25 20:00:00,21,descriptive_stress_5,1692.0,561.3,2051.552612398884,677.2304228683937,2054.227379562595,730.1979058746243,2037.640940461448,716.6799353759692,2041.459423301646,748.2036084924863,2060.8383100307865,724.4348648401693,2390.7,721.2,1963.5,691.5
2022-02-25,2022-02-25 21:00:00,22,descriptive_stress_5,1595.1,562.5,1894.6408377928285,673.9401331966648,1935.0855901898929,731.9489065969096,1909.663331234346,712.5164095741924,1939.2433973241327,733.7593637725905,1973.1606839301685,728.6878839623328,2281.5,694.2,1857.9,653.6999999999999
2022-02-25,2022-02-25 22:00:00,23,descriptive_stress_5,1515.0,570.0,1801.915677458917,697.6516282663761,1788.0605820628143,724.9069482074598,1790.6675007366405,710.1628969934411,1818.663985831471,731.6437373782478,1854.5563876860972,731.8561178367275,2150.1,694.1999999999999,1738.2,675.6
2022-02-25,2022-02-25 23:00:00,24,descriptive_stress_5,1421.1,555.9,1681.8296373933576,704.1560761452371,1638.1810021980652,713.2544113730331,1686.788189543922,699.8335262771918,1724.1329284524384,716.2134886330143,1760.480358151359,724.538972250474,2039.4,694.8,1630.2,699.9000000000001
2022-02-26,2022-02-26 00:00:00,1,descriptive_stress_5,1395.3,565.5,1417.1401393691713,569.9877072014568,1366.3017075552889,560.9041686403817,1389.000825092217,570.6976070879231,1428.7947436068775,562.2279075889511,1420.3550136119686,569.9309976806711,1945.5,690.6,1557.0,685.2
2022-02-26,2022-02-26 01:00:00,2,descriptive_stress_5,1360.2,570.0,1431.520934614219,569.8650999547199,1340.763477258159,565.8786284442061,1360.8815468060782,573.0099438624634,1428.163256182062,574.9530569766706,1414.9011043377604,569.3885559891916,1881.3,716.7,1527.9,692.1
2022-02-26,2022-02-26 02:00:00,3,descriptive_stress_5,1347.9,568.2,1450.354532299947,584.9401104412959,1326.178726126995,573.5662955859956,1371.7105891122103,576.7753081476628,1431.3137480096916,575.9307395691994,1417.4246816725672,566.1809378986609,1873.5,755.4,1527.3,697.8
2022-02-26,2022-02-26 03:00:00,4,descriptive_stress_5,1347.0,569.7,1480.9567800047134,582.1189957172036,1332.6331018157864,571.5109365555069,1381.485371411764,581.9033086787116,1445.2985444074232,578.8746271925013,1428.0034285171978,574.2481825424031,1878.9,770.4,1541.1,701.6999999999999
2022-02-26,2022-02-26 04:00:00,5,descriptive_stress_5,1335.6,563.7,1459.1700379505933,577.7483798222056,1367.768066851784,565.2401064794778,1408.77786325913,584.5715615987168,1474.8376215185644,573.8439573807148,1435.2539641074884,578.7755630396618,1869.0,771.6,1537.2,695.1
2022-02-26,2022-02-26 05:00:00,6,descriptive_stress_5,1357.2,558.9,1526.773357249284,573.8018292375942,1432.6684422840806,561.6194190602017,1447.7888481761124,580.754995388402,1493.9067770956835,562.336935907788,1500.8067959065063,577.0686856201501,1833.3,679.5,1572.0,687.0
2022-02-26,2022-02-26 06:00:00,7,descriptive_stress_5,1444.8,558.0,1509.3480233245173,559.2889165917902,1502.6976094498254,549.2925611393371,1499.357131219655,563.4970706130522,1539.7721095353984,552.2984034847415,1526.5260564183643,560.821847198254,1775.1,615.6,1627.5,671.0999999999999
2022-02-26,2022-02-26 07:00:00,8,descriptive_stress_5,1592.1,550.2,1708.8903445378687,544.9456903317309,1679.9197075930203,600.3939112887405,1656.040488906176,601.1265178544502,1692.1384311206891,605.750795513702,1694.8646737266638,605.5018603294667,1917.3,641.7,1840.2,697.2
2022-02-26,2022-02-26 08:00:00,9,descriptive_stress_5,1879.5,668.1,1912.940816309154,677.8264115835221,1856.7848964422,689.9114557256681,1886.135355387545,718.7139505924182,1870.420165378965,687.8751798863714,1923.3932747275765,694.4709112663893,2296.5,913.5,2254.8,1068.9
2022-02-26,2022-02-26 09:00:00,10,descriptive_stress_5,2007.9,802.5,2048.1693654560186,701.9058286937225,1947.7473019785089,804.8979450007275,1958.118178246976,799.1137638611692,1952.7409859786223,754.8896869621698,2023.640108404604,761.5845699599789,2442.9,1063.8,2488.5,1392.6
2022-02-26,2022-02-26 10:00:00,11,descriptive_stress_5,1935.0,793.5,1934.832578821697,700.5486603914153,1944.1442914299312,757.3527108712588,1979.51966402643,763.3393699542415,1982.453927206236,726.0272809751613,2044.7579903789372,749.3210381977406,2495.4,1007.7,2309.1,1310.7
2022-02-26,2022-02-26 11:00:00,12,descriptive_stress_5,1860.3,729.9,1836.762731863088,669.0615026001217,1873.549809859648,728.6497156565727,1914.4558901356568,747.2615654196595,1938.4539989922887,705.371355680557,2001.8698090656592,715.0372876157572,2512.5,1002.6,2233.8,1209.6
2022-02-26,2022-02-26 12:00:00,13,descriptive_stress_5,1738.2,651.0,1798.685054952909,626.5883062528227,1854.9245720670444,705.6258735741256,1882.722234013313,715.1714617635449,1914.528454151321,677.625841344976,1933.0351346572968,677.4415245735836,2470.2,952.2,2101.8,1082.4
2022-02-26,2022-02-26 13:00:00,14,descriptive_stress_5,1731.3,654.0,1786.6476606839262,609.5772148192743,1842.0093074764543,699.5223053038862,1835.290018141892,678.5659083381711,1870.126690306612,653.4920468051267,1889.4353977898013,642.2001994546796,2333.7,891.3,1943.7,961.2
2022-02-26,2022-02-26 14:00:00,15,descriptive_stress_5,1735.8,657.3,1654.8583183775872,555.7841148423598,1758.7263129149433,692.7627084640812,1747.3623715477725,650.4558415466049,1766.5762030385397,654.9885916583096,1770.3216854720388,631.46933278106,2233.2,714.3,1610.4,644.6999999999999
2022-02-26,2022-02-26 15:00:00,16,descriptive_stress_5,1670.4,626.7,1578.8802324959438,551.7806024190596,1642.5204333685874,656.7834531228058,1688.0215218537635,628.5577114001603,1691.9937389397364,620.3627664110126,1720.3759421859745,604.527302539994,2099.3,699.9,1640.7,610.5
2022-02-26,2022-02-26 16:00:00,17,descriptive_stress_5,1711.5,590.7,1564.1962044341303,487.0374819737176,1607.1847686232015,613.8883850720675,1667.4918393400308,580.0547594918024,1672.5860652147048,580.542113020433,1708.48431788929,571.8650396819844,1983.9,532.5,1650.9,601.5
2022-02-26,2022-02-26 17:00:00,18,descriptive_stress_5,1804.8,599.1,1689.1324601759814,537.838031634948,1673.99631911006,593.6020382126625,1746.5194676582323,567.9813986317362,1754.9349779933116,573.9592670455204,1753.3754267343193,563.3140322518368,2145.9,579.0,1735.8,598.8
2022-02-26,2022-02-26 18:00:00,19,descriptive_stress_5,1770.6,573.3,1790.492004038422,536.3615911671482,1741.1683063937908,583.3042159844512,1830.020545055424,573.9528550997044,1845.335679750085,567.0293553395215,1830.6549158271444,574.1156159387409,2234.7,597.6,1795.5,566.4
2022-02-26,2022-02-26 19:00:00,20,descriptive_stress_5,1728.3,581.1,1838.838154194303,538.9700012333193,1805.492949568462,572.0048356460482,1889.399791206839,562.095705186973,1907.391841777406,569.5044209533123,1898.7680390009743,564.7644177614245,2220.3,584.4,1760.7,550.2
2022-02-26,2022-02-26 20:00:00,21,descriptive_stress_5,1675.8,586.2,1787.5815571271355,543.4845639867917,1780.5964983343608,565.2186630207632,1813.7179514816848,568.8301701538076,1842.1611431320136,567.3154604055487,1833.8072570460504,571.7609398328226,2202.9,596.4,1692.0,561.3
2022-02-26,2022-02-26 21:00:00,22,descriptive_stress_5,1586.7,582.0,1678.6661945408075,534.2226606646649,1643.8597421138368,567.7523467918943,1682.3213596427297,567.8012226599166,1712.6672748592098,565.3282688178365,1690.4132463617534,565.3833976418053,2117.1,580.5,1595.1,562.5
2022-02-26,2022-02-26 22:00:00,23,descriptive_stress_5,1475.4,560.1,1539.502829995299,541.6139657356636,1463.5675220467106,562.3573994605003,1557.881471407448,570.8253004665177,1600.587076511243,561.6926645455765,1566.438711212243,560.0357330376414,2012.1,589.8,1515.0,570.0
2022-02-26,2022-02-26 23:00:00,24,descriptive_stress_5,1413.9,552.0,1401.0737469043356,515.3161840382717,1342.4972523180936,551.6598178324433,1439.393461908283,553.7124127177477,1482.7640633403769,548.3516742457675,1459.0900400269502,546.8346969456253,1885.2,574.2,1421.1,555.9
2022-02-27,2022-02-27 00:00:00,1,descriptive_stress_5,1358.4,561.3,1352.9987501177077,526.3056293355182,1327.971009409114,529.0487427282708,1352.0524082836034,524.6915707075951,1370.1455937134135,532.3692952713902,1360.353503218096,531.2388261119598,1803.6,597.3,1395.3,565.5
2022-02-27,2022-02-27 01:00:00,2,descriptive_stress_5,1331.4,559.5,1319.00272356879,497.031625264414,1284.0733925043469,512.8969132410064,1302.737555248343,515.0173015845459,1330.208860756099,525.8761054203945,1322.6049252110813,518.7285321788498,1737.9,618.0,1360.2,570.0
2022-02-27,2022-02-27 02:00:00,3,descriptive_stress_5,1332.9,570.9,1296.4336403760622,493.91319626334064,1273.6215787653375,502.0376994678842,1289.3765785904106,513.4820562361376,1310.9798771859555,519.9867734175394,1313.7010831352902,515.3379473576717,1691.1,624.3,1347.9,568.2
2022-02-27,2022-02-27 03:00:00,4,descriptive_stress_5,1333.5,567.6,1303.2071363484347,491.98489360921377,1267.3139973867358,492.7502164422928,1304.309913131541,500.9544088043817,1309.7849281466458,511.964630088131,1311.1130796190823,510.081448795844,1648.5,634.5,1347.0,569.7
2022-02-27,2022-02-27 04:00:00,5,descriptive_stress_5,1343.1,565.5,1295.2506972728854,488.9451942980074,1304.7172414828742,479.1061981818,1335.158761329674,486.81063575623546,1336.1257222741317,497.3146406607733,1331.627111343916,496.43315109572393,1674.9,651.6,1335.6,563.7
2022-02-27,2022-02-27 05:00:00,6,descriptive_stress_5,1355.7,555.0,1340.0606256622225,497.2998147048976,1349.6292193826182,461.2273752311926,1371.5138045975816,488.0680202070592,1369.0613030640145,488.7555300869887,1355.2783988407732,479.77218224948814,1692.3,651.6,1357.2,558.9
2022-02-27,2022-02-27 06:00:00,7,descriptive_stress_5,1413.0,555.3,1403.7748405009484,496.6285622212565,1415.7852214191212,455.66778215833335,1451.2291018217225,492.7943338225603,1448.0631416811907,487.66768273331166,1429.8914469150889,473.8170892834544,1736.1,636.3,1444.8,558.0
2022-02-27,2022-02-27 07:00:00,8,descriptive_stress_5,1553.7,552.0,1562.494345598477,516.3328579888371,1581.1662846347388,521.3485152583044,1598.8306400684328,529.0163714887681,1621.8894349968189,540.8079246208623,1594.6322775996164,514.7533005566232,1857.3,677.4,1592.1,550.2
2022-02-27,2022-02-27 08:00:00,9,descriptive_stress_5,1857.0,753.3,1807.8121768990784,643.9393786080999,1811.481697669173,624.6102426059417,1844.627843944996,633.7582438270581,1825.1494668008304,655.7314536829792,1826.4391198411552,614.7817047591718,1994.1,714.6,1879.5,668.1
2022-02-27,2022-02-27 09:00:00,10,descriptive_stress_5,2049.9,870.0,1985.839607317328,728.0676525251675,1877.1217943560605,653.2498404261725,1933.8864360190576,685.3280521618522,1932.1286271300628,727.1595660844754,1925.5905072165629,646.7872513300366,2056.8,708.0,2007.9,802.5
2022-02-27,2022-02-27 10:00:00,11,descriptive_stress_5,2120.7,937.8,1978.2436182802508,707.5486749586785,1834.3785357783,624.3574476203584,1872.4696813195296,657.3863935685735,1882.9521453651064,703.7971169407923,1874.767333223908,652.1759307020549,2097.9,693.9,1935.0,793.5
2022-02-27,2022-02-27 11:00:00,12,descriptive_stress_5,2085.9,914.1,1943.7618983466025,684.1693063786742,1765.3612852564827,608.5823750203441,1803.9871191586133,643.35607054478,1809.3069648473488,690.3834698890661,1827.8402539581448,657.9039170506865,2067.9,661.8,1860.3,729.9
2022-02-27,2022-02-27 12:00:00,13,descriptive_stress_5,1998.9,822.3,1928.564387235512,666.3812037419628,1778.4865753368658,597.8927010520014,1812.3338092853664,633.8815651306456,1819.8170031454165,663.9407487576581,1805.7193801958804,634.8831450747653,1997.7,616.5,1738.2,651.0
2022-02-27,2022-02-27 13:00:00,14,descriptive_stress_5,1831.8,707.4,1867.2220493806783,640.9528314991969,1744.877116498823,593.2385289854911,1798.186515886606,640.0733367259028,1790.602300913586,653.054248526496,1794.0675564726046,629.9332455701818,1957.8,618.3,1731.3,654.0
2022-02-27,2022-02-27 14:00:00,15,descriptive_stress_5,1779.6,632.7,1807.0268610013009,678.6794404579992,1717.9619722616726,590.4072830442605,1781.1924479605543,645.8874693210892,1771.3194629191014,652.0120639951642,1772.593859645014,628.390983345863,2022.9,666.3,1735.8,657.3
2022-02-27,2022-02-27 15:00:00,16,descriptive_stress_5,1712.7,616.5,1718.3723208516412,622.018192054876,1629.7035834725,570.96004475467,1722.1894444001457,620.2454180196977,1693.2194613541394,626.1933612123557,1695.2875269004337,592.0765435555,2032.8,652.8,1670.4,626.7
2022-02-27,2022-02-27 16:00:00,17,descriptive_stress_5,1686.3,571.8,1742.635716204407,568.0184766002824,1638.0237522884402,546.61104229468,1731.883831273519,574.4625606038096,1718.1072753384865,580.7111461927224,1690.459358696412,543.0970958752462,1958.7,574.8,1711.5,590.7
2022-02-27,2022-02-27 17:00:00,18,descriptive_stress_5,1763.7,568.5,1837.1119752813413,560.3080547106592,1714.107394494968,523.0767875925258,1802.548745999176,540.0261002512309,1789.6810065951024,559.8180864584925,1776.529610738063,533.3923778309254,2068.8,591.3,1804.8,599.1
2022-02-27,2022-02-27 18:00:00,19,descriptive_stress_5,1805.1,547.8,1867.247593440736,551.3728228165685,1775.3377546732545,514.8818839786769,1855.406823723565,528.6621849699403,1832.7192318128132,545.8485165876268,1795.1815229142053,520.9775260596954,2150.1,585.9,1770.6,573.3
2022-02-27,2022-02-27 19:00:00,20,descriptive_stress_5,1753.8,558.6,1896.324341639115,553.2132936530874,1835.2281782517264,503.1847614733502,1879.4916208007344,529.3976360757309,1854.763334411973,533.7431198828459,1820.0808256852597,517.891451558379,2234.1,591.0,1728.3,581.1
2022-02-27,2022-02-27 20:00:00,21,descriptive_stress_5,1689.6,555.3,1798.791314771028,523.0059464039423,1765.4609520046072,491.3967030214225,1820.470871064048,509.8624476826492,1785.2953545084906,523.3717783552952,1748.3364149066313,502.2184851124357,2201.7,603.6,1675.8,586.2
2022-02-27,2022-02-27 21:00:00,22,descriptive_stress_5,1622.4,545.1,1711.9509063247756,505.7393612147601,1625.919579597485,492.9872079835266,1680.5790310280563,506.3215408884474,1669.326901891172,522.5213363728946,1634.0377795973902,506.5273472821405,2112.0,576.0,1586.7,582.0
2022-02-27,2022-02-27 22:00:00,23,descriptive_stress_5,1527.9,537.9,1545.7260705047731,498.8788868576265,1454.3128066171546,485.2708422526144,1543.3894202212523,497.4869307182966,1554.1752745586257,515.1181788192106,1504.721523419688,489.7027135876595,1941.0,568.5,1475.4,560.1
2022-02-27,2022-02-27 23:00:00,24,descriptive_stress_5,1457.1,543.9,1438.3249528121487,460.312659696208,1336.5291025698311,473.4324768350414,1434.11286411876,481.3903048850585,1440.6393579089988,495.11819335062495,1421.2219181810744,468.8344226080413,1839.0,596.4,1413.9,552.0
2022-02-28,2022-02-28 00:00:00,1,descriptive_stress_5,1398.3,537.9,1406.192877642174,533.9906271158708,1372.1817085112727,516.5818906500216,1393.2462145985255,513.9497515611292,1385.1289703488287,524.3854346894603,1390.2155226323491,539.7247864857368,1715.4,603.3,1358.4,561.3
2022-02-28,2022-02-28 01:00:00,2,descriptive_stress_5,1361.4,545.4,1350.907075557673,556.7426732521267,1322.2501082472345,508.051037752688,1339.6073107033117,509.5283039891249,1344.2868475909315,516.4420316716929,1365.4621695029773,542.3604310306017,1633.8,608.7,1331.4,559.5
2022-02-28,2022-02-28 02:00:00,3,descriptive_stress_5,1357.5,548.1,1292.2031756201568,548.2228510235924,1300.5395314976856,495.0085998552779,1305.901306409961,502.2495408687324,1320.6989175736308,504.5722600226137,1359.1782357623465,525.7905204447359,1599.3,621.3,1332.9,570.9
2022-02-28,2022-02-28 03:00:00,4,descriptive_stress_5,1358.7,553.2,1281.4007887468065,539.014204781473,1304.3388094141942,486.86737278456286,1320.8370136698052,488.2239744373691,1316.193456979924,499.2753931442662,1357.49148856839,515.7095427935881,1585.8,618.6,1333.5,567.6
2022-02-28,2022-02-28 04:00:00,5,descriptive_stress_5,1348.5,544.5,1325.1476551833282,541.8308123703628,1338.3420200055923,477.4027420835329,1350.1141822287914,483.0204371729252,1341.3376704060242,486.7770544835936,1403.9811191449785,510.1933917448487,1603.5,621.0,1343.1,565.5
2022-02-28,2022-02-28 05:00:00,6,descriptive_stress_5,1377.6,536.1,1372.8643574919663,530.7941317412083,1401.8055377402245,462.0916253110362,1413.1816610504595,480.740368905206,1401.234984272705,478.9017462399865,1451.7393219195942,492.0415032511264,1702.5,618.0,1355.7,555.0
2022-02-28,2022-02-28 06:00:00,7,descriptive_stress_5,1438.5,525.3,1534.6509957918984,537.4630632792413,1502.1369244167142,457.69771563706126,1547.7347281284956,472.94936380844376,1494.5177368694865,469.7800785128017,1589.5310498727902,485.19270623380993,1775.1,589.8,1413.0,555.3
2022-02-28,2022-02-28 07:00:00,8,descriptive_stress_5,1642.8,567.9,1726.5778126374694,638.1626968741439,1717.274261935028,581.5495220261362,1728.48219819498,558.895530901606,1690.663620714481,571.2591089006008,1755.7999465207274,587.8735266060066,2037.3,648.3,1553.7,552.0
2022-02-28,2022-02-28 08:00:00,9,descriptive_stress_5,1994.1,794.1,2005.3684107705667,912.5602094001094,1998.6775954985435,899.264320032078,2016.5580574067144,867.6966103336323,1954.2493252899003,881.5530979414207,2038.344387139564,918.8293878348316,2147.4,751.5,1857.0,753.3
2022-02-28,2022-02-28 09:00:00,10,descriptive_stress_5,2306.7,1021.5,2245.979512436653,1109.9380764751288,2199.241351487016,1134.632179348779,2245.464044698821,1048.1912865501292,2213.6305262474607,1101.9861467941514,2233.796248714677,1127.327380219608,2401.8,1079.7,2049.9,870.0
2022-02-28,2022-02-28 10:00:00,11,descriptive_stress_5,2407.5,1188.9,2270.1294038085275,1158.968431881213,2219.117369304307,1129.741206217447,2291.535936211842,1095.2596561476216,2255.84043863066,1128.3920583074894,2248.509254174102,1111.1742816755436,2412.6,1071.9,2120.7,937.8
2022-02-28,2022-02-28 11:00:00,12,descriptive_stress_5,2285.1,1095.9,2224.7337036148897,1122.952767350701,2155.710649019386,1108.299313241111,2267.485837718042,1118.3233002590237,2234.7020399164576,1131.7229715950214,2190.04082404389,1104.0246782634522,2335.5,1080.9,2085.9,914.1
2022-02-28,2022-02-28 12:00:00,13,descriptive_stress_5,2150.7,1067.1,2099.409492224307,1086.9057538298937,2134.945975645563,1096.8892829629292,2213.948584091565,1067.893575448525,2187.7616431839865,1115.4786750917417,2131.792166992032,1098.4374723121796,2333.7,1058.1,1998.9,822.3
2022-02-28,2022-02-28 13:00:00,14,descriptive_stress_5,2007.0,952.8,2124.709837363657,1032.9038256739025,2110.997381528113,1134.264379260416,2139.672524010926,1107.1649970410458,2134.297358116157,1140.1246995939648,2088.376793097521,1113.7858679474327,2285.1,984.6,1831.8,707.4
2022-02-28,2022-02-28 14:00:00,15,descriptive_stress_5,1926.6,892.8,2108.5492901778334,1048.8326373774726,2094.372856864195,1137.6346837858205,2118.561743568231,1118.2096706885602,2123.207895370069,1133.0360712623617,2121.913399529016,1116.1002971740895,2347.2,1034.1,1779.6,632.7
2022-02-28,2022-02-28 15:00:00,16,descriptive_stress_5,1818.0,711.9000000000001,2067.124332902604,967.2171835358232,2025.640053862783,1028.8141474097874,2068.465521544298,1013.4788682895908,2052.5411015017166,1020.0983651193644,2049.612496869695,997.4723118367972,2466.0,1105.2,1712.7,616.5
2022-02-28,2022-02-28 16:00:00,17,descriptive_stress_5,1787.7,543.3,2048.424053053026,729.8529148761596,1978.1548384669825,832.6863485717136,2010.913204565107,798.9858885703572,2001.0880140687373,797.7651863174412,1995.0705741699007,818.6530167703352,2294.7,848.1,1686.3,571.8
2022-02-28,2022-02-28 17:00:00,18,descriptive_stress_5,1837.5,528.3,2077.2949520816005,692.2638057811814,2065.7905811986566,726.5837389986417,2072.174477615581,704.4964191858649,2021.344563976392,713.616076410795,2043.434171118112,715.6816101865862,2319.9,844.1999999999999,1763.7,568.5
2022-02-28,2022-02-28 18:00:00,19,descriptive_stress_5,1841.7,522.9,2089.280606280593,675.9017067366772,2111.7889855222165,687.9465433951736,2086.02444514141,673.5605201970932,2044.9295670365664,687.9663199708818,2063.7350587236638,709.2608302980457,2338.2,731.3,1805.1,547.8
2022-02-28,2022-02-28 19:00:00,20,descriptive_stress_5,1781.7,512.1,2073.991200983837,683.5792777524462,2085.88011711703,645.9600813678014,2050.613318915335,663.5048714938279,2009.751571210346,674.5866628043273,2030.9932863171944,696.1909281620148,2340.3,713.1,1753.8,558.6
2022-02-28,2022-02-28 20:00:00,21,descriptive_stress_5,1716.0,516.9,2058.5933445796363,693.6093531260578,2017.9679050554591,635.0522997738431,2002.2202864896817,655.5072889410116,1945.0557839881355,670.7687195825811,1963.7069394683872,671.4749016647888,2266.8,681.0,1689.6,555.3
2022-02-28,2022-02-28 21:00:00,22,descriptive_stress_5,1620.0,516.6,1971.6959844198764,704.4417575409818,1891.0413600259465,636.7478691894717,1893.500469499257,664.0764547854405,1832.5477081906092,676.0967548130967,1895.1432261808568,670.6276457424785,2242.8,690.9,1622.4,545.1
2022-02-28,2022-02-28 22:00:00,23,descriptive_stress_5,1541.1,520.2,1843.7008640111328,672.7266227849923,1725.142011722078,625.5520392483226,1764.8663962939925,640.8808207309514,1700.0339936183173,664.87691674182,1781.5017871629325,667.1895130702687,2115.6,693.0,1527.9,537.9
2022-02-28,2022-02-28 23:00:00,24,descriptive_stress_5,1463.7,531.0,1657.7169269132687,663.1667162854276,1569.2113487432175,602.4672842430272,1617.6495266172103,628.7722341557093,1590.019971760351,639.4977323935875,1647.1513850047877,656.0138425617863,1974.6,707.4,1457.1,543.9
